-- Adminer 4.2.1 MySQL dump

SET NAMES utf8;
SET time_zone = '+00:00';
SET foreign_key_checks = 0;
SET sql_mode = 'NO_AUTO_VALUE_ON_ZERO';

CREATE DATABASE `ektest` /*!40100 DEFAULT CHARACTER SET utf8 */;
USE `ektest`;

DROP TABLE IF EXISTS `llx_accountingaccount`;
CREATE TABLE `llx_accountingaccount` (
  `rowid` int(11) NOT NULL AUTO_INCREMENT,
  `fk_pcg_version` varchar(12) NOT NULL,
  `pcg_type` varchar(20) NOT NULL,
  `pcg_subtype` varchar(20) NOT NULL,
  `account_number` varchar(20) NOT NULL,
  `account_parent` varchar(20) DEFAULT NULL,
  `label` varchar(128) NOT NULL,
  `active` tinyint(4) NOT NULL DEFAULT '1',
  PRIMARY KEY (`rowid`),
  KEY `idx_accountingaccount_fk_pcg_version` (`fk_pcg_version`),
  CONSTRAINT `fk_accountingaccount_fk_pcg_version` FOREIGN KEY (`fk_pcg_version`) REFERENCES `llx_accounting_system` (`pcg_version`)
) ENGINE=InnoDB DEFAULT CHARSET=utf8;

INSERT INTO `llx_accountingaccount` (`rowid`, `fk_pcg_version`, `pcg_type`, `pcg_subtype`, `account_number`, `account_parent`, `label`, `active`) VALUES
(1,	'PCG99-ABREGE',	'CAPIT',	'CAPITAL',	'101',	'1',	'Capital',	1),
(2,	'PCG99-ABREGE',	'CAPIT',	'XXXXXX',	'105',	'1',	'Ecarts de réévaluation',	1),
(3,	'PCG99-ABREGE',	'CAPIT',	'XXXXXX',	'1061',	'1',	'Réserve légale',	1),
(4,	'PCG99-ABREGE',	'CAPIT',	'XXXXXX',	'1063',	'1',	'Réserves statutaires ou contractuelles',	1),
(5,	'PCG99-ABREGE',	'CAPIT',	'XXXXXX',	'1064',	'1',	'Réserves réglementées',	1),
(6,	'PCG99-ABREGE',	'CAPIT',	'XXXXXX',	'1068',	'1',	'Autres réserves',	1),
(7,	'PCG99-ABREGE',	'CAPIT',	'XXXXXX',	'108',	'1',	'Compte de l\'exploitant',	1),
(8,	'PCG99-ABREGE',	'CAPIT',	'XXXXXX',	'12',	'1',	'Résultat de l\'exercice',	1),
(9,	'PCG99-ABREGE',	'CAPIT',	'XXXXXX',	'145',	'1',	'Amortissements dérogatoires',	1),
(10,	'PCG99-ABREGE',	'CAPIT',	'XXXXXX',	'146',	'1',	'Provision spéciale de réévaluation',	1),
(11,	'PCG99-ABREGE',	'CAPIT',	'XXXXXX',	'147',	'1',	'Plus-values réinvesties',	1),
(12,	'PCG99-ABREGE',	'CAPIT',	'XXXXXX',	'148',	'1',	'Autres provisions réglementées',	1),
(13,	'PCG99-ABREGE',	'CAPIT',	'XXXXXX',	'15',	'1',	'Provisions pour risques et charges',	1),
(14,	'PCG99-ABREGE',	'CAPIT',	'XXXXXX',	'16',	'1',	'Emprunts et dettes assimilees',	1),
(15,	'PCG99-ABREGE',	'IMMO',	'XXXXXX',	'20',	'2',	'Immobilisations incorporelles',	1),
(16,	'PCG99-ABREGE',	'IMMO',	'XXXXXX',	'201',	'20',	'Frais d\'établissement',	1),
(17,	'PCG99-ABREGE',	'IMMO',	'XXXXXX',	'206',	'20',	'Droit au bail',	1),
(18,	'PCG99-ABREGE',	'IMMO',	'XXXXXX',	'207',	'20',	'Fonds commercial',	1),
(19,	'PCG99-ABREGE',	'IMMO',	'XXXXXX',	'208',	'20',	'Autres immobilisations incorporelles',	1),
(20,	'PCG99-ABREGE',	'IMMO',	'XXXXXX',	'21',	'2',	'Immobilisations corporelles',	1),
(21,	'PCG99-ABREGE',	'IMMO',	'XXXXXX',	'23',	'2',	'Immobilisations en cours',	1),
(22,	'PCG99-ABREGE',	'IMMO',	'XXXXXX',	'27',	'2',	'Autres immobilisations financieres',	1),
(23,	'PCG99-ABREGE',	'IMMO',	'XXXXXX',	'280',	'2',	'Amortissements des immobilisations incorporelles',	1),
(24,	'PCG99-ABREGE',	'IMMO',	'XXXXXX',	'281',	'2',	'Amortissements des immobilisations corporelles',	1),
(25,	'PCG99-ABREGE',	'IMMO',	'XXXXXX',	'290',	'2',	'Provisions pour dépréciation des immobilisations incorporelles',	1),
(26,	'PCG99-ABREGE',	'IMMO',	'XXXXXX',	'291',	'2',	'Provisions pour dépréciation des immobilisations corporelles',	1),
(27,	'PCG99-ABREGE',	'IMMO',	'XXXXXX',	'297',	'2',	'Provisions pour dépréciation des autres immobilisations financières',	1),
(28,	'PCG99-ABREGE',	'STOCK',	'XXXXXX',	'31',	'3',	'Matieres premières',	1),
(29,	'PCG99-ABREGE',	'STOCK',	'XXXXXX',	'32',	'3',	'Autres approvisionnements',	1),
(30,	'PCG99-ABREGE',	'STOCK',	'XXXXXX',	'33',	'3',	'En-cours de production de biens',	1),
(31,	'PCG99-ABREGE',	'STOCK',	'XXXXXX',	'34',	'3',	'En-cours de production de services',	1),
(32,	'PCG99-ABREGE',	'STOCK',	'XXXXXX',	'35',	'3',	'Stocks de produits',	1),
(33,	'PCG99-ABREGE',	'STOCK',	'XXXXXX',	'37',	'3',	'Stocks de marchandises',	1),
(34,	'PCG99-ABREGE',	'STOCK',	'XXXXXX',	'391',	'3',	'Provisions pour dépréciation des matières premières',	1),
(35,	'PCG99-ABREGE',	'STOCK',	'XXXXXX',	'392',	'3',	'Provisions pour dépréciation des autres approvisionnements',	1),
(36,	'PCG99-ABREGE',	'STOCK',	'XXXXXX',	'393',	'3',	'Provisions pour dépréciation des en-cours de production de biens',	1),
(37,	'PCG99-ABREGE',	'STOCK',	'XXXXXX',	'394',	'3',	'Provisions pour dépréciation des en-cours de production de services',	1),
(38,	'PCG99-ABREGE',	'STOCK',	'XXXXXX',	'395',	'3',	'Provisions pour dépréciation des stocks de produits',	1),
(39,	'PCG99-ABREGE',	'STOCK',	'XXXXXX',	'397',	'3',	'Provisions pour dépréciation des stocks de marchandises',	1),
(40,	'PCG99-ABREGE',	'TIERS',	'SUPPLIER',	'400',	'4',	'Fournisseurs et Comptes rattachés',	1),
(41,	'PCG99-ABREGE',	'TIERS',	'XXXXXX',	'409',	'4',	'Fournisseurs débiteurs',	1),
(42,	'PCG99-ABREGE',	'TIERS',	'CUSTOMER',	'410',	'4',	'Clients et Comptes rattachés',	1),
(43,	'PCG99-ABREGE',	'TIERS',	'XXXXXX',	'419',	'4',	'Clients créditeurs',	1),
(44,	'PCG99-ABREGE',	'TIERS',	'XXXXXX',	'421',	'4',	'Personnel',	1),
(45,	'PCG99-ABREGE',	'TIERS',	'XXXXXX',	'428',	'4',	'Personnel',	1),
(46,	'PCG99-ABREGE',	'TIERS',	'XXXXXX',	'43',	'4',	'Sécurité sociale et autres organismes sociaux',	1),
(47,	'PCG99-ABREGE',	'TIERS',	'XXXXXX',	'444',	'4',	'Etat - impôts sur bénéfice',	1),
(48,	'PCG99-ABREGE',	'TIERS',	'XXXXXX',	'445',	'4',	'Etat - Taxes sur chiffre affaires',	1),
(49,	'PCG99-ABREGE',	'TIERS',	'XXXXXX',	'447',	'4',	'Autres impôts, taxes et versements assimilés',	1),
(50,	'PCG99-ABREGE',	'TIERS',	'XXXXXX',	'45',	'4',	'Groupe et associes',	1),
(51,	'PCG99-ABREGE',	'TIERS',	'XXXXXX',	'455',	'45',	'Associés',	1),
(52,	'PCG99-ABREGE',	'TIERS',	'XXXXXX',	'46',	'4',	'Débiteurs divers et créditeurs divers',	1),
(53,	'PCG99-ABREGE',	'TIERS',	'XXXXXX',	'47',	'4',	'Comptes transitoires ou d\'attente',	1),
(54,	'PCG99-ABREGE',	'TIERS',	'XXXXXX',	'481',	'4',	'Charges à répartir sur plusieurs exercices',	1),
(55,	'PCG99-ABREGE',	'TIERS',	'XXXXXX',	'486',	'4',	'Charges constatées d\'avance',	1),
(56,	'PCG99-ABREGE',	'TIERS',	'XXXXXX',	'487',	'4',	'Produits constatés d\'avance',	1),
(57,	'PCG99-ABREGE',	'TIERS',	'XXXXXX',	'491',	'4',	'Provisions pour dépréciation des comptes de clients',	1),
(58,	'PCG99-ABREGE',	'TIERS',	'XXXXXX',	'496',	'4',	'Provisions pour dépréciation des comptes de débiteurs divers',	1),
(59,	'PCG99-ABREGE',	'FINAN',	'XXXXXX',	'50',	'5',	'Valeurs mobilières de placement',	1),
(60,	'PCG99-ABREGE',	'FINAN',	'BANK',	'51',	'5',	'Banques, établissements financiers et assimilés',	1),
(61,	'PCG99-ABREGE',	'FINAN',	'CASH',	'53',	'5',	'Caisse',	1),
(62,	'PCG99-ABREGE',	'FINAN',	'XXXXXX',	'54',	'5',	'Régies d\'avance et accréditifs',	1),
(63,	'PCG99-ABREGE',	'FINAN',	'XXXXXX',	'58',	'5',	'Virements internes',	1),
(64,	'PCG99-ABREGE',	'FINAN',	'XXXXXX',	'590',	'5',	'Provisions pour dépréciation des valeurs mobilières de placement',	1),
(65,	'PCG99-ABREGE',	'CHARGE',	'PRODUCT',	'60',	'6',	'Achats',	1),
(66,	'PCG99-ABREGE',	'CHARGE',	'XXXXXX',	'603',	'60',	'Variations des stocks',	1),
(67,	'PCG99-ABREGE',	'CHARGE',	'SERVICE',	'61',	'6',	'Services extérieurs',	1),
(68,	'PCG99-ABREGE',	'CHARGE',	'XXXXXX',	'62',	'6',	'Autres services extérieurs',	1),
(69,	'PCG99-ABREGE',	'CHARGE',	'XXXXXX',	'63',	'6',	'Impôts, taxes et versements assimiles',	1),
(70,	'PCG99-ABREGE',	'CHARGE',	'XXXXXX',	'641',	'6',	'Rémunérations du personnel',	1),
(71,	'PCG99-ABREGE',	'CHARGE',	'XXXXXX',	'644',	'6',	'Rémunération du travail de l\'exploitant',	1),
(72,	'PCG99-ABREGE',	'CHARGE',	'SOCIAL',	'645',	'6',	'Charges de sécurité sociale et de prévoyance',	1),
(73,	'PCG99-ABREGE',	'CHARGE',	'XXXXXX',	'646',	'6',	'Cotisations sociales personnelles de l\'exploitant',	1),
(74,	'PCG99-ABREGE',	'CHARGE',	'XXXXXX',	'65',	'6',	'Autres charges de gestion courante',	1),
(75,	'PCG99-ABREGE',	'CHARGE',	'XXXXXX',	'66',	'6',	'Charges financières',	1),
(76,	'PCG99-ABREGE',	'CHARGE',	'XXXXXX',	'67',	'6',	'Charges exceptionnelles',	1),
(77,	'PCG99-ABREGE',	'CHARGE',	'XXXXXX',	'681',	'6',	'Dotations aux amortissements et aux provisions',	1),
(78,	'PCG99-ABREGE',	'CHARGE',	'XXXXXX',	'686',	'6',	'Dotations aux amortissements et aux provisions',	1),
(79,	'PCG99-ABREGE',	'CHARGE',	'XXXXXX',	'687',	'6',	'Dotations aux amortissements et aux provisions',	1),
(80,	'PCG99-ABREGE',	'CHARGE',	'XXXXXX',	'691',	'6',	'Participation des salariés aux résultats',	1),
(81,	'PCG99-ABREGE',	'CHARGE',	'XXXXXX',	'695',	'6',	'Impôts sur les bénéfices',	1),
(82,	'PCG99-ABREGE',	'CHARGE',	'XXXXXX',	'697',	'6',	'Imposition forfaitaire annuelle des sociétés',	1),
(83,	'PCG99-ABREGE',	'CHARGE',	'XXXXXX',	'699',	'6',	'Produits',	1),
(84,	'PCG99-ABREGE',	'PROD',	'PRODUCT',	'701',	'7',	'Ventes de produits finis',	1),
(85,	'PCG99-ABREGE',	'PROD',	'SERVICE',	'706',	'7',	'Prestations de services',	1),
(86,	'PCG99-ABREGE',	'PROD',	'PRODUCT',	'707',	'7',	'Ventes de marchandises',	1),
(87,	'PCG99-ABREGE',	'PROD',	'PRODUCT',	'708',	'7',	'Produits des activités annexes',	1),
(88,	'PCG99-ABREGE',	'PROD',	'XXXXXX',	'709',	'7',	'Rabais, remises et ristournes accordés par l\'entreprise',	1),
(89,	'PCG99-ABREGE',	'PROD',	'XXXXXX',	'713',	'7',	'Variation des stocks',	1),
(90,	'PCG99-ABREGE',	'PROD',	'XXXXXX',	'72',	'7',	'Production immobilisée',	1),
(91,	'PCG99-ABREGE',	'PROD',	'XXXXXX',	'73',	'7',	'Produits nets partiels sur opérations à long terme',	1),
(92,	'PCG99-ABREGE',	'PROD',	'XXXXXX',	'74',	'7',	'Subventions d\'exploitation',	1),
(93,	'PCG99-ABREGE',	'PROD',	'XXXXXX',	'75',	'7',	'Autres produits de gestion courante',	1),
(94,	'PCG99-ABREGE',	'PROD',	'XXXXXX',	'753',	'75',	'Jetons de présence et rémunérations d\'administrateurs, gérants,...',	1),
(95,	'PCG99-ABREGE',	'PROD',	'XXXXXX',	'754',	'75',	'Ristournes perçues des coopératives',	1),
(96,	'PCG99-ABREGE',	'PROD',	'XXXXXX',	'755',	'75',	'Quotes-parts de résultat sur opérations faites en commun',	1),
(97,	'PCG99-ABREGE',	'PROD',	'XXXXXX',	'76',	'7',	'Produits financiers',	1),
(98,	'PCG99-ABREGE',	'PROD',	'XXXXXX',	'77',	'7',	'Produits exceptionnels',	1),
(99,	'PCG99-ABREGE',	'PROD',	'XXXXXX',	'781',	'7',	'Reprises sur amortissements et provisions',	1),
(100,	'PCG99-ABREGE',	'PROD',	'XXXXXX',	'786',	'7',	'Reprises sur provisions pour risques',	1),
(101,	'PCG99-ABREGE',	'PROD',	'XXXXXX',	'787',	'7',	'Reprises sur provisions',	1),
(102,	'PCG99-ABREGE',	'PROD',	'XXXXXX',	'79',	'7',	'Transferts de charges',	1),
(103,	'PCG99-BASE',	'CAPIT',	'XXXXXX',	'10',	'1',	'Capital  et réserves',	1),
(104,	'PCG99-BASE',	'CAPIT',	'CAPITAL',	'101',	'10',	'Capital',	1),
(105,	'PCG99-BASE',	'CAPIT',	'XXXXXX',	'104',	'10',	'Primes liées au capital social',	1),
(106,	'PCG99-BASE',	'CAPIT',	'XXXXXX',	'105',	'10',	'Ecarts de réévaluation',	1),
(107,	'PCG99-BASE',	'CAPIT',	'XXXXXX',	'106',	'10',	'Réserves',	1),
(108,	'PCG99-BASE',	'CAPIT',	'XXXXXX',	'107',	'10',	'Ecart d\'equivalence',	1),
(109,	'PCG99-BASE',	'CAPIT',	'XXXXXX',	'108',	'10',	'Compte de l\'exploitant',	1),
(110,	'PCG99-BASE',	'CAPIT',	'XXXXXX',	'109',	'10',	'Actionnaires : capital souscrit - non appelé',	1),
(111,	'PCG99-BASE',	'CAPIT',	'XXXXXX',	'11',	'1',	'Report à nouveau (solde créditeur ou débiteur)',	1),
(112,	'PCG99-BASE',	'CAPIT',	'XXXXXX',	'110',	'11',	'Report à nouveau (solde créditeur)',	1),
(113,	'PCG99-BASE',	'CAPIT',	'XXXXXX',	'119',	'11',	'Report à nouveau (solde débiteur)',	1),
(114,	'PCG99-BASE',	'CAPIT',	'XXXXXX',	'12',	'1',	'Résultat de l\'exercice (bénéfice ou perte)',	1),
(115,	'PCG99-BASE',	'CAPIT',	'XXXXXX',	'120',	'12',	'Résultat de l\'exercice (bénéfice)',	1),
(116,	'PCG99-BASE',	'CAPIT',	'XXXXXX',	'129',	'12',	'Résultat de l\'exercice (perte)',	1),
(117,	'PCG99-BASE',	'CAPIT',	'XXXXXX',	'13',	'1',	'Subventions d\'investissement',	1),
(118,	'PCG99-BASE',	'CAPIT',	'XXXXXX',	'131',	'13',	'Subventions d\'équipement',	1),
(119,	'PCG99-BASE',	'CAPIT',	'XXXXXX',	'138',	'13',	'Autres subventions d\'investissement',	1),
(120,	'PCG99-BASE',	'CAPIT',	'XXXXXX',	'139',	'13',	'Subventions d\'investissement inscrites au compte de résultat',	1),
(121,	'PCG99-BASE',	'CAPIT',	'XXXXXX',	'14',	'1',	'Provisions réglementées',	1),
(122,	'PCG99-BASE',	'CAPIT',	'XXXXXX',	'142',	'14',	'Provisions réglementées relatives aux immobilisations',	1),
(123,	'PCG99-BASE',	'CAPIT',	'XXXXXX',	'143',	'14',	'Provisions réglementées relatives aux stocks',	1),
(124,	'PCG99-BASE',	'CAPIT',	'XXXXXX',	'144',	'14',	'Provisions réglementées relatives aux autres éléments de l\'actif',	1),
(125,	'PCG99-BASE',	'CAPIT',	'XXXXXX',	'145',	'14',	'Amortissements dérogatoires',	1),
(126,	'PCG99-BASE',	'CAPIT',	'XXXXXX',	'146',	'14',	'Provision spéciale de réévaluation',	1),
(127,	'PCG99-BASE',	'CAPIT',	'XXXXXX',	'147',	'14',	'Plus-values réinvesties',	1),
(128,	'PCG99-BASE',	'CAPIT',	'XXXXXX',	'148',	'14',	'Autres provisions réglementées',	1),
(129,	'PCG99-BASE',	'CAPIT',	'XXXXXX',	'15',	'1',	'Provisions pour risques et charges',	1),
(130,	'PCG99-BASE',	'CAPIT',	'XXXXXX',	'151',	'15',	'Provisions pour risques',	1),
(131,	'PCG99-BASE',	'CAPIT',	'XXXXXX',	'153',	'15',	'Provisions pour pensions et obligations similaires',	1),
(132,	'PCG99-BASE',	'CAPIT',	'XXXXXX',	'154',	'15',	'Provisions pour restructurations',	1),
(133,	'PCG99-BASE',	'CAPIT',	'XXXXXX',	'155',	'15',	'Provisions pour impôts',	1),
(134,	'PCG99-BASE',	'CAPIT',	'XXXXXX',	'156',	'15',	'Provisions pour renouvellement des immobilisations (entreprises concessionnaires)',	1),
(135,	'PCG99-BASE',	'CAPIT',	'XXXXXX',	'157',	'15',	'Provisions pour charges à répartir sur plusieurs exercices',	1),
(136,	'PCG99-BASE',	'CAPIT',	'XXXXXX',	'158',	'15',	'Autres provisions pour charges',	1),
(137,	'PCG99-BASE',	'CAPIT',	'XXXXXX',	'16',	'1',	'Emprunts et dettes assimilees',	1),
(138,	'PCG99-BASE',	'CAPIT',	'XXXXXX',	'161',	'16',	'Emprunts obligataires convertibles',	1),
(139,	'PCG99-BASE',	'CAPIT',	'XXXXXX',	'163',	'16',	'Autres emprunts obligataires',	1),
(140,	'PCG99-BASE',	'CAPIT',	'XXXXXX',	'164',	'16',	'Emprunts auprès des établissements de crédit',	1),
(141,	'PCG99-BASE',	'CAPIT',	'XXXXXX',	'165',	'16',	'Dépôts et cautionnements reçus',	1),
(142,	'PCG99-BASE',	'CAPIT',	'XXXXXX',	'166',	'16',	'Participation des salariés aux résultats',	1),
(143,	'PCG99-BASE',	'CAPIT',	'XXXXXX',	'167',	'16',	'Emprunts et dettes assortis de conditions particulières',	1),
(144,	'PCG99-BASE',	'CAPIT',	'XXXXXX',	'168',	'16',	'Autres emprunts et dettes assimilées',	1),
(145,	'PCG99-BASE',	'CAPIT',	'XXXXXX',	'169',	'16',	'Primes de remboursement des obligations',	1),
(146,	'PCG99-BASE',	'CAPIT',	'XXXXXX',	'17',	'1',	'Dettes rattachées à des participations',	1),
(147,	'PCG99-BASE',	'CAPIT',	'XXXXXX',	'171',	'17',	'Dettes rattachées à des participations (groupe)',	1),
(148,	'PCG99-BASE',	'CAPIT',	'XXXXXX',	'174',	'17',	'Dettes rattachées à des participations (hors groupe)',	1),
(149,	'PCG99-BASE',	'CAPIT',	'XXXXXX',	'178',	'17',	'Dettes rattachées à des sociétés en participation',	1),
(150,	'PCG99-BASE',	'CAPIT',	'XXXXXX',	'18',	'1',	'Comptes de liaison des établissements et sociétés en participation',	1),
(151,	'PCG99-BASE',	'CAPIT',	'XXXXXX',	'181',	'18',	'Comptes de liaison des établissements',	1),
(152,	'PCG99-BASE',	'CAPIT',	'XXXXXX',	'186',	'18',	'Biens et prestations de services échangés entre établissements (charges)',	1),
(153,	'PCG99-BASE',	'CAPIT',	'XXXXXX',	'187',	'18',	'Biens et prestations de services échangés entre établissements (produits)',	1),
(154,	'PCG99-BASE',	'CAPIT',	'XXXXXX',	'188',	'18',	'Comptes de liaison des sociétés en participation',	1),
(155,	'PCG99-BASE',	'IMMO',	'XXXXXX',	'20',	'2',	'Immobilisations incorporelles',	1),
(156,	'PCG99-BASE',	'IMMO',	'XXXXXX',	'201',	'20',	'Frais d\'établissement',	1),
(157,	'PCG99-BASE',	'IMMO',	'XXXXXX',	'203',	'20',	'Frais de recherche et de développement',	1),
(158,	'PCG99-BASE',	'IMMO',	'XXXXXX',	'205',	'20',	'Concessions et droits similaires, brevets, licences, marques, procédés, logiciels, droits et valeurs similaires',	1),
(159,	'PCG99-BASE',	'IMMO',	'XXXXXX',	'206',	'20',	'Droit au bail',	1),
(160,	'PCG99-BASE',	'IMMO',	'XXXXXX',	'207',	'20',	'Fonds commercial',	1),
(161,	'PCG99-BASE',	'IMMO',	'XXXXXX',	'208',	'20',	'Autres immobilisations incorporelles',	1),
(162,	'PCG99-BASE',	'IMMO',	'XXXXXX',	'21',	'2',	'Immobilisations corporelles',	1),
(163,	'PCG99-BASE',	'IMMO',	'XXXXXX',	'211',	'21',	'Terrains',	1),
(164,	'PCG99-BASE',	'IMMO',	'XXXXXX',	'212',	'21',	'Agencements et aménagements de terrains',	1),
(165,	'PCG99-BASE',	'IMMO',	'XXXXXX',	'213',	'21',	'Constructions',	1),
(166,	'PCG99-BASE',	'IMMO',	'XXXXXX',	'214',	'21',	'Constructions sur sol d\'autrui',	1),
(167,	'PCG99-BASE',	'IMMO',	'XXXXXX',	'215',	'21',	'Installations techniques, matériels et outillage industriels',	1),
(168,	'PCG99-BASE',	'IMMO',	'XXXXXX',	'218',	'21',	'Autres immobilisations corporelles',	1),
(169,	'PCG99-BASE',	'IMMO',	'XXXXXX',	'22',	'2',	'Immobilisations mises en concession',	1),
(170,	'PCG99-BASE',	'IMMO',	'XXXXXX',	'23',	'2',	'Immobilisations en cours',	1),
(171,	'PCG99-BASE',	'IMMO',	'XXXXXX',	'231',	'23',	'Immobilisations corporelles en cours',	1),
(172,	'PCG99-BASE',	'IMMO',	'XXXXXX',	'232',	'23',	'Immobilisations incorporelles en cours',	1),
(173,	'PCG99-BASE',	'IMMO',	'XXXXXX',	'237',	'23',	'Avances et acomptes versés sur immobilisations incorporelles',	1),
(174,	'PCG99-BASE',	'IMMO',	'XXXXXX',	'238',	'23',	'Avances et acomptes versés sur commandes d\'immobilisations corporelles',	1),
(175,	'PCG99-BASE',	'IMMO',	'XXXXXX',	'25',	'2',	'Parts dans des entreprises liées et créances sur des entreprises liées',	1),
(176,	'PCG99-BASE',	'IMMO',	'XXXXXX',	'26',	'2',	'Participations et créances rattachées à des participations',	1),
(177,	'PCG99-BASE',	'IMMO',	'XXXXXX',	'261',	'26',	'Titres de participation',	1),
(178,	'PCG99-BASE',	'IMMO',	'XXXXXX',	'266',	'26',	'Autres formes de participation',	1),
(179,	'PCG99-BASE',	'IMMO',	'XXXXXX',	'267',	'26',	'Créances rattachées à des participations',	1),
(180,	'PCG99-BASE',	'IMMO',	'XXXXXX',	'268',	'26',	'Créances rattachées à des sociétés en participation',	1),
(181,	'PCG99-BASE',	'IMMO',	'XXXXXX',	'269',	'26',	'Versements restant à effectuer sur titres de participation non libérés',	1),
(182,	'PCG99-BASE',	'IMMO',	'XXXXXX',	'27',	'2',	'Autres immobilisations financieres',	1),
(183,	'PCG99-BASE',	'IMMO',	'XXXXXX',	'271',	'27',	'Titres immobilisés autres que les titres immobilisés de l\'activité de portefeuille (droit de propriété)',	1),
(184,	'PCG99-BASE',	'IMMO',	'XXXXXX',	'272',	'27',	'Titres immobilisés (droit de créance)',	1),
(185,	'PCG99-BASE',	'IMMO',	'XXXXXX',	'273',	'27',	'Titres immobilisés de l\'activité de portefeuille',	1),
(186,	'PCG99-BASE',	'IMMO',	'XXXXXX',	'274',	'27',	'Prêts',	1),
(187,	'PCG99-BASE',	'IMMO',	'XXXXXX',	'275',	'27',	'Dépôts et cautionnements versés',	1),
(188,	'PCG99-BASE',	'IMMO',	'XXXXXX',	'276',	'27',	'Autres créances immobilisées',	1),
(189,	'PCG99-BASE',	'IMMO',	'XXXXXX',	'277',	'27',	'(Actions propres ou parts propres)',	1),
(190,	'PCG99-BASE',	'IMMO',	'XXXXXX',	'279',	'27',	'Versements restant à effectuer sur titres immobilisés non libérés',	1),
(191,	'PCG99-BASE',	'IMMO',	'XXXXXX',	'28',	'2',	'Amortissements des immobilisations',	1),
(192,	'PCG99-BASE',	'IMMO',	'XXXXXX',	'280',	'28',	'Amortissements des immobilisations incorporelles',	1),
(193,	'PCG99-BASE',	'IMMO',	'XXXXXX',	'281',	'28',	'Amortissements des immobilisations corporelles',	1),
(194,	'PCG99-BASE',	'IMMO',	'XXXXXX',	'282',	'28',	'Amortissements des immobilisations mises en concession',	1),
(195,	'PCG99-BASE',	'IMMO',	'XXXXXX',	'29',	'2',	'Dépréciations des immobilisations',	1),
(196,	'PCG99-BASE',	'IMMO',	'XXXXXX',	'290',	'29',	'Dépréciations des immobilisations incorporelles',	1),
(197,	'PCG99-BASE',	'IMMO',	'XXXXXX',	'291',	'29',	'Dépréciations des immobilisations corporelles',	1),
(198,	'PCG99-BASE',	'IMMO',	'XXXXXX',	'292',	'29',	'Dépréciations des immobilisations mises en concession',	1),
(199,	'PCG99-BASE',	'IMMO',	'XXXXXX',	'293',	'29',	'Dépréciations des immobilisations en cours',	1),
(200,	'PCG99-BASE',	'IMMO',	'XXXXXX',	'296',	'29',	'Provisions pour dépréciation des participations et créances rattachées à des participations',	1),
(201,	'PCG99-BASE',	'IMMO',	'XXXXXX',	'297',	'29',	'Provisions pour dépréciation des autres immobilisations financières',	1),
(202,	'PCG99-BASE',	'STOCK',	'XXXXXX',	'31',	'3',	'Matières premières (et fournitures)',	1),
(203,	'PCG99-BASE',	'STOCK',	'XXXXXX',	'311',	'31',	'Matières (ou groupe) A',	1),
(204,	'PCG99-BASE',	'STOCK',	'XXXXXX',	'312',	'31',	'Matières (ou groupe) B',	1),
(205,	'PCG99-BASE',	'STOCK',	'XXXXXX',	'317',	'31',	'Fournitures A, B, C,',	1),
(206,	'PCG99-BASE',	'STOCK',	'XXXXXX',	'32',	'3',	'Autres approvisionnements',	1),
(207,	'PCG99-BASE',	'STOCK',	'XXXXXX',	'321',	'32',	'Matières consommables',	1),
(208,	'PCG99-BASE',	'STOCK',	'XXXXXX',	'322',	'32',	'Fournitures consommables',	1),
(209,	'PCG99-BASE',	'STOCK',	'XXXXXX',	'326',	'32',	'Emballages',	1),
(210,	'PCG99-BASE',	'STOCK',	'XXXXXX',	'33',	'3',	'En-cours de production de biens',	1),
(211,	'PCG99-BASE',	'STOCK',	'XXXXXX',	'331',	'33',	'Produits en cours',	1),
(212,	'PCG99-BASE',	'STOCK',	'XXXXXX',	'335',	'33',	'Travaux en cours',	1),
(213,	'PCG99-BASE',	'STOCK',	'XXXXXX',	'34',	'3',	'En-cours de production de services',	1),
(214,	'PCG99-BASE',	'STOCK',	'XXXXXX',	'341',	'34',	'Etudes en cours',	1),
(215,	'PCG99-BASE',	'STOCK',	'XXXXXX',	'345',	'34',	'Prestations de services en cours',	1),
(216,	'PCG99-BASE',	'STOCK',	'XXXXXX',	'35',	'3',	'Stocks de produits',	1),
(217,	'PCG99-BASE',	'STOCK',	'XXXXXX',	'351',	'35',	'Produits intermédiaires',	1),
(218,	'PCG99-BASE',	'STOCK',	'XXXXXX',	'355',	'35',	'Produits finis',	1),
(219,	'PCG99-BASE',	'STOCK',	'XXXXXX',	'358',	'35',	'Produits résiduels (ou matières de récupération)',	1),
(220,	'PCG99-BASE',	'STOCK',	'XXXXXX',	'37',	'3',	'Stocks de marchandises',	1),
(221,	'PCG99-BASE',	'STOCK',	'XXXXXX',	'371',	'37',	'Marchandises (ou groupe) A',	1),
(222,	'PCG99-BASE',	'STOCK',	'XXXXXX',	'372',	'37',	'Marchandises (ou groupe) B',	1),
(223,	'PCG99-BASE',	'STOCK',	'XXXXXX',	'39',	'3',	'Provisions pour dépréciation des stocks et en-cours',	1),
(224,	'PCG99-BASE',	'STOCK',	'XXXXXX',	'391',	'39',	'Provisions pour dépréciation des matières premières',	1),
(225,	'PCG99-BASE',	'STOCK',	'XXXXXX',	'392',	'39',	'Provisions pour dépréciation des autres approvisionnements',	1),
(226,	'PCG99-BASE',	'STOCK',	'XXXXXX',	'393',	'39',	'Provisions pour dépréciation des en-cours de production de biens',	1),
(227,	'PCG99-BASE',	'STOCK',	'XXXXXX',	'394',	'39',	'Provisions pour dépréciation des en-cours de production de services',	1),
(228,	'PCG99-BASE',	'STOCK',	'XXXXXX',	'395',	'39',	'Provisions pour dépréciation des stocks de produits',	1),
(229,	'PCG99-BASE',	'STOCK',	'XXXXXX',	'397',	'39',	'Provisions pour dépréciation des stocks de marchandises',	1),
(230,	'PCG99-BASE',	'TIERS',	'XXXXXX',	'40',	'4',	'Fournisseurs et Comptes rattachés',	1),
(231,	'PCG99-BASE',	'TIERS',	'XXXXXX',	'400',	'40',	'Fournisseurs et Comptes rattachés',	1),
(232,	'PCG99-BASE',	'TIERS',	'SUPPLIER',	'401',	'40',	'Fournisseurs',	1),
(233,	'PCG99-BASE',	'TIERS',	'XXXXXX',	'403',	'40',	'Fournisseurs - Effets à payer',	1),
(234,	'PCG99-BASE',	'TIERS',	'XXXXXX',	'404',	'40',	'Fournisseurs d\'immobilisations',	1),
(235,	'PCG99-BASE',	'TIERS',	'XXXXXX',	'405',	'40',	'Fournisseurs d\'immobilisations - Effets à payer',	1),
(236,	'PCG99-BASE',	'TIERS',	'XXXXXX',	'408',	'40',	'Fournisseurs - Factures non parvenues',	1),
(237,	'PCG99-BASE',	'TIERS',	'XXXXXX',	'409',	'40',	'Fournisseurs débiteurs',	1),
(238,	'PCG99-BASE',	'TIERS',	'XXXXXX',	'41',	'4',	'Clients et comptes rattachés',	1),
(239,	'PCG99-BASE',	'TIERS',	'XXXXXX',	'410',	'41',	'Clients et Comptes rattachés',	1),
(240,	'PCG99-BASE',	'TIERS',	'CUSTOMER',	'411',	'41',	'Clients',	1),
(241,	'PCG99-BASE',	'TIERS',	'XXXXXX',	'413',	'41',	'Clients - Effets à recevoir',	1),
(242,	'PCG99-BASE',	'TIERS',	'XXXXXX',	'416',	'41',	'Clients douteux ou litigieux',	1),
(243,	'PCG99-BASE',	'TIERS',	'XXXXXX',	'418',	'41',	'Clients - Produits non encore facturés',	1),
(244,	'PCG99-BASE',	'TIERS',	'XXXXXX',	'419',	'41',	'Clients créditeurs',	1),
(245,	'PCG99-BASE',	'TIERS',	'XXXXXX',	'42',	'4',	'Personnel et comptes rattachés',	1),
(246,	'PCG99-BASE',	'TIERS',	'XXXXXX',	'421',	'42',	'Personnel - Rémunérations dues',	1),
(247,	'PCG99-BASE',	'TIERS',	'XXXXXX',	'422',	'42',	'Comités d\'entreprises, d\'établissement, ...',	1),
(248,	'PCG99-BASE',	'TIERS',	'XXXXXX',	'424',	'42',	'Participation des salariés aux résultats',	1),
(249,	'PCG99-BASE',	'TIERS',	'XXXXXX',	'425',	'42',	'Personnel - Avances et acomptes',	1),
(250,	'PCG99-BASE',	'TIERS',	'XXXXXX',	'426',	'42',	'Personnel - Dépôts',	1),
(251,	'PCG99-BASE',	'TIERS',	'XXXXXX',	'427',	'42',	'Personnel - Oppositions',	1),
(252,	'PCG99-BASE',	'TIERS',	'XXXXXX',	'428',	'42',	'Personnel - Charges à payer et produits à recevoir',	1),
(253,	'PCG99-BASE',	'TIERS',	'XXXXXX',	'43',	'4',	'Sécurité sociale et autres organismes sociaux',	1),
(254,	'PCG99-BASE',	'TIERS',	'XXXXXX',	'431',	'43',	'Sécurité sociale',	1),
(255,	'PCG99-BASE',	'TIERS',	'XXXXXX',	'437',	'43',	'Autres organismes sociaux',	1),
(256,	'PCG99-BASE',	'TIERS',	'XXXXXX',	'438',	'43',	'Organismes sociaux - Charges à payer et produits à recevoir',	1),
(257,	'PCG99-BASE',	'TIERS',	'XXXXXX',	'44',	'4',	'État et autres collectivités publiques',	1),
(258,	'PCG99-BASE',	'TIERS',	'XXXXXX',	'441',	'44',	'État - Subventions à recevoir',	1),
(259,	'PCG99-BASE',	'TIERS',	'XXXXXX',	'442',	'44',	'Etat - Impôts et taxes recouvrables sur des tiers',	1),
(260,	'PCG99-BASE',	'TIERS',	'XXXXXX',	'443',	'44',	'Opérations particulières avec l\'Etat, les collectivités publiques, les organismes internationaux',	1),
(261,	'PCG99-BASE',	'TIERS',	'XXXXXX',	'444',	'44',	'Etat - Impôts sur les bénéfices',	1),
(262,	'PCG99-BASE',	'TIERS',	'XXXXXX',	'445',	'44',	'Etat - Taxes sur le chiffre d\'affaires',	1),
(263,	'PCG99-BASE',	'TIERS',	'XXXXXX',	'446',	'44',	'Obligations cautionnées',	1),
(264,	'PCG99-BASE',	'TIERS',	'XXXXXX',	'447',	'44',	'Autres impôts, taxes et versements assimilés',	1),
(265,	'PCG99-BASE',	'TIERS',	'XXXXXX',	'448',	'44',	'Etat - Charges à payer et produits à recevoir',	1),
(266,	'PCG99-BASE',	'TIERS',	'XXXXXX',	'449',	'44',	'Quotas d\'émission à restituer à l\'Etat',	1),
(267,	'PCG99-BASE',	'TIERS',	'XXXXXX',	'45',	'4',	'Groupe et associes',	1),
(268,	'PCG99-BASE',	'TIERS',	'XXXXXX',	'451',	'45',	'Groupe',	1),
(269,	'PCG99-BASE',	'TIERS',	'XXXXXX',	'455',	'45',	'Associés - Comptes courants',	1),
(270,	'PCG99-BASE',	'TIERS',	'XXXXXX',	'456',	'45',	'Associés - Opérations sur le capital',	1),
(271,	'PCG99-BASE',	'TIERS',	'XXXXXX',	'457',	'45',	'Associés - Dividendes à payer',	1),
(272,	'PCG99-BASE',	'TIERS',	'XXXXXX',	'458',	'45',	'Associés - Opérations faites en commun et en G.I.E.',	1),
(273,	'PCG99-BASE',	'TIERS',	'XXXXXX',	'46',	'4',	'Débiteurs divers et créditeurs divers',	1),
(274,	'PCG99-BASE',	'TIERS',	'XXXXXX',	'462',	'46',	'Créances sur cessions d\'immobilisations',	1),
(275,	'PCG99-BASE',	'TIERS',	'XXXXXX',	'464',	'46',	'Dettes sur acquisitions de valeurs mobilières de placement',	1),
(276,	'PCG99-BASE',	'TIERS',	'XXXXXX',	'465',	'46',	'Créances sur cessions de valeurs mobilières de placement',	1),
(277,	'PCG99-BASE',	'TIERS',	'XXXXXX',	'467',	'46',	'Autres comptes débiteurs ou créditeurs',	1),
(278,	'PCG99-BASE',	'TIERS',	'XXXXXX',	'468',	'46',	'Divers - Charges à payer et produits à recevoir',	1),
(279,	'PCG99-BASE',	'TIERS',	'XXXXXX',	'47',	'4',	'Comptes transitoires ou d\'attente',	1),
(280,	'PCG99-BASE',	'TIERS',	'XXXXXX',	'471',	'47',	'Comptes d\'attente',	1),
(281,	'PCG99-BASE',	'TIERS',	'XXXXXX',	'476',	'47',	'Différence de conversion - Actif',	1),
(282,	'PCG99-BASE',	'TIERS',	'XXXXXX',	'477',	'47',	'Différences de conversion - Passif',	1),
(283,	'PCG99-BASE',	'TIERS',	'XXXXXX',	'478',	'47',	'Autres comptes transitoires',	1),
(284,	'PCG99-BASE',	'TIERS',	'XXXXXX',	'48',	'4',	'Comptes de régularisation',	1),
(285,	'PCG99-BASE',	'TIERS',	'XXXXXX',	'481',	'48',	'Charges à répartir sur plusieurs exercices',	1),
(286,	'PCG99-BASE',	'TIERS',	'XXXXXX',	'486',	'48',	'Charges constatées d\'avance',	1),
(287,	'PCG99-BASE',	'TIERS',	'XXXXXX',	'487',	'48',	'Produits constatés d\'avance',	1),
(288,	'PCG99-BASE',	'TIERS',	'XXXXXX',	'488',	'48',	'Comptes de répartition périodique des charges et des produits',	1),
(289,	'PCG99-BASE',	'TIERS',	'XXXXXX',	'489',	'48',	'Quotas d\'émission alloués par l\'Etat',	1),
(290,	'PCG99-BASE',	'TIERS',	'XXXXXX',	'49',	'4',	'Provisions pour dépréciation des comptes de tiers',	1),
(291,	'PCG99-BASE',	'TIERS',	'XXXXXX',	'491',	'49',	'Provisions pour dépréciation des comptes de clients',	1),
(292,	'PCG99-BASE',	'TIERS',	'XXXXXX',	'495',	'49',	'Provisions pour dépréciation des comptes du groupe et des associés',	1),
(293,	'PCG99-BASE',	'TIERS',	'XXXXXX',	'496',	'49',	'Provisions pour dépréciation des comptes de débiteurs divers',	1),
(294,	'PCG99-BASE',	'FINAN',	'XXXXXX',	'50',	'5',	'Valeurs mobilières de placement',	1),
(295,	'PCG99-BASE',	'FINAN',	'XXXXXX',	'501',	'50',	'Parts dans des entreprises liées',	1),
(296,	'PCG99-BASE',	'FINAN',	'XXXXXX',	'502',	'50',	'Actions propres',	1),
(297,	'PCG99-BASE',	'FINAN',	'XXXXXX',	'503',	'50',	'Actions',	1),
(298,	'PCG99-BASE',	'FINAN',	'XXXXXX',	'504',	'50',	'Autres titres conférant un droit de propriété',	1),
(299,	'PCG99-BASE',	'FINAN',	'XXXXXX',	'505',	'50',	'Obligations et bons émis par la société et rachetés par elle',	1),
(300,	'PCG99-BASE',	'FINAN',	'XXXXXX',	'506',	'50',	'Obligations',	1),
(301,	'PCG99-BASE',	'FINAN',	'XXXXXX',	'507',	'50',	'Bons du Trésor et bons de caisse à court terme',	1),
(302,	'PCG99-BASE',	'FINAN',	'XXXXXX',	'508',	'50',	'Autres valeurs mobilières de placement et autres créances assimilées',	1),
(303,	'PCG99-BASE',	'FINAN',	'XXXXXX',	'509',	'50',	'Versements restant à effectuer sur valeurs mobilières de placement non libérées',	1),
(304,	'PCG99-BASE',	'FINAN',	'XXXXXX',	'51',	'5',	'Banques, établissements financiers et assimilés',	1),
(305,	'PCG99-BASE',	'FINAN',	'XXXXXX',	'511',	'51',	'Valeurs à l\'encaissement',	1),
(306,	'PCG99-BASE',	'FINAN',	'BANK',	'512',	'51',	'Banques',	1),
(307,	'PCG99-BASE',	'FINAN',	'XXXXXX',	'514',	'51',	'Chèques postaux',	1),
(308,	'PCG99-BASE',	'FINAN',	'XXXXXX',	'515',	'51',	'\"Caisses\" du Trésor et des établissements publics',	1),
(309,	'PCG99-BASE',	'FINAN',	'XXXXXX',	'516',	'51',	'Sociétés de bourse',	1),
(310,	'PCG99-BASE',	'FINAN',	'XXXXXX',	'517',	'51',	'Autres organismes financiers',	1),
(311,	'PCG99-BASE',	'FINAN',	'XXXXXX',	'518',	'51',	'Intérêts courus',	1),
(312,	'PCG99-BASE',	'FINAN',	'XXXXXX',	'519',	'51',	'Concours bancaires courants',	1),
(313,	'PCG99-BASE',	'FINAN',	'XXXXXX',	'52',	'5',	'Instruments de trésorerie',	1),
(314,	'PCG99-BASE',	'FINAN',	'CASH',	'53',	'5',	'Caisse',	1),
(315,	'PCG99-BASE',	'FINAN',	'XXXXXX',	'531',	'53',	'Caisse siège social',	1),
(316,	'PCG99-BASE',	'FINAN',	'XXXXXX',	'532',	'53',	'Caisse succursale (ou usine) A',	1),
(317,	'PCG99-BASE',	'FINAN',	'XXXXXX',	'533',	'53',	'Caisse succursale (ou usine) B',	1),
(318,	'PCG99-BASE',	'FINAN',	'XXXXXX',	'54',	'5',	'Régies d\'avance et accréditifs',	1),
(319,	'PCG99-BASE',	'FINAN',	'XXXXXX',	'58',	'5',	'Virements internes',	1),
(320,	'PCG99-BASE',	'FINAN',	'XXXXXX',	'59',	'5',	'Provisions pour dépréciation des comptes financiers',	1),
(321,	'PCG99-BASE',	'FINAN',	'XXXXXX',	'590',	'59',	'Provisions pour dépréciation des valeurs mobilières de placement',	1),
(322,	'PCG99-BASE',	'CHARGE',	'PRODUCT',	'60',	'6',	'Achats',	1),
(323,	'PCG99-BASE',	'CHARGE',	'XXXXXX',	'601',	'60',	'Achats stockés - Matières premières (et fournitures)',	1),
(324,	'PCG99-BASE',	'CHARGE',	'XXXXXX',	'602',	'60',	'Achats stockés - Autres approvisionnements',	1),
(325,	'PCG99-BASE',	'CHARGE',	'XXXXXX',	'603',	'60',	'Variations des stocks (approvisionnements et marchandises)',	1),
(326,	'PCG99-BASE',	'CHARGE',	'XXXXXX',	'604',	'60',	'Achats stockés - Matières premières (et fournitures)',	1),
(327,	'PCG99-BASE',	'CHARGE',	'XXXXXX',	'605',	'60',	'Achats de matériel, équipements et travaux',	1),
(328,	'PCG99-BASE',	'CHARGE',	'XXXXXX',	'606',	'60',	'Achats non stockés de matière et fournitures',	1),
(329,	'PCG99-BASE',	'CHARGE',	'XXXXXX',	'607',	'60',	'Achats de marchandises',	1),
(330,	'PCG99-BASE',	'CHARGE',	'XXXXXX',	'608',	'60',	'(Compte réservé, le cas échéant, à la récapitulation des frais accessoires incorporés aux achats)',	1),
(331,	'PCG99-BASE',	'CHARGE',	'XXXXXX',	'609',	'60',	'Rabais, remises et ristournes obtenus sur achats',	1),
(332,	'PCG99-BASE',	'CHARGE',	'SERVICE',	'61',	'6',	'Services extérieurs',	1),
(333,	'PCG99-BASE',	'CHARGE',	'XXXXXX',	'611',	'61',	'Sous-traitance générale',	1),
(334,	'PCG99-BASE',	'CHARGE',	'XXXXXX',	'612',	'61',	'Redevances de crédit-bail',	1),
(335,	'PCG99-BASE',	'CHARGE',	'XXXXXX',	'613',	'61',	'Locations',	1),
(336,	'PCG99-BASE',	'CHARGE',	'XXXXXX',	'614',	'61',	'Charges locatives et de copropriété',	1),
(337,	'PCG99-BASE',	'CHARGE',	'XXXXXX',	'615',	'61',	'Entretien et réparations',	1),
(338,	'PCG99-BASE',	'CHARGE',	'XXXXXX',	'616',	'61',	'Primes d\'assurances',	1),
(339,	'PCG99-BASE',	'CHARGE',	'XXXXXX',	'617',	'61',	'Etudes et recherches',	1),
(340,	'PCG99-BASE',	'CHARGE',	'XXXXXX',	'618',	'61',	'Divers',	1),
(341,	'PCG99-BASE',	'CHARGE',	'XXXXXX',	'619',	'61',	'Rabais, remises et ristournes obtenus sur services extérieurs',	1),
(342,	'PCG99-BASE',	'CHARGE',	'XXXXXX',	'62',	'6',	'Autres services extérieurs',	1),
(343,	'PCG99-BASE',	'CHARGE',	'XXXXXX',	'621',	'62',	'Personnel extérieur à l\'entreprise',	1),
(344,	'PCG99-BASE',	'CHARGE',	'XXXXXX',	'622',	'62',	'Rémunérations d\'intermédiaires et honoraires',	1),
(345,	'PCG99-BASE',	'CHARGE',	'XXXXXX',	'623',	'62',	'Publicité, publications, relations publiques',	1),
(346,	'PCG99-BASE',	'CHARGE',	'XXXXXX',	'624',	'62',	'Transports de biens et transports collectifs du personnel',	1),
(347,	'PCG99-BASE',	'CHARGE',	'XXXXXX',	'625',	'62',	'Déplacements, missions et réceptions',	1),
(348,	'PCG99-BASE',	'CHARGE',	'XXXXXX',	'626',	'62',	'Frais postaux et de télécommunications',	1),
(349,	'PCG99-BASE',	'CHARGE',	'XXXXXX',	'627',	'62',	'Services bancaires et assimilés',	1),
(350,	'PCG99-BASE',	'CHARGE',	'XXXXXX',	'628',	'62',	'Divers',	1),
(351,	'PCG99-BASE',	'CHARGE',	'XXXXXX',	'629',	'62',	'Rabais, remises et ristournes obtenus sur autres services extérieurs',	1),
(352,	'PCG99-BASE',	'CHARGE',	'XXXXXX',	'63',	'6',	'Impôts, taxes et versements assimilés',	1),
(353,	'PCG99-BASE',	'CHARGE',	'XXXXXX',	'631',	'63',	'Impôts, taxes et versements assimilés sur rémunérations (administrations des impôts)',	1),
(354,	'PCG99-BASE',	'CHARGE',	'XXXXXX',	'633',	'63',	'Impôts, taxes et versements assimilés sur rémunérations (autres organismes)',	1),
(355,	'PCG99-BASE',	'CHARGE',	'XXXXXX',	'635',	'63',	'Autres impôts, taxes et versements assimilés (administrations des impôts)',	1),
(356,	'PCG99-BASE',	'CHARGE',	'XXXXXX',	'637',	'63',	'Autres impôts, taxes et versements assimilés (autres organismes)',	1),
(357,	'PCG99-BASE',	'CHARGE',	'XXXXXX',	'64',	'6',	'Charges de personnel',	1),
(358,	'PCG99-BASE',	'CHARGE',	'XXXXXX',	'641',	'64',	'Rémunérations du personnel',	1),
(359,	'PCG99-BASE',	'CHARGE',	'XXXXXX',	'644',	'64',	'Rémunération du travail de l\'exploitant',	1),
(360,	'PCG99-BASE',	'CHARGE',	'SOCIAL',	'645',	'64',	'Charges de sécurité sociale et de prévoyance',	1),
(361,	'PCG99-BASE',	'CHARGE',	'XXXXXX',	'646',	'64',	'Cotisations sociales personnelles de l\'exploitant',	1),
(362,	'PCG99-BASE',	'CHARGE',	'XXXXXX',	'647',	'64',	'Autres charges sociales',	1),
(363,	'PCG99-BASE',	'CHARGE',	'XXXXXX',	'648',	'64',	'Autres charges de personnel',	1),
(364,	'PCG99-BASE',	'CHARGE',	'XXXXXX',	'65',	'6',	'Autres charges de gestion courante',	1),
(365,	'PCG99-BASE',	'CHARGE',	'XXXXXX',	'651',	'65',	'Redevances pour concessions, brevets, licences, marques, procédés, logiciels, droits et valeurs similaires',	1),
(366,	'PCG99-BASE',	'CHARGE',	'XXXXXX',	'653',	'65',	'Jetons de présence',	1),
(367,	'PCG99-BASE',	'CHARGE',	'XXXXXX',	'654',	'65',	'Pertes sur créances irrécouvrables',	1),
(368,	'PCG99-BASE',	'CHARGE',	'XXXXXX',	'655',	'65',	'Quote-part de résultat sur opérations faites en commun',	1),
(369,	'PCG99-BASE',	'CHARGE',	'XXXXXX',	'658',	'65',	'Charges diverses de gestion courante',	1),
(370,	'PCG99-BASE',	'CHARGE',	'XXXXXX',	'66',	'6',	'Charges financières',	1),
(371,	'PCG99-BASE',	'CHARGE',	'XXXXXX',	'661',	'66',	'Charges d\'intérêts',	1),
(372,	'PCG99-BASE',	'CHARGE',	'XXXXXX',	'664',	'66',	'Pertes sur créances liées à des participations',	1),
(373,	'PCG99-BASE',	'CHARGE',	'XXXXXX',	'665',	'66',	'Escomptes accordés',	1),
(374,	'PCG99-BASE',	'CHARGE',	'XXXXXX',	'666',	'66',	'Pertes de change',	1),
(375,	'PCG99-BASE',	'CHARGE',	'XXXXXX',	'667',	'66',	'Charges nettes sur cessions de valeurs mobilières de placement',	1),
(376,	'PCG99-BASE',	'CHARGE',	'XXXXXX',	'668',	'66',	'Autres charges financières',	1),
(377,	'PCG99-BASE',	'CHARGE',	'XXXXXX',	'67',	'6',	'Charges exceptionnelles',	1),
(378,	'PCG99-BASE',	'CHARGE',	'XXXXXX',	'671',	'67',	'Charges exceptionnelles sur opérations de gestion',	1),
(379,	'PCG99-BASE',	'CHARGE',	'XXXXXX',	'672',	'67',	'(Compte à la disposition des entités pour enregistrer, en cours d\'exercice, les charges sur exercices antérieurs)',	1),
(380,	'PCG99-BASE',	'CHARGE',	'XXXXXX',	'675',	'67',	'Valeurs comptables des éléments d\'actif cédés',	1),
(381,	'PCG99-BASE',	'CHARGE',	'XXXXXX',	'678',	'67',	'Autres charges exceptionnelles',	1),
(382,	'PCG99-BASE',	'CHARGE',	'XXXXXX',	'68',	'6',	'Dotations aux amortissements et aux provisions',	1),
(383,	'PCG99-BASE',	'CHARGE',	'XXXXXX',	'681',	'68',	'Dotations aux amortissements et aux provisions - Charges d\'exploitation',	1),
(384,	'PCG99-BASE',	'CHARGE',	'XXXXXX',	'686',	'68',	'Dotations aux amortissements et aux provisions - Charges financières',	1),
(385,	'PCG99-BASE',	'CHARGE',	'XXXXXX',	'687',	'68',	'Dotations aux amortissements et aux provisions - Charges exceptionnelles',	1),
(386,	'PCG99-BASE',	'CHARGE',	'XXXXXX',	'69',	'6',	'Participation des salariés - impôts sur les bénéfices et assimiles',	1),
(387,	'PCG99-BASE',	'CHARGE',	'XXXXXX',	'691',	'69',	'Participation des salariés aux résultats',	1),
(388,	'PCG99-BASE',	'CHARGE',	'XXXXXX',	'695',	'69',	'Impôts sur les bénéfices',	1),
(389,	'PCG99-BASE',	'CHARGE',	'XXXXXX',	'696',	'69',	'Suppléments d\'impôt sur les sociétés liés aux distributions',	1),
(390,	'PCG99-BASE',	'CHARGE',	'XXXXXX',	'697',	'69',	'Imposition forfaitaire annuelle des sociétés',	1),
(391,	'PCG99-BASE',	'CHARGE',	'XXXXXX',	'698',	'69',	'Intégration fiscale',	1),
(392,	'PCG99-BASE',	'CHARGE',	'XXXXXX',	'699',	'69',	'Produits - Reports en arrière des déficits',	1),
(393,	'PCG99-BASE',	'PROD',	'XXXXXX',	'70',	'7',	'Ventes de produits fabriqués, prestations de services, marchandises',	1),
(394,	'PCG99-BASE',	'PROD',	'PRODUCT',	'701',	'70',	'Ventes de produits finis',	1),
(395,	'PCG99-BASE',	'PROD',	'XXXXXX',	'702',	'70',	'Ventes de produits intermédiaires',	1),
(396,	'PCG99-BASE',	'PROD',	'XXXXXX',	'703',	'70',	'Ventes de produits résiduels',	1),
(397,	'PCG99-BASE',	'PROD',	'XXXXXX',	'704',	'70',	'Travaux',	1),
(398,	'PCG99-BASE',	'PROD',	'XXXXXX',	'705',	'70',	'Etudes',	1),
(399,	'PCG99-BASE',	'PROD',	'SERVICE',	'706',	'70',	'Prestations de services',	1),
(400,	'PCG99-BASE',	'PROD',	'PRODUCT',	'707',	'70',	'Ventes de marchandises',	1),
(401,	'PCG99-BASE',	'PROD',	'PRODUCT',	'708',	'70',	'Produits des activités annexes',	1),
(402,	'PCG99-BASE',	'PROD',	'XXXXXX',	'709',	'70',	'Rabais, remises et ristournes accordés par l\'entreprise',	1),
(403,	'PCG99-BASE',	'PROD',	'XXXXXX',	'71',	'7',	'Production stockée (ou déstockage)',	1),
(404,	'PCG99-BASE',	'PROD',	'XXXXXX',	'713',	'71',	'Variation des stocks (en-cours de production, produits)',	1),
(405,	'PCG99-BASE',	'PROD',	'XXXXXX',	'72',	'7',	'Production immobilisée',	1),
(406,	'PCG99-BASE',	'PROD',	'XXXXXX',	'721',	'72',	'Immobilisations incorporelles',	1),
(407,	'PCG99-BASE',	'PROD',	'XXXXXX',	'722',	'72',	'Immobilisations corporelles',	1),
(408,	'PCG99-BASE',	'PROD',	'XXXXXX',	'74',	'7',	'Subventions d\'exploitation',	1),
(409,	'PCG99-BASE',	'PROD',	'XXXXXX',	'75',	'7',	'Autres produits de gestion courante',	1),
(410,	'PCG99-BASE',	'PROD',	'XXXXXX',	'751',	'75',	'Redevances pour concessions, brevets, licences, marques, procédés, logiciels, droits et valeurs similaires',	1),
(411,	'PCG99-BASE',	'PROD',	'XXXXXX',	'752',	'75',	'Revenus des immeubles non affectés à des activités professionnelles',	1),
(412,	'PCG99-BASE',	'PROD',	'XXXXXX',	'753',	'75',	'Jetons de présence et rémunérations d\'administrateurs, gérants,...',	1),
(413,	'PCG99-BASE',	'PROD',	'XXXXXX',	'754',	'75',	'Ristournes perçues des coopératives (provenant des excédents)',	1),
(414,	'PCG99-BASE',	'PROD',	'XXXXXX',	'755',	'75',	'Quotes-parts de résultat sur opérations faites en commun',	1),
(415,	'PCG99-BASE',	'PROD',	'XXXXXX',	'758',	'75',	'Produits divers de gestion courante',	1),
(416,	'PCG99-BASE',	'PROD',	'XXXXXX',	'76',	'7',	'Produits financiers',	1),
(417,	'PCG99-BASE',	'PROD',	'XXXXXX',	'761',	'76',	'Produits de participations',	1),
(418,	'PCG99-BASE',	'PROD',	'XXXXXX',	'762',	'76',	'Produits des autres immobilisations financières',	1),
(419,	'PCG99-BASE',	'PROD',	'XXXXXX',	'763',	'76',	'Revenus des autres créances',	1),
(420,	'PCG99-BASE',	'PROD',	'XXXXXX',	'764',	'76',	'Revenus des valeurs mobilières de placement',	1),
(421,	'PCG99-BASE',	'PROD',	'XXXXXX',	'765',	'76',	'Escomptes obtenus',	1),
(422,	'PCG99-BASE',	'PROD',	'XXXXXX',	'766',	'76',	'Gains de change',	1),
(423,	'PCG99-BASE',	'PROD',	'XXXXXX',	'767',	'76',	'Produits nets sur cessions de valeurs mobilières de placement',	1),
(424,	'PCG99-BASE',	'PROD',	'XXXXXX',	'768',	'76',	'Autres produits financiers',	1),
(425,	'PCG99-BASE',	'PROD',	'XXXXXX',	'77',	'7',	'Produits exceptionnels',	1),
(426,	'PCG99-BASE',	'PROD',	'XXXXXX',	'771',	'77',	'Produits exceptionnels sur opérations de gestion',	1),
(427,	'PCG99-BASE',	'PROD',	'XXXXXX',	'772',	'77',	'(Compte à la disposition des entités pour enregistrer, en cours d\'exercice, les produits sur exercices antérieurs)',	1),
(428,	'PCG99-BASE',	'PROD',	'XXXXXX',	'775',	'77',	'Produits des cessions d\'éléments d\'actif',	1),
(429,	'PCG99-BASE',	'PROD',	'XXXXXX',	'777',	'77',	'Quote-part des subventions d\'investissement virée au résultat de l\'exercice',	1),
(430,	'PCG99-BASE',	'PROD',	'XXXXXX',	'778',	'77',	'Autres produits exceptionnels',	1),
(431,	'PCG99-BASE',	'PROD',	'XXXXXX',	'78',	'7',	'Reprises sur amortissements et provisions',	1),
(432,	'PCG99-BASE',	'PROD',	'XXXXXX',	'781',	'78',	'Reprises sur amortissements et provisions (à inscrire dans les produits d\'exploitation)',	1),
(433,	'PCG99-BASE',	'PROD',	'XXXXXX',	'786',	'78',	'Reprises sur provisions pour risques (à inscrire dans les produits financiers)',	1),
(434,	'PCG99-BASE',	'PROD',	'XXXXXX',	'787',	'78',	'Reprises sur provisions (à inscrire dans les produits exceptionnels)',	1),
(435,	'PCG99-BASE',	'PROD',	'XXXXXX',	'79',	'7',	'Transferts de charges',	1),
(436,	'PCG99-BASE',	'PROD',	'XXXXXX',	'791',	'79',	'Transferts de charges d\'exploitation ',	1),
(437,	'PCG99-BASE',	'PROD',	'XXXXXX',	'796',	'79',	'Transferts de charges financières',	1),
(438,	'PCG99-BASE',	'PROD',	'XXXXXX',	'797',	'79',	'Transferts de charges exceptionnelles',	1);

DROP TABLE IF EXISTS `llx_accountingdebcred`;
CREATE TABLE `llx_accountingdebcred` (
  `fk_transaction` int(11) NOT NULL,
  `account_number` varchar(20) NOT NULL,
  `amount` double NOT NULL,
  `direction` varchar(1) NOT NULL
) ENGINE=InnoDB DEFAULT CHARSET=utf8;


DROP TABLE IF EXISTS `llx_accountingtransaction`;
CREATE TABLE `llx_accountingtransaction` (
  `rowid` int(11) NOT NULL AUTO_INCREMENT,
  `label` varchar(128) NOT NULL,
  `datec` date NOT NULL,
  `fk_author` varchar(20) NOT NULL,
  `tms` timestamp NULL DEFAULT NULL,
  `fk_source` int(11) NOT NULL,
  `sourcetype` varchar(16) NOT NULL,
  `url` varchar(255) DEFAULT NULL,
  PRIMARY KEY (`rowid`)
) ENGINE=InnoDB DEFAULT CHARSET=utf8;


DROP TABLE IF EXISTS `llx_accounting_system`;
CREATE TABLE `llx_accounting_system` (
  `rowid` int(11) NOT NULL AUTO_INCREMENT,
  `pcg_version` varchar(12) NOT NULL,
  `fk_pays` int(11) NOT NULL,
  `label` varchar(128) NOT NULL,
  `active` smallint(6) DEFAULT '0',
  PRIMARY KEY (`rowid`),
  UNIQUE KEY `uk_accounting_system_pcg_version` (`pcg_version`)
) ENGINE=InnoDB DEFAULT CHARSET=utf8;

INSERT INTO `llx_accounting_system` (`rowid`, `pcg_version`, `fk_pays`, `label`, `active`) VALUES
(1,	'PCG99-ABREGE',	1,	'The simple accountancy french plan',	1),
(2,	'PCG99-BASE',	1,	'The base accountancy french plan',	1);

DROP TABLE IF EXISTS `llx_actioncomm`;
CREATE TABLE `llx_actioncomm` (
  `id` int(11) NOT NULL AUTO_INCREMENT,
  `ref_ext` varchar(128) DEFAULT NULL,
  `entity` int(11) NOT NULL DEFAULT '1',
  `datep` datetime DEFAULT NULL,
  `datep2` datetime DEFAULT NULL,
  `datea` datetime DEFAULT NULL,
  `datea2` datetime DEFAULT NULL,
  `fk_action` int(11) DEFAULT NULL,
  `code` varchar(32) DEFAULT NULL,
  `label` varchar(128) NOT NULL,
  `datec` datetime DEFAULT NULL,
  `tms` timestamp NULL DEFAULT NULL,
  `fk_user_author` int(11) DEFAULT NULL,
  `fk_user_mod` int(11) DEFAULT NULL,
  `fk_project` int(11) DEFAULT NULL,
  `fk_soc` int(11) DEFAULT NULL,
  `fk_contact` int(11) DEFAULT NULL,
  `fk_parent` int(11) NOT NULL DEFAULT '0',
  `fk_user_action` int(11) DEFAULT NULL,
  `transparency` int(11) DEFAULT NULL,
  `fk_user_done` int(11) DEFAULT NULL,
  `priority` smallint(6) DEFAULT NULL,
  `fulldayevent` smallint(6) NOT NULL DEFAULT '0',
  `punctual` smallint(6) NOT NULL DEFAULT '1',
  `percent` smallint(6) NOT NULL DEFAULT '0',
  `location` varchar(128) DEFAULT NULL,
  `durationp` double DEFAULT NULL,
  `durationa` double DEFAULT NULL,
  `note` text,
  `fk_element` int(11) DEFAULT NULL,
  `elementtype` varchar(32) DEFAULT NULL,
  PRIMARY KEY (`id`),
  KEY `idx_actioncomm_datea` (`datea`),
  KEY `idx_actioncomm_fk_soc` (`fk_soc`),
  KEY `idx_actioncomm_fk_contact` (`fk_contact`),
  KEY `idx_actioncomm_code` (`code`)
) ENGINE=InnoDB DEFAULT CHARSET=utf8;


DROP TABLE IF EXISTS `llx_actioncomm_extrafields`;
CREATE TABLE `llx_actioncomm_extrafields` (
  `rowid` int(11) NOT NULL AUTO_INCREMENT,
  `tms` timestamp NULL DEFAULT NULL,
  `fk_object` int(11) NOT NULL,
  `import_key` varchar(14) DEFAULT NULL,
  PRIMARY KEY (`rowid`),
  KEY `idx_actioncomm_extrafields` (`fk_object`)
) ENGINE=InnoDB DEFAULT CHARSET=utf8;


DROP TABLE IF EXISTS `llx_actioncomm_resources`;
CREATE TABLE `llx_actioncomm_resources` (
  `rowid` int(11) NOT NULL AUTO_INCREMENT,
  `fk_actioncomm` int(11) NOT NULL,
  `element_type` varchar(50) NOT NULL,
  `fk_element` int(11) NOT NULL,
  `answer_status` varchar(50) DEFAULT NULL,
  `mandatory` smallint(6) DEFAULT NULL,
  `transparent` smallint(6) DEFAULT NULL,
  PRIMARY KEY (`rowid`),
  UNIQUE KEY `idx_actioncomm_resources_idx1` (`fk_actioncomm`,`element_type`,`fk_element`),
  KEY `idx_actioncomm_resources_fk_element` (`fk_element`)
) ENGINE=InnoDB DEFAULT CHARSET=utf8;


DROP TABLE IF EXISTS `llx_adherent`;
CREATE TABLE `llx_adherent` (
  `rowid` int(11) NOT NULL AUTO_INCREMENT,
  `entity` int(11) NOT NULL DEFAULT '1',
  `ref_ext` varchar(128) DEFAULT NULL,
  `civilite` varchar(6) DEFAULT NULL,
  `lastname` varchar(50) DEFAULT NULL,
  `firstname` varchar(50) DEFAULT NULL,
  `login` varchar(50) DEFAULT NULL,
  `pass` varchar(50) DEFAULT NULL,
  `fk_adherent_type` int(11) NOT NULL,
  `morphy` varchar(3) NOT NULL,
  `societe` varchar(50) DEFAULT NULL,
  `fk_soc` int(11) DEFAULT NULL,
  `address` text,
  `zip` varchar(30) DEFAULT NULL,
  `town` varchar(50) DEFAULT NULL,
  `state_id` int(11) DEFAULT NULL,
  `country` int(11) DEFAULT NULL,
  `email` varchar(255) DEFAULT NULL,
  `skype` varchar(255) DEFAULT NULL,
  `phone` varchar(30) DEFAULT NULL,
  `phone_perso` varchar(30) DEFAULT NULL,
  `phone_mobile` varchar(30) DEFAULT NULL,
  `birth` date DEFAULT NULL,
  `photo` varchar(255) DEFAULT NULL,
  `statut` smallint(6) NOT NULL DEFAULT '0',
  `public` smallint(6) NOT NULL DEFAULT '0',
  `datefin` datetime DEFAULT NULL,
  `note` text,
  `datevalid` datetime DEFAULT NULL,
  `datec` datetime DEFAULT NULL,
  `tms` timestamp NULL DEFAULT NULL,
  `fk_user_author` int(11) DEFAULT NULL,
  `fk_user_mod` int(11) DEFAULT NULL,
  `fk_user_valid` int(11) DEFAULT NULL,
  `canvas` varchar(32) DEFAULT NULL,
  `import_key` varchar(14) DEFAULT NULL,
  PRIMARY KEY (`rowid`),
  UNIQUE KEY `uk_adherent_login` (`login`,`entity`),
  UNIQUE KEY `uk_adherent_fk_soc` (`fk_soc`),
  KEY `idx_adherent_fk_adherent_type` (`fk_adherent_type`),
  CONSTRAINT `adherent_fk_soc` FOREIGN KEY (`fk_soc`) REFERENCES `llx_societe` (`rowid`),
  CONSTRAINT `fk_adherent_adherent_type` FOREIGN KEY (`fk_adherent_type`) REFERENCES `llx_adherent_type` (`rowid`)
) ENGINE=InnoDB DEFAULT CHARSET=utf8;


DROP TABLE IF EXISTS `llx_adherent_extrafields`;
CREATE TABLE `llx_adherent_extrafields` (
  `rowid` int(11) NOT NULL AUTO_INCREMENT,
  `tms` timestamp NULL DEFAULT NULL,
  `fk_object` int(11) NOT NULL,
  `import_key` varchar(14) DEFAULT NULL,
  PRIMARY KEY (`rowid`),
  KEY `idx_adherent_extrafields` (`fk_object`)
) ENGINE=InnoDB DEFAULT CHARSET=utf8;


DROP TABLE IF EXISTS `llx_adherent_type`;
CREATE TABLE `llx_adherent_type` (
  `rowid` int(11) NOT NULL AUTO_INCREMENT,
  `entity` int(11) NOT NULL DEFAULT '1',
  `tms` timestamp NULL DEFAULT NULL,
  `statut` smallint(6) NOT NULL DEFAULT '0',
  `libelle` varchar(50) NOT NULL,
  `cotisation` varchar(3) NOT NULL DEFAULT 'yes',
  `vote` varchar(3) NOT NULL DEFAULT 'yes',
  `note` text,
  `mail_valid` text,
  PRIMARY KEY (`rowid`),
  UNIQUE KEY `uk_adherent_type_libelle` (`libelle`,`entity`)
) ENGINE=InnoDB DEFAULT CHARSET=utf8;


DROP TABLE IF EXISTS `llx_adherent_type_extrafields`;
CREATE TABLE `llx_adherent_type_extrafields` (
  `rowid` int(11) NOT NULL AUTO_INCREMENT,
  `tms` timestamp NULL DEFAULT NULL,
  `fk_object` int(11) NOT NULL,
  `import_key` varchar(14) DEFAULT NULL,
  PRIMARY KEY (`rowid`),
  KEY `idx_adherent_type_extrafields` (`fk_object`)
) ENGINE=InnoDB DEFAULT CHARSET=utf8;


DROP TABLE IF EXISTS `llx_bank`;
CREATE TABLE `llx_bank` (
  `rowid` int(11) NOT NULL AUTO_INCREMENT,
  `datec` datetime DEFAULT NULL,
  `tms` timestamp NULL DEFAULT NULL,
  `datev` date DEFAULT NULL,
  `dateo` date DEFAULT NULL,
  `amount` double(24,8) NOT NULL DEFAULT '0.00000000',
  `label` varchar(255) DEFAULT NULL,
  `fk_account` int(11) DEFAULT NULL,
  `fk_user_author` int(11) DEFAULT NULL,
  `fk_user_rappro` int(11) DEFAULT NULL,
  `fk_type` varchar(6) DEFAULT NULL,
  `num_releve` varchar(50) DEFAULT NULL,
  `num_chq` varchar(50) DEFAULT NULL,
  `rappro` tinyint(4) DEFAULT '0',
  `note` text,
  `fk_bordereau` int(11) DEFAULT '0',
  `banque` varchar(255) DEFAULT NULL,
  `emetteur` varchar(255) DEFAULT NULL,
  `author` varchar(40) DEFAULT NULL,
  PRIMARY KEY (`rowid`),
  KEY `idx_bank_datev` (`datev`),
  KEY `idx_bank_dateo` (`dateo`),
  KEY `idx_bank_fk_account` (`fk_account`),
  KEY `idx_bank_rappro` (`rappro`)
) ENGINE=InnoDB DEFAULT CHARSET=utf8;

INSERT INTO `llx_bank` (`rowid`, `datec`, `tms`, `datev`, `dateo`, `amount`, `label`, `fk_account`, `fk_user_author`, `fk_user_rappro`, `fk_type`, `num_releve`, `num_chq`, `rappro`, `note`, `fk_bordereau`, `banque`, `emetteur`, `author`) VALUES
(1,	'2014-10-12 17:47:52',	NULL,	'2014-10-12',	'2014-10-12',	0.00000000,	'(Saldo inicial)',	1,	NULL,	NULL,	'SOLD',	NULL,	NULL,	0,	NULL,	0,	NULL,	NULL,	NULL),
(2,	'2014-10-12 17:48:03',	NULL,	'2014-10-12',	'2014-10-12',	0.00000000,	'(Saldo inicial)',	2,	NULL,	NULL,	'SOLD',	NULL,	NULL,	0,	NULL,	0,	NULL,	NULL,	NULL),
(3,	'2014-10-12 17:48:16',	NULL,	'2014-10-12',	'2014-10-12',	0.00000000,	'(Saldo inicial)',	3,	NULL,	NULL,	'SOLD',	NULL,	NULL,	0,	NULL,	0,	NULL,	NULL,	NULL);

DROP TABLE IF EXISTS `llx_bank_account`;
CREATE TABLE `llx_bank_account` (
  `rowid` int(11) NOT NULL AUTO_INCREMENT,
  `datec` datetime DEFAULT NULL,
  `tms` timestamp NULL DEFAULT NULL,
  `ref` varchar(12) NOT NULL,
  `label` varchar(30) NOT NULL,
  `entity` int(11) NOT NULL DEFAULT '1',
  `bank` varchar(60) DEFAULT NULL,
  `code_banque` varchar(8) DEFAULT NULL,
  `code_guichet` varchar(6) DEFAULT NULL,
  `number` varchar(255) DEFAULT NULL,
  `cle_rib` varchar(5) DEFAULT NULL,
  `bic` varchar(11) DEFAULT NULL,
  `iban_prefix` varchar(34) DEFAULT NULL,
  `country_iban` varchar(2) DEFAULT NULL,
  `cle_iban` varchar(2) DEFAULT NULL,
  `domiciliation` varchar(255) DEFAULT NULL,
  `state_id` int(11) DEFAULT NULL,
  `fk_pays` int(11) NOT NULL,
  `proprio` varchar(60) DEFAULT NULL,
  `owner_address` varchar(255) DEFAULT NULL,
  `courant` smallint(6) NOT NULL DEFAULT '0',
  `clos` smallint(6) NOT NULL DEFAULT '0',
  `rappro` smallint(6) DEFAULT '1',
  `url` varchar(128) DEFAULT NULL,
  `account_number` varchar(24) DEFAULT NULL,
  `currency_code` varchar(3) NOT NULL,
  `min_allowed` int(11) DEFAULT '0',
  `min_desired` int(11) DEFAULT '0',
  `comment` text,
  PRIMARY KEY (`rowid`),
  UNIQUE KEY `uk_bank_account_label` (`label`,`entity`)
) ENGINE=InnoDB DEFAULT CHARSET=utf8;

INSERT INTO `llx_bank_account` (`rowid`, `datec`, `tms`, `ref`, `label`, `entity`, `bank`, `code_banque`, `code_guichet`, `number`, `cle_rib`, `bic`, `iban_prefix`, `country_iban`, `cle_iban`, `domiciliation`, `state_id`, `fk_pays`, `proprio`, `owner_address`, `courant`, `clos`, `rappro`, `url`, `account_number`, `currency_code`, `min_allowed`, `min_desired`, `comment`) VALUES
(1,	'2014-10-12 17:47:52',	NULL,	'BCO1',	'Banco 1',	1,	NULL,	NULL,	NULL,	NULL,	NULL,	NULL,	NULL,	NULL,	NULL,	NULL,	NULL,	4,	NULL,	NULL,	1,	0,	1,	NULL,	'57200001',	'EUR',	0,	0,	''),
(2,	'2014-10-12 17:48:03',	NULL,	'BCO2',	'Banco 2',	1,	NULL,	NULL,	NULL,	NULL,	NULL,	NULL,	NULL,	NULL,	NULL,	NULL,	NULL,	4,	NULL,	NULL,	1,	0,	1,	NULL,	'57200002',	'EUR',	0,	0,	''),
(3,	'2014-10-12 17:48:16',	NULL,	'CAJA',	'Caja',	1,	NULL,	NULL,	NULL,	NULL,	NULL,	NULL,	NULL,	NULL,	NULL,	NULL,	NULL,	4,	NULL,	NULL,	2,	0,	1,	NULL,	'57000001',	'EUR',	0,	0,	'');

DROP TABLE IF EXISTS `llx_bank_categ`;
CREATE TABLE `llx_bank_categ` (
  `rowid` int(11) NOT NULL AUTO_INCREMENT,
  `label` varchar(255) DEFAULT NULL,
  `entity` int(11) NOT NULL DEFAULT '1',
  PRIMARY KEY (`rowid`)
) ENGINE=InnoDB DEFAULT CHARSET=utf8;


DROP TABLE IF EXISTS `llx_bank_class`;
CREATE TABLE `llx_bank_class` (
  `lineid` int(11) NOT NULL,
  `fk_categ` int(11) NOT NULL,
  UNIQUE KEY `uk_bank_class_lineid` (`lineid`,`fk_categ`)
) ENGINE=InnoDB DEFAULT CHARSET=utf8;


DROP TABLE IF EXISTS `llx_bank_url`;
CREATE TABLE `llx_bank_url` (
  `rowid` int(11) NOT NULL AUTO_INCREMENT,
  `fk_bank` int(11) DEFAULT NULL,
  `url_id` int(11) DEFAULT NULL,
  `url` varchar(255) DEFAULT NULL,
  `label` varchar(255) DEFAULT NULL,
  `type` varchar(20) NOT NULL,
  PRIMARY KEY (`rowid`),
  UNIQUE KEY `uk_bank_url` (`fk_bank`,`type`)
) ENGINE=InnoDB DEFAULT CHARSET=utf8;


DROP TABLE IF EXISTS `llx_bookmark`;
CREATE TABLE `llx_bookmark` (
  `rowid` int(11) NOT NULL AUTO_INCREMENT,
  `fk_soc` int(11) DEFAULT NULL,
  `fk_user` int(11) NOT NULL,
  `dateb` datetime DEFAULT NULL,
  `url` varchar(128) NOT NULL,
  `target` varchar(16) DEFAULT NULL,
  `title` varchar(64) DEFAULT NULL,
  `favicon` varchar(24) DEFAULT NULL,
  `position` int(11) DEFAULT '0',
  PRIMARY KEY (`rowid`),
  UNIQUE KEY `uk_bookmark_url` (`fk_user`,`url`),
  UNIQUE KEY `uk_bookmark_title` (`fk_user`,`title`)
) ENGINE=InnoDB DEFAULT CHARSET=utf8;


DROP TABLE IF EXISTS `llx_bordereau_cheque`;
CREATE TABLE `llx_bordereau_cheque` (
  `rowid` int(11) NOT NULL AUTO_INCREMENT,
  `number` varchar(16) NOT NULL,
  `ref_ext` varchar(255) DEFAULT NULL,
  `datec` datetime NOT NULL,
  `date_bordereau` date DEFAULT NULL,
  `amount` double(24,8) NOT NULL,
  `nbcheque` smallint(6) NOT NULL,
  `fk_bank_account` int(11) DEFAULT NULL,
  `fk_user_author` int(11) DEFAULT NULL,
  `statut` smallint(6) NOT NULL DEFAULT '0',
  `tms` timestamp NULL DEFAULT NULL,
  `note` text,
  `entity` int(11) NOT NULL DEFAULT '1',
  PRIMARY KEY (`rowid`),
  UNIQUE KEY `uk_bordereau_cheque` (`number`,`entity`)
) ENGINE=InnoDB DEFAULT CHARSET=utf8;


DROP TABLE IF EXISTS `llx_boxes`;
CREATE TABLE `llx_boxes` (
  `rowid` int(11) NOT NULL AUTO_INCREMENT,
  `entity` int(11) NOT NULL DEFAULT '1',
  `box_id` int(11) NOT NULL,
  `position` smallint(6) NOT NULL,
  `box_order` varchar(3) NOT NULL,
  `fk_user` int(11) NOT NULL DEFAULT '0',
  `maxline` int(11) DEFAULT NULL,
  `params` varchar(255) DEFAULT NULL,
  PRIMARY KEY (`rowid`),
  UNIQUE KEY `uk_boxes` (`entity`,`box_id`,`position`,`fk_user`),
  KEY `idx_boxes_boxid` (`box_id`),
  KEY `idx_boxes_fk_user` (`fk_user`),
  CONSTRAINT `fk_boxes_box_id` FOREIGN KEY (`box_id`) REFERENCES `llx_boxes_def` (`rowid`)
) ENGINE=InnoDB DEFAULT CHARSET=utf8;

INSERT INTO `llx_boxes` (`rowid`, `entity`, `box_id`, `position`, `box_order`, `fk_user`, `maxline`, `params`) VALUES
(4,	1,	4,	0,	'0',	0,	NULL,	NULL),
(5,	1,	5,	0,	'0',	0,	NULL,	NULL),
(6,	1,	6,	0,	'0',	0,	NULL,	NULL),
(7,	1,	7,	0,	'0',	0,	NULL,	NULL),
(8,	1,	8,	0,	'0',	0,	NULL,	NULL),
(9,	1,	9,	0,	'0',	0,	NULL,	NULL),
(10,	1,	10,	0,	'0',	0,	NULL,	NULL),
(11,	1,	11,	0,	'0',	0,	NULL,	NULL),
(12,	1,	12,	0,	'0',	0,	NULL,	NULL),
(13,	1,	13,	0,	'0',	0,	NULL,	NULL),
(14,	1,	14,	0,	'0',	0,	NULL,	NULL),
(15,	1,	15,	0,	'0',	0,	NULL,	NULL),
(16,	1,	16,	0,	'0',	0,	NULL,	NULL),
(17,	1,	17,	0,	'0',	0,	NULL,	NULL),
(18,	1,	18,	0,	'0',	0,	NULL,	NULL),
(19,	1,	19,	0,	'0',	0,	NULL,	NULL),
(21,	1,	21,	0,	'0',	0,	NULL,	NULL),
(22,	1,	22,	0,	'0',	0,	NULL,	NULL);

DROP TABLE IF EXISTS `llx_boxes_def`;
CREATE TABLE `llx_boxes_def` (
  `rowid` int(11) NOT NULL AUTO_INCREMENT,
  `file` varchar(200) NOT NULL,
  `entity` int(11) NOT NULL DEFAULT '1',
  `tms` timestamp NULL DEFAULT NULL,
  `note` varchar(130) DEFAULT NULL,
  PRIMARY KEY (`rowid`),
  UNIQUE KEY `uk_boxes_def` (`file`,`entity`,`note`)
) ENGINE=InnoDB DEFAULT CHARSET=utf8;

INSERT INTO `llx_boxes_def` (`rowid`, `file`, `entity`, `tms`, `note`) VALUES
(4,	'box_clients.php',	1,	NULL,	NULL),
(5,	'box_prospect.php',	1,	NULL,	NULL),
(6,	'box_contacts.php',	1,	NULL,	NULL),
(7,	'box_activity.php',	1,	NULL,	'(WarningUsingThisBoxSlowDown)'),
(8,	'box_factures_imp.php',	1,	NULL,	NULL),
(9,	'box_factures.php',	1,	NULL,	NULL),
(10,	'box_graph_invoices_permonth.php',	1,	NULL,	NULL),
(11,	'box_comptes.php',	1,	NULL,	NULL),
(12,	'box_graph_invoices_supplier_permonth.php',	1,	NULL,	NULL),
(13,	'box_graph_orders_supplier_permonth.php',	1,	NULL,	NULL),
(14,	'box_fournisseurs.php',	1,	NULL,	NULL),
(15,	'box_factures_fourn_imp.php',	1,	NULL,	NULL),
(16,	'box_factures_fourn.php',	1,	NULL,	NULL),
(17,	'box_supplier_orders.php',	1,	NULL,	NULL),
(18,	'box_produits.php',	1,	NULL,	NULL),
(19,	'box_produits_alerte_stock.php',	1,	NULL,	NULL),
(21,	'box_services_contracts.php',	1,	NULL,	NULL),
(22,	'box_graph_product_distribution.php',	1,	NULL,	NULL);

DROP TABLE IF EXISTS `llx_categorie`;
CREATE TABLE `llx_categorie` (
  `rowid` int(11) NOT NULL AUTO_INCREMENT,
  `entity` int(11) NOT NULL DEFAULT '1',
  `fk_parent` int(11) NOT NULL DEFAULT '0',
  `label` varchar(255) NOT NULL,
  `type` tinyint(4) NOT NULL DEFAULT '1',
  `description` text,
  `fk_soc` int(11) DEFAULT NULL,
  `visible` tinyint(4) NOT NULL DEFAULT '1',
  `import_key` varchar(14) DEFAULT NULL,
  PRIMARY KEY (`rowid`),
  UNIQUE KEY `uk_categorie_ref` (`entity`,`fk_parent`,`label`,`type`),
  KEY `idx_categorie_type` (`type`),
  KEY `idx_categorie_label` (`label`)
) ENGINE=InnoDB DEFAULT CHARSET=utf8;


DROP TABLE IF EXISTS `llx_categorie_contact`;
CREATE TABLE `llx_categorie_contact` (
  `fk_categorie` int(11) NOT NULL,
  `fk_socpeople` int(11) NOT NULL,
  `import_key` varchar(14) DEFAULT NULL,
  PRIMARY KEY (`fk_categorie`,`fk_socpeople`),
  KEY `idx_categorie_contact_fk_categorie` (`fk_categorie`),
  KEY `idx_categorie_contact_fk_socpeople` (`fk_socpeople`),
  CONSTRAINT `fk_categorie_contact_categorie_rowid` FOREIGN KEY (`fk_categorie`) REFERENCES `llx_categorie` (`rowid`),
  CONSTRAINT `fk_categorie_contact_fk_socpeople` FOREIGN KEY (`fk_socpeople`) REFERENCES `llx_socpeople` (`rowid`)
) ENGINE=InnoDB DEFAULT CHARSET=utf8;


DROP TABLE IF EXISTS `llx_categorie_fournisseur`;
CREATE TABLE `llx_categorie_fournisseur` (
  `fk_categorie` int(11) NOT NULL,
  `fk_societe` int(11) NOT NULL,
  `import_key` varchar(14) DEFAULT NULL,
  PRIMARY KEY (`fk_categorie`,`fk_societe`),
  KEY `idx_categorie_fournisseur_fk_categorie` (`fk_categorie`),
  KEY `idx_categorie_fournisseur_fk_societe` (`fk_societe`),
  CONSTRAINT `fk_categorie_fournisseur_categorie_rowid` FOREIGN KEY (`fk_categorie`) REFERENCES `llx_categorie` (`rowid`),
  CONSTRAINT `fk_categorie_fournisseur_fk_soc` FOREIGN KEY (`fk_societe`) REFERENCES `llx_societe` (`rowid`)
) ENGINE=InnoDB DEFAULT CHARSET=utf8;


DROP TABLE IF EXISTS `llx_categorie_member`;
CREATE TABLE `llx_categorie_member` (
  `fk_categorie` int(11) NOT NULL,
  `fk_member` int(11) NOT NULL,
  PRIMARY KEY (`fk_categorie`,`fk_member`),
  KEY `idx_categorie_member_fk_categorie` (`fk_categorie`),
  KEY `idx_categorie_member_fk_member` (`fk_member`),
  CONSTRAINT `fk_categorie_member_categorie_rowid` FOREIGN KEY (`fk_categorie`) REFERENCES `llx_categorie` (`rowid`),
  CONSTRAINT `fk_categorie_member_member_rowid` FOREIGN KEY (`fk_member`) REFERENCES `llx_adherent` (`rowid`)
) ENGINE=InnoDB DEFAULT CHARSET=utf8;


DROP TABLE IF EXISTS `llx_categorie_product`;
CREATE TABLE `llx_categorie_product` (
  `fk_categorie` int(11) NOT NULL,
  `fk_product` int(11) NOT NULL,
  `import_key` varchar(14) DEFAULT NULL,
  PRIMARY KEY (`fk_categorie`,`fk_product`),
  KEY `idx_categorie_product_fk_categorie` (`fk_categorie`),
  KEY `idx_categorie_product_fk_product` (`fk_product`),
  CONSTRAINT `fk_categorie_product_categorie_rowid` FOREIGN KEY (`fk_categorie`) REFERENCES `llx_categorie` (`rowid`),
  CONSTRAINT `fk_categorie_product_product_rowid` FOREIGN KEY (`fk_product`) REFERENCES `llx_product` (`rowid`)
) ENGINE=InnoDB DEFAULT CHARSET=utf8;


DROP TABLE IF EXISTS `llx_categorie_societe`;
CREATE TABLE `llx_categorie_societe` (
  `fk_categorie` int(11) NOT NULL,
  `fk_societe` int(11) NOT NULL,
  `import_key` varchar(14) DEFAULT NULL,
  PRIMARY KEY (`fk_categorie`,`fk_societe`),
  KEY `idx_categorie_societe_fk_categorie` (`fk_categorie`),
  KEY `idx_categorie_societe_fk_societe` (`fk_societe`),
  CONSTRAINT `fk_categorie_societe_categorie_rowid` FOREIGN KEY (`fk_categorie`) REFERENCES `llx_categorie` (`rowid`),
  CONSTRAINT `fk_categorie_societe_fk_soc` FOREIGN KEY (`fk_societe`) REFERENCES `llx_societe` (`rowid`)
) ENGINE=InnoDB DEFAULT CHARSET=utf8;


DROP TABLE IF EXISTS `llx_chargesociales`;
CREATE TABLE `llx_chargesociales` (
  `rowid` int(11) NOT NULL AUTO_INCREMENT,
  `date_ech` datetime NOT NULL,
  `libelle` varchar(80) NOT NULL,
  `entity` int(11) NOT NULL DEFAULT '1',
  `tms` timestamp NULL DEFAULT NULL,
  `date_creation` datetime DEFAULT NULL,
  `date_valid` datetime DEFAULT NULL,
  `fk_type` int(11) NOT NULL,
  `amount` double NOT NULL DEFAULT '0',
  `paye` smallint(6) NOT NULL DEFAULT '0',
  `periode` date DEFAULT NULL,
  PRIMARY KEY (`rowid`)
) ENGINE=InnoDB DEFAULT CHARSET=utf8;


DROP TABLE IF EXISTS `llx_commande`;
CREATE TABLE `llx_commande` (
  `rowid` int(11) NOT NULL AUTO_INCREMENT,
  `ref` varchar(30) NOT NULL,
  `entity` int(11) NOT NULL DEFAULT '1',
  `ref_ext` varchar(255) DEFAULT NULL,
  `ref_int` varchar(255) DEFAULT NULL,
  `ref_client` varchar(255) DEFAULT NULL,
  `fk_soc` int(11) NOT NULL,
  `fk_projet` int(11) DEFAULT NULL,
  `tms` timestamp NULL DEFAULT NULL,
  `date_creation` datetime DEFAULT NULL,
  `date_valid` datetime DEFAULT NULL,
  `date_cloture` datetime DEFAULT NULL,
  `date_commande` date DEFAULT NULL,
  `fk_user_author` int(11) DEFAULT NULL,
  `fk_user_valid` int(11) DEFAULT NULL,
  `fk_user_cloture` int(11) DEFAULT NULL,
  `source` smallint(6) DEFAULT NULL,
  `fk_statut` smallint(6) DEFAULT '0',
  `amount_ht` double DEFAULT '0',
  `remise_percent` double DEFAULT '0',
  `remise_absolue` double DEFAULT '0',
  `remise` double DEFAULT '0',
  `tva` double(24,8) DEFAULT '0.00000000',
  `localtax1` double(24,8) DEFAULT '0.00000000',
  `localtax2` double(24,8) DEFAULT '0.00000000',
  `total_ht` double(24,8) DEFAULT '0.00000000',
  `total_ttc` double(24,8) DEFAULT '0.00000000',
  `note_private` text,
  `note_public` text,
  `model_pdf` varchar(255) DEFAULT NULL,
  `facture` tinyint(4) DEFAULT '0',
  `fk_account` int(11) DEFAULT NULL,
  `fk_currency` varchar(2) DEFAULT NULL,
  `fk_cond_reglement` int(11) DEFAULT NULL,
  `fk_mode_reglement` int(11) DEFAULT NULL,
  `date_livraison` date DEFAULT NULL,
  `fk_availability` int(11) DEFAULT NULL,
  `fk_input_reason` int(11) DEFAULT NULL,
  `fk_delivery_address` int(11) DEFAULT NULL,
  `import_key` varchar(14) DEFAULT NULL,
  `extraparams` varchar(255) DEFAULT NULL,
  PRIMARY KEY (`rowid`),
  UNIQUE KEY `uk_commande_ref` (`ref`,`entity`),
  KEY `idx_commande_fk_soc` (`fk_soc`),
  KEY `idx_commande_fk_user_author` (`fk_user_author`),
  KEY `idx_commande_fk_user_valid` (`fk_user_valid`),
  KEY `idx_commande_fk_user_cloture` (`fk_user_cloture`),
  KEY `idx_commande_fk_projet` (`fk_projet`),
  KEY `idx_commande_fk_account` (`fk_account`),
  KEY `idx_commande_fk_currency` (`fk_currency`),
  CONSTRAINT `fk_commande_fk_projet` FOREIGN KEY (`fk_projet`) REFERENCES `llx_projet` (`rowid`),
  CONSTRAINT `fk_commande_fk_soc` FOREIGN KEY (`fk_soc`) REFERENCES `llx_societe` (`rowid`),
  CONSTRAINT `fk_commande_fk_user_author` FOREIGN KEY (`fk_user_author`) REFERENCES `llx_user` (`rowid`),
  CONSTRAINT `fk_commande_fk_user_cloture` FOREIGN KEY (`fk_user_cloture`) REFERENCES `llx_user` (`rowid`),
  CONSTRAINT `fk_commande_fk_user_valid` FOREIGN KEY (`fk_user_valid`) REFERENCES `llx_user` (`rowid`)
) ENGINE=InnoDB DEFAULT CHARSET=utf8;


DROP TABLE IF EXISTS `llx_commandedet`;
CREATE TABLE `llx_commandedet` (
  `rowid` int(11) NOT NULL AUTO_INCREMENT,
  `fk_commande` int(11) NOT NULL,
  `fk_parent_line` int(11) DEFAULT NULL,
  `fk_product` int(11) DEFAULT NULL,
  `label` varchar(255) DEFAULT NULL,
  `description` text,
  `tva_tx` double(6,3) DEFAULT NULL,
  `localtax1_tx` double(6,3) DEFAULT '0.000',
  `localtax1_type` varchar(10) DEFAULT NULL,
  `localtax2_tx` double(6,3) DEFAULT '0.000',
  `localtax2_type` varchar(10) DEFAULT NULL,
  `qty` double DEFAULT NULL,
  `remise_percent` double DEFAULT '0',
  `remise` double DEFAULT '0',
  `fk_remise_except` int(11) DEFAULT NULL,
  `price` double DEFAULT NULL,
  `subprice` double(24,8) DEFAULT '0.00000000',
  `total_ht` double(24,8) DEFAULT '0.00000000',
  `total_tva` double(24,8) DEFAULT '0.00000000',
  `total_localtax1` double(24,8) DEFAULT '0.00000000',
  `total_localtax2` double(24,8) DEFAULT '0.00000000',
  `total_ttc` double(24,8) DEFAULT '0.00000000',
  `product_type` int(11) DEFAULT '0',
  `date_start` datetime DEFAULT NULL,
  `date_end` datetime DEFAULT NULL,
  `info_bits` int(11) DEFAULT '0',
  `buy_price_ht` double(24,8) DEFAULT '0.00000000',
  `fk_product_fournisseur_price` int(11) DEFAULT NULL,
  `special_code` int(10) unsigned DEFAULT '0',
  `rang` int(11) DEFAULT '0',
  `import_key` varchar(14) DEFAULT NULL,
  PRIMARY KEY (`rowid`),
  KEY `idx_commandedet_fk_commande` (`fk_commande`),
  KEY `idx_commandedet_fk_product` (`fk_product`),
  CONSTRAINT `fk_commandedet_fk_commande` FOREIGN KEY (`fk_commande`) REFERENCES `llx_commande` (`rowid`)
) ENGINE=InnoDB DEFAULT CHARSET=utf8;


DROP TABLE IF EXISTS `llx_commandedet_extrafields`;
CREATE TABLE `llx_commandedet_extrafields` (
  `rowid` int(11) NOT NULL AUTO_INCREMENT,
  `tms` timestamp NULL DEFAULT NULL,
  `fk_object` int(11) NOT NULL,
  `import_key` varchar(14) DEFAULT NULL,
  PRIMARY KEY (`rowid`),
  KEY `idx_commandedet_extrafields` (`fk_object`)
) ENGINE=InnoDB DEFAULT CHARSET=utf8;


DROP TABLE IF EXISTS `llx_commande_extrafields`;
CREATE TABLE `llx_commande_extrafields` (
  `rowid` int(11) NOT NULL AUTO_INCREMENT,
  `tms` timestamp NULL DEFAULT NULL,
  `fk_object` int(11) NOT NULL,
  `import_key` varchar(14) DEFAULT NULL,
  PRIMARY KEY (`rowid`),
  KEY `idx_commande_extrafields` (`fk_object`)
) ENGINE=InnoDB DEFAULT CHARSET=utf8;


DROP TABLE IF EXISTS `llx_commande_fournisseur`;
CREATE TABLE `llx_commande_fournisseur` (
  `rowid` int(11) NOT NULL AUTO_INCREMENT,
  `ref` varchar(30) NOT NULL,
  `entity` int(11) NOT NULL DEFAULT '1',
  `ref_ext` varchar(30) DEFAULT NULL,
  `ref_supplier` varchar(30) DEFAULT NULL,
  `fk_soc` int(11) NOT NULL,
  `fk_projet` int(11) DEFAULT '0',
  `tms` timestamp NULL DEFAULT NULL,
  `date_creation` datetime DEFAULT NULL,
  `date_valid` datetime DEFAULT NULL,
  `date_approve` datetime DEFAULT NULL,
  `date_commande` date DEFAULT NULL,
  `fk_user_author` int(11) DEFAULT NULL,
  `fk_user_valid` int(11) DEFAULT NULL,
  `fk_user_approve` int(11) DEFAULT NULL,
  `source` smallint(6) NOT NULL,
  `fk_statut` smallint(6) DEFAULT '0',
  `amount_ht` double DEFAULT '0',
  `remise_percent` double DEFAULT '0',
  `remise` double DEFAULT '0',
  `tva` double(24,8) DEFAULT '0.00000000',
  `localtax1` double(24,8) DEFAULT '0.00000000',
  `localtax2` double(24,8) DEFAULT '0.00000000',
  `total_ht` double(24,8) DEFAULT '0.00000000',
  `total_ttc` double(24,8) DEFAULT '0.00000000',
  `note_private` text,
  `note_public` text,
  `model_pdf` varchar(255) DEFAULT NULL,
  `date_livraison` date DEFAULT NULL,
  `fk_cond_reglement` int(11) DEFAULT NULL,
  `fk_mode_reglement` int(11) DEFAULT NULL,
  `fk_input_method` int(11) DEFAULT '0',
  `import_key` varchar(14) DEFAULT NULL,
  `extraparams` varchar(255) DEFAULT NULL,
  PRIMARY KEY (`rowid`),
  UNIQUE KEY `uk_commande_fournisseur_ref` (`ref`,`fk_soc`,`entity`),
  KEY `idx_commande_fournisseur_fk_soc` (`fk_soc`),
  CONSTRAINT `fk_commande_fournisseur_fk_soc` FOREIGN KEY (`fk_soc`) REFERENCES `llx_societe` (`rowid`)
) ENGINE=InnoDB DEFAULT CHARSET=utf8;


DROP TABLE IF EXISTS `llx_commande_fournisseurdet`;
CREATE TABLE `llx_commande_fournisseurdet` (
  `rowid` int(11) NOT NULL AUTO_INCREMENT,
  `fk_commande` int(11) NOT NULL,
  `fk_product` int(11) DEFAULT NULL,
  `ref` varchar(50) DEFAULT NULL,
  `label` varchar(255) DEFAULT NULL,
  `description` text,
  `tva_tx` double(6,3) DEFAULT '0.000',
  `localtax1_tx` double(6,3) DEFAULT '0.000',
  `localtax1_type` varchar(10) DEFAULT NULL,
  `localtax2_tx` double(6,3) DEFAULT '0.000',
  `localtax2_type` varchar(10) DEFAULT NULL,
  `qty` double DEFAULT NULL,
  `remise_percent` double DEFAULT '0',
  `remise` double DEFAULT '0',
  `subprice` double(24,8) DEFAULT '0.00000000',
  `total_ht` double(24,8) DEFAULT '0.00000000',
  `total_tva` double(24,8) DEFAULT '0.00000000',
  `total_localtax1` double(24,8) DEFAULT '0.00000000',
  `total_localtax2` double(24,8) DEFAULT '0.00000000',
  `total_ttc` double(24,8) DEFAULT '0.00000000',
  `product_type` int(11) DEFAULT '0',
  `date_start` datetime DEFAULT NULL,
  `date_end` datetime DEFAULT NULL,
  `info_bits` int(11) DEFAULT '0',
  `import_key` varchar(14) DEFAULT NULL,
  PRIMARY KEY (`rowid`)
) ENGINE=InnoDB DEFAULT CHARSET=utf8;


DROP TABLE IF EXISTS `llx_commande_fournisseur_dispatch`;
CREATE TABLE `llx_commande_fournisseur_dispatch` (
  `rowid` int(11) NOT NULL AUTO_INCREMENT,
  `fk_commande` int(11) DEFAULT NULL,
  `fk_product` int(11) DEFAULT NULL,
  `qty` float DEFAULT NULL,
  `fk_entrepot` int(11) DEFAULT NULL,
  `fk_user` int(11) DEFAULT NULL,
  `datec` datetime DEFAULT NULL,
  PRIMARY KEY (`rowid`),
  KEY `idx_commande_fournisseur_dispatch_fk_commande` (`fk_commande`)
) ENGINE=InnoDB DEFAULT CHARSET=utf8;


DROP TABLE IF EXISTS `llx_commande_fournisseur_extrafields`;
CREATE TABLE `llx_commande_fournisseur_extrafields` (
  `rowid` int(11) NOT NULL AUTO_INCREMENT,
  `tms` timestamp NULL DEFAULT NULL,
  `fk_object` int(11) NOT NULL,
  `import_key` varchar(14) DEFAULT NULL,
  PRIMARY KEY (`rowid`),
  KEY `idx_commande_fournisseur_extrafields` (`fk_object`)
) ENGINE=InnoDB DEFAULT CHARSET=utf8;


DROP TABLE IF EXISTS `llx_commande_fournisseur_log`;
CREATE TABLE `llx_commande_fournisseur_log` (
  `rowid` int(11) NOT NULL AUTO_INCREMENT,
  `tms` timestamp NULL DEFAULT NULL,
  `datelog` datetime NOT NULL,
  `fk_commande` int(11) NOT NULL,
  `fk_statut` smallint(6) NOT NULL,
  `fk_user` int(11) NOT NULL,
  `comment` varchar(255) DEFAULT NULL,
  PRIMARY KEY (`rowid`)
) ENGINE=InnoDB DEFAULT CHARSET=utf8;


DROP TABLE IF EXISTS `llx_compta`;
CREATE TABLE `llx_compta` (
  `rowid` int(11) NOT NULL AUTO_INCREMENT,
  `datec` datetime DEFAULT NULL,
  `datev` date DEFAULT NULL,
  `amount` double NOT NULL DEFAULT '0',
  `label` varchar(255) DEFAULT NULL,
  `fk_compta_account` int(11) DEFAULT NULL,
  `fk_user_author` int(11) DEFAULT NULL,
  `fk_user_valid` int(11) DEFAULT NULL,
  `valid` tinyint(4) DEFAULT '0',
  `note` text,
  PRIMARY KEY (`rowid`)
) ENGINE=InnoDB DEFAULT CHARSET=utf8;


DROP TABLE IF EXISTS `llx_compta_account`;
CREATE TABLE `llx_compta_account` (
  `rowid` int(11) NOT NULL AUTO_INCREMENT,
  `datec` datetime DEFAULT NULL,
  `number` varchar(12) DEFAULT NULL,
  `label` varchar(255) DEFAULT NULL,
  `fk_user_author` int(11) DEFAULT NULL,
  `note` text,
  PRIMARY KEY (`rowid`)
) ENGINE=InnoDB DEFAULT CHARSET=utf8;


DROP TABLE IF EXISTS `llx_compta_compte_generaux`;
CREATE TABLE `llx_compta_compte_generaux` (
  `rowid` int(11) NOT NULL AUTO_INCREMENT,
  `date_creation` datetime DEFAULT NULL,
  `numero` varchar(50) DEFAULT NULL,
  `intitule` varchar(255) DEFAULT NULL,
  `fk_user_author` int(11) DEFAULT NULL,
  `note` text,
  PRIMARY KEY (`rowid`),
  UNIQUE KEY `numero` (`numero`)
) ENGINE=InnoDB DEFAULT CHARSET=utf8;


DROP TABLE IF EXISTS `llx_const`;
CREATE TABLE `llx_const` (
  `rowid` int(11) NOT NULL AUTO_INCREMENT,
  `name` varchar(255) NOT NULL,
  `entity` int(11) NOT NULL DEFAULT '1',
  `value` text NOT NULL,
  `type` varchar(6) DEFAULT NULL,
  `visible` tinyint(4) NOT NULL DEFAULT '1',
  `note` text,
  `tms` timestamp NULL DEFAULT NULL,
  PRIMARY KEY (`rowid`),
  UNIQUE KEY `uk_const` (`name`,`entity`)
) ENGINE=InnoDB DEFAULT CHARSET=utf8;

INSERT INTO `llx_const` (`rowid`, `name`, `entity`, `value`, `type`, `visible`, `note`, `tms`) VALUES
(2,	'MAIN_FEATURES_LEVEL',	0,	'0',	'chaine',	1,	'Level of features to show (0=stable only, 1=stable+experimental, 2=stable+experimental+development',	NULL),
(3,	'MAILING_LIMIT_SENDBYWEB',	0,	'25',	'chaine',	1,	'Number of targets to defined packet size when sending mass email',	NULL),
(4,	'SYSLOG_HANDLERS',	0,	'[\"mod_syslog_file\"]',	'chaine',	0,	'Which logger to use',	NULL),
(5,	'SYSLOG_FILE',	0,	'DOL_DATA_ROOT/dolibarr.log',	'chaine',	0,	'Directory where to write log file',	NULL),
(6,	'SYSLOG_LEVEL',	0,	'7',	'chaine',	0,	'Level of debug info to show',	NULL),
(7,	'MAIN_MAIL_SMTP_SERVER',	0,	'',	'chaine',	0,	'Host or ip address for SMTP server',	NULL),
(8,	'MAIN_MAIL_SMTP_PORT',	0,	'',	'chaine',	0,	'Port for SMTP server',	NULL),
(9,	'MAIN_UPLOAD_DOC',	0,	'2048',	'chaine',	0,	'Max size for file upload (0 means no upload allowed)',	NULL),
(11,	'MAIN_MAIL_EMAIL_FROM',	1,	'robot@domain.com',	'chaine',	0,	'EMail emetteur pour les emails automatiques Dolibarr',	NULL),
(12,	'MAIN_SIZE_LISTE_LIMIT',	0,	'25',	'chaine',	0,	'Longueur maximum des listes',	NULL),
(13,	'MAIN_SHOW_WORKBOARD',	0,	'1',	'yesno',	0,	'Affichage tableau de bord de travail Dolibarr',	NULL),
(14,	'MAIN_MENU_STANDARD',	1,	'eldy_menu.php',	'chaine',	0,	'Menu manager for internal users',	NULL),
(15,	'MAIN_MENUFRONT_STANDARD',	1,	'eldy_menu.php',	'chaine',	0,	'Menu manager for external users',	NULL),
(16,	'MAIN_MENU_SMARTPHONE',	1,	'eldy_menu.php',	'chaine',	0,	'Menu manager for internal users using smartphones',	NULL),
(17,	'MAIN_MENUFRONT_SMARTPHONE',	1,	'eldy_menu.php',	'chaine',	0,	'Menu manager for external users using smartphones',	NULL),
(18,	'MAIN_DELAY_ACTIONS_TODO',	1,	'7',	'chaine',	0,	'Tolérance de retard avant alerte (en jours) sur actions planifiées non réalisées',	NULL),
(19,	'MAIN_DELAY_ORDERS_TO_PROCESS',	1,	'2',	'chaine',	0,	'Tolérance de retard avant alerte (en jours) sur commandes clients non traitées',	NULL),
(20,	'MAIN_DELAY_SUPPLIER_ORDERS_TO_PROCESS',	1,	'7',	'chaine',	0,	'Tolérance de retard avant alerte (en jours) sur commandes fournisseurs non traitées',	NULL),
(21,	'MAIN_DELAY_PROPALS_TO_CLOSE',	1,	'31',	'chaine',	0,	'Tolérance de retard avant alerte (en jours) sur propales à cloturer',	NULL),
(22,	'MAIN_DELAY_PROPALS_TO_BILL',	1,	'7',	'chaine',	0,	'Tolérance de retard avant alerte (en jours) sur propales non facturées',	NULL),
(23,	'MAIN_DELAY_CUSTOMER_BILLS_UNPAYED',	1,	'31',	'chaine',	0,	'Tolérance de retard avant alerte (en jours) sur factures client impayées',	NULL),
(24,	'MAIN_DELAY_SUPPLIER_BILLS_TO_PAY',	1,	'2',	'chaine',	0,	'Tolérance de retard avant alerte (en jours) sur factures fournisseur impayées',	NULL),
(25,	'MAIN_DELAY_NOT_ACTIVATED_SERVICES',	1,	'0',	'chaine',	0,	'Tolérance de retard avant alerte (en jours) sur services à activer',	NULL),
(26,	'MAIN_DELAY_RUNNING_SERVICES',	1,	'0',	'chaine',	0,	'Tolérance de retard avant alerte (en jours) sur services expirés',	NULL),
(27,	'MAIN_DELAY_MEMBERS',	1,	'31',	'chaine',	0,	'Tolérance de retard avant alerte (en jours) sur cotisations adhérent en retard',	NULL),
(28,	'MAIN_DELAY_TRANSACTIONS_TO_CONCILIATE',	1,	'62',	'chaine',	0,	'Tolérance de retard avant alerte (en jours) sur rapprochements bancaires à faire',	NULL),
(29,	'MAIN_FIX_FOR_BUGGED_MTA',	1,	'1',	'chaine',	1,	'Set constant to fix email ending from PHP with some linux ike system',	NULL),
(30,	'MAILING_EMAIL_FROM',	1,	'dolibarr@domain.com',	'chaine',	0,	'EMail emmetteur pour les envois d emailings',	NULL),
(32,	'MAIN_VERSION_LAST_INSTALL',	0,	'3.5.4',	'chaine',	0,	'Dolibarr version when install',	NULL),
(33,	'MAIN_LANG_DEFAULT',	1,	'auto',	'chaine',	0,	'Default language',	NULL),
(59,	'MAIN_MODULE_ENLACEKEME',	1,	'1',	NULL,	0,	NULL,	NULL),
(60,	'MAIN_MODULE_ENLACEKEME_TRIGGERS',	1,	'1',	'chaine',	0,	NULL,	NULL),
(61,	'MAIN_MODULE_ENLACEKEME_HOOKS',	1,	'[\"productcard\"]',	'chaine',	0,	NULL,	NULL),
(63,	'FACTURE_ADDON_PDF',	1,	'crabe',	'chaine',	0,	'Name of PDF model of invoice',	NULL),
(64,	'FACTURE_ADDON',	1,	'mod_facture_terre',	'chaine',	0,	'Name of numbering numerotation rules of invoice',	NULL),
(65,	'FACTURE_ADDON_PDF_ODT_PATH',	1,	'DOL_DATA_ROOT/doctemplates/invoices',	'chaine',	0,	NULL,	NULL),
(69,	'MAIN_SEARCHFORM_SOCIETE',	1,	'1',	'yesno',	0,	'Show form for quick company search',	NULL),
(70,	'MAIN_SEARCHFORM_CONTACT',	1,	'1',	'yesno',	0,	'Show form for quick contact search',	NULL),
(71,	'COMPANY_ADDON_PDF_ODT_PATH',	1,	'DOL_DATA_ROOT/doctemplates/thirdparties',	'chaine',	0,	NULL,	NULL),
(72,	'SOCIETE_ADD_REF_IN_LIST',	1,	'',	'yesno',	0,	'Display customer ref into select list',	NULL),
(74,	'MAIN_MODULE_COMPTABILITE',	1,	'1',	NULL,	0,	NULL,	NULL),
(77,	'MAIN_MODULE_BANQUE',	1,	'1',	NULL,	0,	NULL,	NULL),
(79,	'COMMANDE_SUPPLIER_ADDON_PDF',	1,	'muscadet',	'chaine',	0,	'Nom du gestionnaire de generation des bons de commande en PDF',	NULL),
(80,	'COMMANDE_SUPPLIER_ADDON_NUMBER',	1,	'mod_commande_fournisseur_muguet',	'chaine',	0,	'Nom du gestionnaire de numerotation des commandes fournisseur',	NULL),
(81,	'INVOICE_SUPPLIER_ADDON_PDF',	1,	'canelle',	'chaine',	0,	'Nom du gestionnaire de generation des factures fournisseur en PDF',	NULL),
(82,	'INVOICE_SUPPLIER_ADDON_NUMBER',	1,	'mod_facture_fournisseur_cactus',	'chaine',	0,	'Nom du gestionnaire de numerotation des factures fournisseur',	NULL),
(84,	'MAIN_MODULE_PRODUCT',	1,	'1',	NULL,	0,	NULL,	NULL),
(85,	'PRODUCT_CODEPRODUCT_ADDON',	1,	'mod_codeproduct_leopard',	'chaine',	0,	'Module to control product codes',	NULL),
(86,	'MAIN_SEARCHFORM_PRODUITSERVICE',	1,	'1',	'yesno',	0,	'Show form for quick product search',	NULL),
(88,	'ENLACEKEME_CUENTA_RE_SELL_41',	1,	'47702152',	'chaine',	0,	'',	NULL),
(89,	'ENLACEKEME_CUENTA_RE_BUY_41',	1,	'47202152',	'chaine',	0,	'',	NULL),
(90,	'ENLACEKEME_CUENTA_RE_SELL_42',	1,	'47701014',	'chaine',	0,	'',	NULL),
(91,	'ENLACEKEME_CUENTA_RE_BUY_42',	1,	'47201014',	'chaine',	0,	'',	NULL),
(92,	'ENLACEKEME_CUENTA_RE_SELL_43',	1,	'47700405',	'chaine',	0,	'',	NULL),
(93,	'ENLACEKEME_CUENTA_RE_BUY_43',	1,	'47200405',	'chaine',	0,	'',	NULL),
(94,	'ENLACEKEME_CUENTA_IRPF',	1,	'47510000',	'chaine',	0,	'',	NULL),
(95,	'ENLACEKEME_CUENTA_HAEAT_IVA',	1,	'47500000',	'chaine',	0,	'',	NULL),
(96,	'ENLACEKEME_PREFIJOCUENTA_ANTICIPOS',	1,	'438',	'chaine',	0,	'',	NULL),
(97,	'ENLACEKEME_CUENTA_LONGITUD',	1,	'8',	'chaine',	0,	'',	NULL),
(98,	'COMPANY_AQUARIUM_MASK_SUPPLIER',	1,	'400',	'chaine',	0,	'',	NULL),
(99,	'COMPANY_AQUARIUM_MASK_CUSTOMER',	1,	'430',	'chaine',	0,	'',	NULL),
(100,	'SOCIETE_CODECOMPTA_ADDON',	1,	'mod_codecompta_aquarium',	'chaine',	0,	'',	NULL),
(101,	'COMPANY_ELEPHANT_MASK_CUSTOMER',	1,	'{00000}',	'chaine',	0,	'',	NULL),
(102,	'COMPANY_ELEPHANT_MASK_SUPPLIER',	1,	'{00000}',	'chaine',	0,	'',	NULL),
(103,	'SOCIETE_CODECLIENT_ADDON',	1,	'mod_codeclient_elephant',	'chaine',	0,	'',	NULL),
(104,	'COMPTA_MODE',	1,	'CREANCES-DETTES',	'chaine',	0,	'',	NULL),
(105,	'COMPTA_PRODUCT_BUY_ACCOUNT',	1,	'60000000',	'string',	0,	'',	NULL),
(106,	'COMPTA_PRODUCT_SOLD_ACCOUNT',	1,	'70000000',	'string',	0,	'',	NULL),
(107,	'COMPTA_SERVICE_BUY_ACCOUNT',	1,	'62000000',	'string',	0,	'',	NULL),
(108,	'COMPTA_SERVICE_SOLD_ACCOUNT',	1,	'70500000',	'string',	0,	'',	NULL),
(109,	'COMPTA_VAT_ACCOUNT',	1,	'47700000',	'string',	0,	'',	NULL),
(110,	'COMPTA_VAT_BUY_ACCOUNT',	1,	'47200000',	'string',	0,	'',	NULL),
(111,	'COMPTA_ACCOUNT_CUSTOMER',	1,	'43000000',	'string',	0,	'',	NULL),
(112,	'COMPTA_ACCOUNT_SUPPLIER',	1,	'40000000',	'string',	0,	'',	NULL),
(113,	'MAIN_INFO_SOCIETE_COUNTRY',	1,	'4:ES:España',	'chaine',	0,	'',	NULL),
(114,	'MAIN_INFO_SOCIETE_NOM',	1,	'Empresa de prueba',	'chaine',	0,	'',	NULL),
(115,	'MAIN_INFO_SOCIETE_STATE',	1,	'0',	'chaine',	0,	'',	NULL),
(116,	'MAIN_MONNAIE',	1,	'EUR',	'chaine',	0,	'',	NULL),
(117,	'MAIN_INFO_SOCIETE_FORME_JURIDIQUE',	1,	'0',	'chaine',	0,	'',	NULL),
(118,	'SOCIETE_FISCAL_MONTH_START',	1,	'0',	'chaine',	0,	'',	NULL),
(119,	'FACTURE_TVAOPTION',	1,	'reel',	'chaine',	0,	'',	NULL),
(120,	'FACTURE_LOCAL_TAX1_OPTION',	1,	'localtax1on',	'chaine',	0,	'',	NULL),
(121,	'PROJECT_TASK_ADDON_PDF',	1,	'',	'chaine',	0,	'Name of PDF/ODT tasks manager class',	NULL),
(122,	'PROJECT_TASK_ADDON',	1,	'mod_task_simple',	'chaine',	0,	'Name of Numbering Rule task manager class',	NULL),
(123,	'PROJECT_TASK_ADDON_PDF_ODT_PATH',	1,	'DOL_DATA_ROOT/doctemplates/tasks',	'chaine',	0,	'',	NULL),
(133,	'MAIN_MODULE_SOCIETE',	1,	'1',	NULL,	0,	NULL,	NULL),
(134,	'MAIN_MODULE_SERVICE',	1,	'1',	NULL,	0,	NULL,	NULL),
(135,	'MAIN_MODULE_FACTURE',	1,	'1',	NULL,	0,	NULL,	NULL),
(136,	'MAIN_MODULE_FOURNISSEUR',	1,	'1',	NULL,	0,	NULL,	NULL),
(137,	'MAIN_MODULE_USER',	0,	'1',	NULL,	0,	NULL,	NULL),
(138,	'MAIN_VERSION_LAST_UPGRADE',	0,	'3.5.8',	'chaine',	0,	'Dolibarr version for last upgrade',	NULL);

DROP TABLE IF EXISTS `llx_contrat`;
CREATE TABLE `llx_contrat` (
  `rowid` int(11) NOT NULL AUTO_INCREMENT,
  `ref` varchar(30) DEFAULT NULL,
  `entity` int(11) NOT NULL DEFAULT '1',
  `tms` timestamp NULL DEFAULT NULL,
  `datec` datetime DEFAULT NULL,
  `date_contrat` datetime DEFAULT NULL,
  `statut` smallint(6) DEFAULT '0',
  `mise_en_service` datetime DEFAULT NULL,
  `fin_validite` datetime DEFAULT NULL,
  `date_cloture` datetime DEFAULT NULL,
  `fk_soc` int(11) NOT NULL,
  `fk_projet` int(11) DEFAULT NULL,
  `fk_commercial_signature` int(11) NOT NULL,
  `fk_commercial_suivi` int(11) NOT NULL,
  `fk_user_author` int(11) NOT NULL DEFAULT '0',
  `fk_user_mise_en_service` int(11) DEFAULT NULL,
  `fk_user_cloture` int(11) DEFAULT NULL,
  `note_private` text,
  `note_public` text,
  `import_key` varchar(14) DEFAULT NULL,
  `extraparams` varchar(255) DEFAULT NULL,
  PRIMARY KEY (`rowid`),
  UNIQUE KEY `uk_contrat_ref` (`ref`,`entity`),
  KEY `idx_contrat_fk_soc` (`fk_soc`),
  KEY `idx_contrat_fk_user_author` (`fk_user_author`),
  CONSTRAINT `fk_contrat_fk_soc` FOREIGN KEY (`fk_soc`) REFERENCES `llx_societe` (`rowid`),
  CONSTRAINT `fk_contrat_user_author` FOREIGN KEY (`fk_user_author`) REFERENCES `llx_user` (`rowid`)
) ENGINE=InnoDB DEFAULT CHARSET=utf8;


DROP TABLE IF EXISTS `llx_contratdet`;
CREATE TABLE `llx_contratdet` (
  `rowid` int(11) NOT NULL AUTO_INCREMENT,
  `tms` timestamp NULL DEFAULT NULL,
  `fk_contrat` int(11) NOT NULL,
  `fk_product` int(11) DEFAULT NULL,
  `statut` smallint(6) DEFAULT '0',
  `label` text,
  `description` text,
  `fk_remise_except` int(11) DEFAULT NULL,
  `date_commande` datetime DEFAULT NULL,
  `date_ouverture_prevue` datetime DEFAULT NULL,
  `date_ouverture` datetime DEFAULT NULL,
  `date_fin_validite` datetime DEFAULT NULL,
  `date_cloture` datetime DEFAULT NULL,
  `tva_tx` double(6,3) DEFAULT '0.000',
  `localtax1_tx` double(6,3) DEFAULT '0.000',
  `localtax1_type` varchar(10) DEFAULT NULL,
  `localtax2_tx` double(6,3) DEFAULT '0.000',
  `localtax2_type` varchar(10) DEFAULT NULL,
  `qty` double NOT NULL,
  `remise_percent` double DEFAULT '0',
  `subprice` double(24,8) DEFAULT '0.00000000',
  `price_ht` double DEFAULT NULL,
  `remise` double DEFAULT '0',
  `total_ht` double(24,8) DEFAULT '0.00000000',
  `total_tva` double(24,8) DEFAULT '0.00000000',
  `total_localtax1` double(24,8) DEFAULT '0.00000000',
  `total_localtax2` double(24,8) DEFAULT '0.00000000',
  `total_ttc` double(24,8) DEFAULT '0.00000000',
  `product_type` int(11) DEFAULT '1',
  `info_bits` int(11) DEFAULT '0',
  `buy_price_ht` double(24,8) DEFAULT NULL,
  `fk_product_fournisseur_price` int(11) DEFAULT NULL,
  `fk_user_author` int(11) NOT NULL DEFAULT '0',
  `fk_user_ouverture` int(11) DEFAULT NULL,
  `fk_user_cloture` int(11) DEFAULT NULL,
  `commentaire` text,
  PRIMARY KEY (`rowid`),
  KEY `idx_contratdet_fk_contrat` (`fk_contrat`),
  KEY `idx_contratdet_fk_product` (`fk_product`),
  KEY `idx_contratdet_date_ouverture_prevue` (`date_ouverture_prevue`),
  KEY `idx_contratdet_date_ouverture` (`date_ouverture`),
  KEY `idx_contratdet_date_fin_validite` (`date_fin_validite`),
  CONSTRAINT `fk_contratdet_fk_contrat` FOREIGN KEY (`fk_contrat`) REFERENCES `llx_contrat` (`rowid`),
  CONSTRAINT `fk_contratdet_fk_product` FOREIGN KEY (`fk_product`) REFERENCES `llx_product` (`rowid`)
) ENGINE=InnoDB DEFAULT CHARSET=utf8;


DROP TABLE IF EXISTS `llx_contratdet_log`;
CREATE TABLE `llx_contratdet_log` (
  `rowid` int(11) NOT NULL AUTO_INCREMENT,
  `tms` timestamp NULL DEFAULT NULL,
  `fk_contratdet` int(11) NOT NULL,
  `date` datetime NOT NULL,
  `statut` smallint(6) NOT NULL,
  `fk_user_author` int(11) NOT NULL,
  `commentaire` text,
  PRIMARY KEY (`rowid`),
  KEY `idx_contratdet_log_fk_contratdet` (`fk_contratdet`),
  KEY `idx_contratdet_log_date` (`date`),
  CONSTRAINT `fk_contratdet_log_fk_contratdet` FOREIGN KEY (`fk_contratdet`) REFERENCES `llx_contratdet` (`rowid`)
) ENGINE=InnoDB DEFAULT CHARSET=utf8;


DROP TABLE IF EXISTS `llx_contrat_extrafields`;
CREATE TABLE `llx_contrat_extrafields` (
  `rowid` int(11) NOT NULL AUTO_INCREMENT,
  `tms` timestamp NULL DEFAULT NULL,
  `fk_object` int(11) NOT NULL,
  `import_key` varchar(14) DEFAULT NULL,
  PRIMARY KEY (`rowid`),
  KEY `idx_contrat_extrafields` (`fk_object`)
) ENGINE=InnoDB DEFAULT CHARSET=utf8;


DROP TABLE IF EXISTS `llx_cotisation`;
CREATE TABLE `llx_cotisation` (
  `rowid` int(11) NOT NULL AUTO_INCREMENT,
  `tms` timestamp NULL DEFAULT NULL,
  `datec` datetime DEFAULT NULL,
  `fk_adherent` int(11) DEFAULT NULL,
  `dateadh` datetime DEFAULT NULL,
  `datef` date DEFAULT NULL,
  `cotisation` double DEFAULT NULL,
  `fk_bank` int(11) DEFAULT NULL,
  `note` text,
  PRIMARY KEY (`rowid`),
  UNIQUE KEY `uk_cotisation` (`fk_adherent`,`dateadh`)
) ENGINE=InnoDB DEFAULT CHARSET=utf8;


DROP TABLE IF EXISTS `llx_cronjob`;
CREATE TABLE `llx_cronjob` (
  `rowid` int(11) NOT NULL AUTO_INCREMENT,
  `tms` timestamp NULL DEFAULT NULL,
  `datec` datetime DEFAULT NULL,
  `jobtype` varchar(10) NOT NULL,
  `label` text NOT NULL,
  `command` varchar(255) DEFAULT NULL,
  `classesname` varchar(255) DEFAULT NULL,
  `objectname` varchar(255) DEFAULT NULL,
  `methodename` varchar(255) DEFAULT NULL,
  `params` text NOT NULL,
  `md5params` varchar(32) DEFAULT NULL,
  `module_name` varchar(255) DEFAULT NULL,
  `priority` int(11) DEFAULT '0',
  `datelastrun` datetime DEFAULT NULL,
  `datenextrun` datetime DEFAULT NULL,
  `datestart` datetime DEFAULT NULL,
  `dateend` datetime DEFAULT NULL,
  `datelastresult` datetime DEFAULT NULL,
  `lastresult` text,
  `lastoutput` text,
  `unitfrequency` int(11) NOT NULL DEFAULT '0',
  `frequency` int(11) NOT NULL DEFAULT '0',
  `nbrun` int(11) DEFAULT NULL,
  `status` int(11) NOT NULL DEFAULT '1',
  `fk_user_author` int(11) DEFAULT NULL,
  `fk_user_mod` int(11) DEFAULT NULL,
  `note` text,
  `libname` varchar(255) DEFAULT NULL,
  PRIMARY KEY (`rowid`)
) ENGINE=InnoDB DEFAULT CHARSET=utf8;


DROP TABLE IF EXISTS `llx_c_actioncomm`;
CREATE TABLE `llx_c_actioncomm` (
  `id` int(11) NOT NULL,
  `code` varchar(12) NOT NULL,
  `type` varchar(10) NOT NULL DEFAULT 'system',
  `libelle` varchar(48) NOT NULL,
  `module` varchar(16) DEFAULT NULL,
  `active` tinyint(4) NOT NULL DEFAULT '1',
  `todo` tinyint(4) DEFAULT NULL,
  `position` int(11) NOT NULL DEFAULT '0',
  PRIMARY KEY (`id`),
  UNIQUE KEY `uk_c_actioncomm` (`code`)
) ENGINE=InnoDB DEFAULT CHARSET=utf8;

INSERT INTO `llx_c_actioncomm` (`id`, `code`, `type`, `libelle`, `module`, `active`, `todo`, `position`) VALUES
(1,	'AC_TEL',	'system',	'Phone call',	NULL,	1,	NULL,	2),
(2,	'AC_FAX',	'system',	'Send Fax',	NULL,	1,	NULL,	3),
(3,	'AC_PROP',	'systemauto',	'Send commercial proposal by email',	'propal',	0,	NULL,	10),
(4,	'AC_EMAIL',	'system',	'Send Email',	NULL,	1,	NULL,	4),
(5,	'AC_RDV',	'system',	'Rendez-vous',	NULL,	1,	NULL,	1),
(8,	'AC_COM',	'systemauto',	'Send customer order by email',	'order',	0,	NULL,	8),
(9,	'AC_FAC',	'systemauto',	'Send customer invoice by email',	'invoice',	0,	NULL,	6),
(10,	'AC_SHIP',	'systemauto',	'Send shipping by email',	'shipping',	0,	NULL,	11),
(30,	'AC_SUP_ORD',	'systemauto',	'Send supplier order by email',	'order_supplier',	0,	NULL,	9),
(31,	'AC_SUP_INV',	'systemauto',	'Send supplier invoice by email',	'invoice_supplier',	0,	NULL,	7),
(40,	'AC_OTH_AUTO',	'systemauto',	'Other (automatically inserted events)',	NULL,	1,	NULL,	20),
(50,	'AC_OTH',	'system',	'Other (manually inserted events)',	NULL,	1,	NULL,	5);

DROP TABLE IF EXISTS `llx_c_action_trigger`;
CREATE TABLE `llx_c_action_trigger` (
  `rowid` int(11) NOT NULL AUTO_INCREMENT,
  `code` varchar(32) NOT NULL,
  `label` varchar(128) NOT NULL,
  `description` varchar(255) DEFAULT NULL,
  `elementtype` varchar(16) NOT NULL,
  `rang` int(11) DEFAULT '0',
  PRIMARY KEY (`rowid`),
  UNIQUE KEY `uk_action_trigger_code` (`code`),
  KEY `idx_action_trigger_rang` (`rang`)
) ENGINE=InnoDB DEFAULT CHARSET=utf8;

INSERT INTO `llx_c_action_trigger` (`rowid`, `code`, `label`, `description`, `elementtype`, `rang`) VALUES
(1,	'FICHINTER_VALIDATE',	'Intervention validated',	'Executed when a intervention is validated',	'ficheinter',	19),
(2,	'BILL_VALIDATE',	'Customer invoice validated',	'Executed when a customer invoice is approved',	'facture',	6),
(3,	'ORDER_SUPPLIER_APPROVE',	'Supplier order request approved',	'Executed when a supplier order is approved',	'order_supplier',	12),
(4,	'ORDER_SUPPLIER_REFUSE',	'Supplier order request refused',	'Executed when a supplier order is refused',	'order_supplier',	13),
(5,	'ORDER_VALIDATE',	'Customer order validate',	'Executed when a customer order is validated',	'commande',	4),
(6,	'PROPAL_VALIDATE',	'Customer proposal validated',	'Executed when a commercial proposal is validated',	'propal',	2),
(9,	'COMPANY_SENTBYMAIL',	'Mails sent from third party card',	'Executed when you send email from third party card',	'societe',	1),
(10,	'COMPANY_CREATE',	'Third party created',	'Executed when a third party is created',	'societe',	1),
(11,	'CONTRACT_VALIDATE',	'Contract validated',	'Executed when a contract is validated',	'contrat',	18),
(12,	'PROPAL_SENTBYMAIL',	'Commercial proposal sent by mail',	'Executed when a commercial proposal is sent by mail',	'propal',	3),
(13,	'ORDER_SENTBYMAIL',	'Customer order sent by mail',	'Executed when a customer order is sent by mail ',	'commande',	5),
(14,	'BILL_PAYED',	'Customer invoice payed',	'Executed when a customer invoice is payed',	'facture',	7),
(15,	'BILL_CANCEL',	'Customer invoice canceled',	'Executed when a customer invoice is conceled',	'facture',	8),
(16,	'BILL_SENTBYMAIL',	'Customer invoice sent by mail',	'Executed when a customer invoice is sent by mail',	'facture',	9),
(17,	'ORDER_SUPPLIER_VALIDATE',	'Supplier order validated',	'Executed when a supplier order is validated',	'order_supplier',	11),
(18,	'ORDER_SUPPLIER_SENTBYMAIL',	'Supplier order sent by mail',	'Executed when a supplier order is sent by mail',	'order_supplier',	14),
(19,	'BILL_SUPPLIER_VALIDATE',	'Supplier invoice validated',	'Executed when a supplier invoice is validated',	'invoice_supplier',	15),
(20,	'BILL_SUPPLIER_PAYED',	'Supplier invoice payed',	'Executed when a supplier invoice is payed',	'invoice_supplier',	16),
(21,	'BILL_SUPPLIER_SENTBYMAIL',	'Supplier invoice sent by mail',	'Executed when a supplier invoice is sent by mail',	'invoice_supplier',	17),
(22,	'SHIPPING_VALIDATE',	'Shipping validated',	'Executed when a shipping is validated',	'shipping',	20),
(23,	'SHIPPING_SENTBYMAIL',	'Shipping sent by mail',	'Executed when a shipping is sent by mail',	'shipping',	21),
(24,	'MEMBER_VALIDATE',	'Member validated',	'Executed when a member is validated',	'member',	22),
(25,	'MEMBER_SUBSCRIPTION',	'Member subscribed',	'Executed when a member is subscribed',	'member',	23),
(26,	'MEMBER_RESILIATE',	'Member resiliated',	'Executed when a member is resiliated',	'member',	24),
(27,	'MEMBER_DELETE',	'Member deleted',	'Executed when a member is deleted',	'member',	25),
(28,	'BILL_UNVALIDATE',	'Customer invoice unvalidated',	'Executed when a customer invoice status set back to draft',	'facture',	10),
(29,	'FICHINTER_SENTBYMAIL',	'Intervention sent by mail',	'Executed when a intervention is sent by mail',	'ficheinter',	29),
(30,	'PROJECT_CREATE',	'Project creation',	'Executed when a project is created',	'project',	30);

DROP TABLE IF EXISTS `llx_c_availability`;
CREATE TABLE `llx_c_availability` (
  `rowid` int(11) NOT NULL AUTO_INCREMENT,
  `code` varchar(30) NOT NULL,
  `label` varchar(60) NOT NULL,
  `active` tinyint(4) NOT NULL DEFAULT '1',
  PRIMARY KEY (`rowid`),
  UNIQUE KEY `uk_c_availability` (`code`)
) ENGINE=InnoDB DEFAULT CHARSET=utf8;

INSERT INTO `llx_c_availability` (`rowid`, `code`, `label`, `active`) VALUES
(1,	'AV_NOW',	'Immediate',	1),
(2,	'AV_1W',	'1 week',	1),
(3,	'AV_2W',	'2 weeks',	1),
(4,	'AV_3W',	'3 weeks',	1);

DROP TABLE IF EXISTS `llx_c_barcode_type`;
CREATE TABLE `llx_c_barcode_type` (
  `rowid` int(11) NOT NULL AUTO_INCREMENT,
  `code` varchar(16) NOT NULL,
  `entity` int(11) NOT NULL DEFAULT '1',
  `libelle` varchar(50) NOT NULL,
  `coder` varchar(16) NOT NULL,
  `example` varchar(16) NOT NULL,
  PRIMARY KEY (`rowid`),
  UNIQUE KEY `uk_c_barcode_type` (`code`,`entity`)
) ENGINE=InnoDB DEFAULT CHARSET=utf8;


DROP TABLE IF EXISTS `llx_c_chargesociales`;
CREATE TABLE `llx_c_chargesociales` (
  `id` int(11) NOT NULL AUTO_INCREMENT,
  `libelle` varchar(80) DEFAULT NULL,
  `deductible` smallint(6) NOT NULL DEFAULT '0',
  `active` tinyint(4) NOT NULL DEFAULT '1',
  `code` varchar(12) NOT NULL,
  `accountancy_code` varchar(24) DEFAULT NULL,
  `fk_pays` int(11) NOT NULL DEFAULT '1',
  `module` varchar(32) DEFAULT NULL,
  PRIMARY KEY (`id`)
) ENGINE=InnoDB DEFAULT CHARSET=utf8;

INSERT INTO `llx_c_chargesociales` (`id`, `libelle`, `deductible`, `active`, `code`, `accountancy_code`, `fk_pays`, `module`) VALUES
(1,	'Allocations familiales',	1,	1,	'TAXFAM',	NULL,	1,	NULL),
(2,	'CSG Deductible',	1,	1,	'TAXCSGD',	NULL,	1,	NULL),
(3,	'CSG/CRDS NON Deductible',	0,	1,	'TAXCSGND',	NULL,	1,	NULL),
(10,	'Taxe apprentissage',	0,	1,	'TAXAPP',	NULL,	1,	NULL),
(11,	'Taxe professionnelle',	0,	1,	'TAXPRO',	NULL,	1,	NULL),
(12,	'Cotisation fonciere des entreprises',	0,	1,	'TAXCFE',	NULL,	1,	NULL),
(13,	'Cotisation sur la valeur ajoutee des entreprises',	0,	1,	'TAXCVAE',	NULL,	1,	NULL),
(20,	'Impots locaux/fonciers',	0,	1,	'TAXFON',	NULL,	1,	NULL),
(25,	'Impots revenus',	0,	1,	'TAXREV',	NULL,	1,	NULL),
(30,	'Assurance Sante',	0,	1,	'TAXSECU',	NULL,	1,	NULL),
(40,	'Mutuelle',	0,	1,	'TAXMUT',	NULL,	1,	NULL),
(50,	'Assurance vieillesse',	0,	1,	'TAXRET',	NULL,	1,	NULL),
(60,	'Assurance Chomage',	0,	1,	'TAXCHOM',	NULL,	1,	NULL),
(201,	'ONSS',	1,	1,	'TAXBEONSS',	NULL,	2,	NULL),
(210,	'Precompte professionnel',	1,	1,	'TAXBEPREPRO',	NULL,	2,	NULL),
(220,	'Prime existence',	1,	1,	'TAXBEPRIEXI',	NULL,	2,	NULL),
(230,	'Precompte immobilier',	1,	1,	'TAXBEPREIMMO',	NULL,	2,	NULL);

DROP TABLE IF EXISTS `llx_c_civilite`;
CREATE TABLE `llx_c_civilite` (
  `rowid` int(11) NOT NULL,
  `code` varchar(6) NOT NULL,
  `civilite` varchar(50) DEFAULT NULL,
  `active` tinyint(4) NOT NULL DEFAULT '1',
  `module` varchar(32) DEFAULT NULL,
  PRIMARY KEY (`rowid`),
  UNIQUE KEY `uk_c_civilite` (`code`)
) ENGINE=InnoDB DEFAULT CHARSET=utf8;

INSERT INTO `llx_c_civilite` (`rowid`, `code`, `civilite`, `active`, `module`) VALUES
(1,	'MME',	'Madame',	1,	NULL),
(3,	'MR',	'Monsieur',	1,	NULL),
(5,	'MLE',	'Mademoiselle',	1,	NULL),
(7,	'MTRE',	'Maître',	1,	NULL),
(8,	'DR',	'Docteur',	1,	NULL);

DROP TABLE IF EXISTS `llx_c_currencies`;
CREATE TABLE `llx_c_currencies` (
  `code_iso` varchar(3) NOT NULL,
  `label` varchar(64) NOT NULL,
  `unicode` varchar(32) DEFAULT NULL,
  `active` tinyint(4) NOT NULL DEFAULT '1',
  PRIMARY KEY (`code_iso`),
  UNIQUE KEY `uk_c_currencies_code_iso` (`code_iso`)
) ENGINE=InnoDB DEFAULT CHARSET=utf8;

INSERT INTO `llx_c_currencies` (`code_iso`, `label`, `unicode`, `active`) VALUES
('AED',	'United Arab Emirates Dirham',	NULL,	1),
('AFN',	'Afghanistan Afghani',	'[1547]',	1),
('ALL',	'Albania Lek',	'[76,101,107]',	1),
('ANG',	'Netherlands Antilles Guilder',	'[402]',	1),
('ARP',	'Pesos argentins',	NULL,	0),
('ARS',	'Argentino Peso',	'[36]',	1),
('ATS',	'Shiliing autrichiens',	NULL,	0),
('AUD',	'Australia Dollar',	'[36]',	1),
('AWG',	'Aruba Guilder',	'[402]',	1),
('AZN',	'Azerbaijan New Manat',	'[1084,1072,1085]',	1),
('BAM',	'Bosnia and Herzegovina Convertible Marka',	'[75,77]',	1),
('BBD',	'Barbados Dollar',	'[36]',	1),
('BEF',	'Francs belges',	NULL,	0),
('BGN',	'Bulgaria Lev',	'[1083,1074]',	1),
('BMD',	'Bermuda Dollar',	'[36]',	1),
('BND',	'Brunei Darussalam Dollar',	'[36]',	1),
('BOB',	'Bolivia Boliviano',	'[36,98]',	1),
('BRL',	'Brazil Real',	'[82,36]',	1),
('BSD',	'Bahamas Dollar',	'[36]',	1),
('BWP',	'Botswana Pula',	'[80]',	1),
('BYR',	'Belarus Ruble',	'[112,46]',	1),
('BZD',	'Belize Dollar',	'[66,90,36]',	1),
('CAD',	'Canada Dollar',	'[36]',	1),
('CHF',	'Switzerland Franc',	'[67,72,70]',	1),
('CLP',	'Chile Peso',	'[36]',	1),
('CNY',	'China Yuan Renminbi',	'[165]',	1),
('COP',	'Colombia Peso',	'[36]',	1),
('CRC',	'Costa Rica Colon',	'[8353]',	1),
('CUP',	'Cuba Peso',	'[8369]',	1),
('CZK',	'Czech Republic Koruna',	'[75,269]',	1),
('DEM',	'Deutsch mark',	NULL,	0),
('DKK',	'Denmark Krone',	'[107,114]',	1),
('DOP',	'Dominican Republic Peso',	'[82,68,36]',	1),
('DZD',	'Algeria Dinar',	NULL,	1),
('EEK',	'Estonia Kroon',	'[107,114]',	1),
('EGP',	'Egypt Pound',	'[163]',	1),
('ESP',	'Pesete',	NULL,	0),
('EUR',	'Euro Member Countries',	'[8364]',	1),
('FIM',	'Mark finlandais',	NULL,	0),
('FJD',	'Fiji Dollar',	'[36]',	1),
('FKP',	'Falkland Islands (Malvinas) Pound',	'[163]',	1),
('FRF',	'Francs francais',	NULL,	0),
('GBP',	'United Kingdom Pound',	'[163]',	1),
('GGP',	'Guernsey Pound',	'[163]',	1),
('GHC',	'Ghana Cedis',	'[162]',	1),
('GIP',	'Gibraltar Pound',	'[163]',	1),
('GRD',	'Drachme (grece)',	NULL,	0),
('GTQ',	'Guatemala Quetzal',	'[81]',	1),
('GYD',	'Guyana Dollar',	'[36]',	1),
('HKD',	'Hong Kong Dollar',	'[36]',	1),
('HNL',	'Honduras Lempira',	'[76]',	1),
('HRK',	'Croatia Kuna',	'[107,110]',	1),
('HUF',	'Hungary Forint',	'[70,116]',	1),
('IDR',	'Indonesia Rupiah',	'[82,112]',	1),
('IEP',	'Livres irlandaises',	NULL,	0),
('ILS',	'Israel Shekel',	'[8362]',	1),
('IMP',	'Isle of Man Pound',	'[163]',	1),
('INR',	'India Rupee',	NULL,	1),
('IRR',	'Iran Rial',	'[65020]',	1),
('ISK',	'Iceland Krona',	'[107,114]',	1),
('ITL',	'Lires',	NULL,	0),
('JEP',	'Jersey Pound',	'[163]',	1),
('JMD',	'Jamaica Dollar',	'[74,36]',	1),
('JPY',	'Japan Yen',	'[165]',	1),
('KES',	'Kenya Shilling',	NULL,	1),
('KGS',	'Kyrgyzstan Som',	'[1083,1074]',	1),
('KHR',	'Cambodia Riel',	'[6107]',	1),
('KPW',	'Korea (North) Won',	'[8361]',	1),
('KRW',	'Korea (South) Won',	'[8361]',	1),
('KYD',	'Cayman Islands Dollar',	'[36]',	1),
('KZT',	'Kazakhstan Tenge',	'[1083,1074]',	1),
('LAK',	'Laos Kip',	'[8365]',	1),
('LBP',	'Lebanon Pound',	'[163]',	1),
('LKR',	'Sri Lanka Rupee',	'[8360]',	1),
('LRD',	'Liberia Dollar',	'[36]',	1),
('LTL',	'Lithuania Litas',	'[76,116]',	1),
('LUF',	'Francs luxembourgeois',	NULL,	0),
('LVL',	'Latvia Lat',	'[76,115]',	1),
('MAD',	'Morocco Dirham',	NULL,	1),
('MKD',	'Macedonia Denar',	'[1076,1077,1085]',	1),
('MNT',	'Mongolia Tughrik',	'[8366]',	1),
('MRO',	'Mauritania Ouguiya',	NULL,	1),
('MUR',	'Mauritius Rupee',	'[8360]',	1),
('MXN',	'Mexico Peso',	'[36]',	1),
('MXP',	'Pesos Mexicans',	NULL,	0),
('MYR',	'Malaysia Ringgit',	'[82,77]',	1),
('MZN',	'Mozambique Metical',	'[77,84]',	1),
('NAD',	'Namibia Dollar',	'[36]',	1),
('NGN',	'Nigeria Naira',	'[8358]',	1),
('NIO',	'Nicaragua Cordoba',	'[67,36]',	1),
('NLG',	'Florins',	NULL,	0),
('NOK',	'Norway Krone',	'[107,114]',	1),
('NPR',	'Nepal Rupee',	'[8360]',	1),
('NZD',	'New Zealand Dollar',	'[36]',	1),
('OMR',	'Oman Rial',	'[65020]',	1),
('PAB',	'Panama Balboa',	'[66,47,46]',	1),
('PEN',	'Peru Nuevo Sol',	'[83,47,46]',	1),
('PHP',	'Philippines Peso',	'[8369]',	1),
('PKR',	'Pakistan Rupee',	'[8360]',	1),
('PLN',	'Poland Zloty',	'[122,322]',	1),
('PTE',	'Escudos',	NULL,	0),
('PYG',	'Paraguay Guarani',	'[71,115]',	1),
('QAR',	'Qatar Riyal',	'[65020]',	1),
('RON',	'Romania New Leu',	'[108,101,105]',	1),
('RSD',	'Serbia Dinar',	'[1044,1080,1085,46]',	1),
('RUB',	'Russia Ruble',	'[1088,1091,1073]',	1),
('SAR',	'Saudi Arabia Riyal',	'[65020]',	1),
('SBD',	'Solomon Islands Dollar',	'[36]',	1),
('SCR',	'Seychelles Rupee',	'[8360]',	1),
('SEK',	'Sweden Krona',	'[107,114]',	1),
('SGD',	'Singapore Dollar',	'[36]',	1),
('SHP',	'Saint Helena Pound',	'[163]',	1),
('SKK',	'Couronnes slovaques',	NULL,	0),
('SOS',	'Somalia Shilling',	'[83]',	1),
('SRD',	'Suriname Dollar',	'[36]',	1),
('SUR',	'Rouble',	NULL,	0),
('SVC',	'El Salvador Colon',	'[36]',	1),
('SYP',	'Syria Pound',	'[163]',	1),
('THB',	'Thailand Baht',	'[3647]',	1),
('TND',	'Tunisia Dinar',	NULL,	1),
('TRL',	'Turkey Lira',	'[84,76]',	1),
('TRY',	'Turkey Lira',	'[8356]',	1),
('TTD',	'Trinidad and Tobago Dollar',	'[84,84,36]',	1),
('TVD',	'Tuvalu Dollar',	'[36]',	1),
('TWD',	'Taiwan New Dollar',	'[78,84,36]',	1),
('UAH',	'Ukraine Hryvna',	'[8372]',	1),
('USD',	'United States Dollar',	'[36]',	1),
('UYU',	'Uruguay Peso',	'[36,85]',	1),
('UZS',	'Uzbekistan Som',	'[1083,1074]',	1),
('VEF',	'Venezuela Bolivar Fuerte',	'[66,115]',	1),
('VND',	'Viet Nam Dong',	'[8363]',	1),
('XAF',	'Communaute Financiere Africaine (BEAC) CFA Franc',	NULL,	1),
('XCD',	'East Caribbean Dollar',	'[36]',	1),
('XEU',	'Ecus',	NULL,	0),
('XOF',	'Communaute Financiere Africaine (BCEAO) Franc',	NULL,	1),
('YER',	'Yemen Rial',	'[65020]',	1),
('ZAR',	'South Africa Rand',	'[82]',	1),
('ZWD',	'Zimbabwe Dollar',	'[90,36]',	1);

DROP TABLE IF EXISTS `llx_c_departements`;
CREATE TABLE `llx_c_departements` (
  `rowid` int(11) NOT NULL AUTO_INCREMENT,
  `code_departement` varchar(6) NOT NULL,
  `fk_region` int(11) DEFAULT NULL,
  `cheflieu` varchar(50) DEFAULT NULL,
  `tncc` int(11) DEFAULT NULL,
  `ncc` varchar(50) DEFAULT NULL,
  `nom` varchar(50) DEFAULT NULL,
  `active` tinyint(4) NOT NULL DEFAULT '1',
  PRIMARY KEY (`rowid`),
  UNIQUE KEY `uk_departements` (`code_departement`,`fk_region`),
  KEY `idx_departements_fk_region` (`fk_region`)
) ENGINE=InnoDB DEFAULT CHARSET=utf8;

INSERT INTO `llx_c_departements` (`rowid`, `code_departement`, `fk_region`, `cheflieu`, `tncc`, `ncc`, `nom`, `active`) VALUES
(1,	'0',	0,	'0',	0,	'-',	'-',	1),
(2,	'01',	82,	'01053',	5,	'AIN',	'Ain',	1),
(3,	'02',	22,	'02408',	5,	'AISNE',	'Aisne',	1),
(4,	'03',	83,	'03190',	5,	'ALLIER',	'Allier',	1),
(5,	'04',	93,	'04070',	4,	'ALPES-DE-HAUTE-PROVENCE',	'Alpes-de-Haute-Provence',	1),
(6,	'05',	93,	'05061',	4,	'HAUTES-ALPES',	'Hautes-Alpes',	1),
(7,	'06',	93,	'06088',	4,	'ALPES-MARITIMES',	'Alpes-Maritimes',	1),
(8,	'07',	82,	'07186',	5,	'ARDECHE',	'Ardèche',	1),
(9,	'08',	21,	'08105',	4,	'ARDENNES',	'Ardennes',	1),
(10,	'09',	73,	'09122',	5,	'ARIEGE',	'Ariège',	1),
(11,	'10',	21,	'10387',	5,	'AUBE',	'Aube',	1),
(12,	'11',	91,	'11069',	5,	'AUDE',	'Aude',	1),
(13,	'12',	73,	'12202',	5,	'AVEYRON',	'Aveyron',	1),
(14,	'13',	93,	'13055',	4,	'BOUCHES-DU-RHONE',	'Bouches-du-Rhône',	1),
(15,	'14',	25,	'14118',	2,	'CALVADOS',	'Calvados',	1),
(16,	'15',	83,	'15014',	2,	'CANTAL',	'Cantal',	1),
(17,	'16',	54,	'16015',	3,	'CHARENTE',	'Charente',	1),
(18,	'17',	54,	'17300',	3,	'CHARENTE-MARITIME',	'Charente-Maritime',	1),
(19,	'18',	24,	'18033',	2,	'CHER',	'Cher',	1),
(20,	'19',	74,	'19272',	3,	'CORREZE',	'Corrèze',	1),
(21,	'2A',	94,	'2A004',	3,	'CORSE-DU-SUD',	'Corse-du-Sud',	1),
(22,	'2B',	94,	'2B033',	3,	'HAUTE-CORSE',	'Haute-Corse',	1),
(23,	'21',	26,	'21231',	3,	'COTE-D OR',	'Côte-d Or',	1),
(24,	'22',	53,	'22278',	4,	'COTES-D ARMOR',	'Côtes-d Armor',	1),
(25,	'23',	74,	'23096',	3,	'CREUSE',	'Creuse',	1),
(26,	'24',	72,	'24322',	3,	'DORDOGNE',	'Dordogne',	1),
(27,	'25',	43,	'25056',	2,	'DOUBS',	'Doubs',	1),
(28,	'26',	82,	'26362',	3,	'DROME',	'Drôme',	1),
(29,	'27',	23,	'27229',	5,	'EURE',	'Eure',	1),
(30,	'28',	24,	'28085',	1,	'EURE-ET-LOIR',	'Eure-et-Loir',	1),
(31,	'29',	53,	'29232',	2,	'FINISTERE',	'Finistère',	1),
(32,	'30',	91,	'30189',	2,	'GARD',	'Gard',	1),
(33,	'31',	73,	'31555',	3,	'HAUTE-GARONNE',	'Haute-Garonne',	1),
(34,	'32',	73,	'32013',	2,	'GERS',	'Gers',	1),
(35,	'33',	72,	'33063',	3,	'GIRONDE',	'Gironde',	1),
(36,	'34',	91,	'34172',	5,	'HERAULT',	'Hérault',	1),
(37,	'35',	53,	'35238',	1,	'ILLE-ET-VILAINE',	'Ille-et-Vilaine',	1),
(38,	'36',	24,	'36044',	5,	'INDRE',	'Indre',	1),
(39,	'37',	24,	'37261',	1,	'INDRE-ET-LOIRE',	'Indre-et-Loire',	1),
(40,	'38',	82,	'38185',	5,	'ISERE',	'Isère',	1),
(41,	'39',	43,	'39300',	2,	'JURA',	'Jura',	1),
(42,	'40',	72,	'40192',	4,	'LANDES',	'Landes',	1),
(43,	'41',	24,	'41018',	0,	'LOIR-ET-CHER',	'Loir-et-Cher',	1),
(44,	'42',	82,	'42218',	3,	'LOIRE',	'Loire',	1),
(45,	'43',	83,	'43157',	3,	'HAUTE-LOIRE',	'Haute-Loire',	1),
(46,	'44',	52,	'44109',	3,	'LOIRE-ATLANTIQUE',	'Loire-Atlantique',	1),
(47,	'45',	24,	'45234',	2,	'LOIRET',	'Loiret',	1),
(48,	'46',	73,	'46042',	2,	'LOT',	'Lot',	1),
(49,	'47',	72,	'47001',	0,	'LOT-ET-GARONNE',	'Lot-et-Garonne',	1),
(50,	'48',	91,	'48095',	3,	'LOZERE',	'Lozère',	1),
(51,	'49',	52,	'49007',	0,	'MAINE-ET-LOIRE',	'Maine-et-Loire',	1),
(52,	'50',	25,	'50502',	3,	'MANCHE',	'Manche',	1),
(53,	'51',	21,	'51108',	3,	'MARNE',	'Marne',	1),
(54,	'52',	21,	'52121',	3,	'HAUTE-MARNE',	'Haute-Marne',	1),
(55,	'53',	52,	'53130',	3,	'MAYENNE',	'Mayenne',	1),
(56,	'54',	41,	'54395',	0,	'MEURTHE-ET-MOSELLE',	'Meurthe-et-Moselle',	1),
(57,	'55',	41,	'55029',	3,	'MEUSE',	'Meuse',	1),
(58,	'56',	53,	'56260',	2,	'MORBIHAN',	'Morbihan',	1),
(59,	'57',	41,	'57463',	3,	'MOSELLE',	'Moselle',	1),
(60,	'58',	26,	'58194',	3,	'NIEVRE',	'Nièvre',	1),
(61,	'59',	31,	'59350',	2,	'NORD',	'Nord',	1),
(62,	'60',	22,	'60057',	5,	'OISE',	'Oise',	1),
(63,	'61',	25,	'61001',	5,	'ORNE',	'Orne',	1),
(64,	'62',	31,	'62041',	2,	'PAS-DE-CALAIS',	'Pas-de-Calais',	1),
(65,	'63',	83,	'63113',	2,	'PUY-DE-DOME',	'Puy-de-Dôme',	1),
(66,	'64',	72,	'64445',	4,	'PYRENEES-ATLANTIQUES',	'Pyrénées-Atlantiques',	1),
(67,	'65',	73,	'65440',	4,	'HAUTES-PYRENEES',	'Hautes-Pyrénées',	1),
(68,	'66',	91,	'66136',	4,	'PYRENEES-ORIENTALES',	'Pyrénées-Orientales',	1),
(69,	'67',	42,	'67482',	2,	'BAS-RHIN',	'Bas-Rhin',	1),
(70,	'68',	42,	'68066',	2,	'HAUT-RHIN',	'Haut-Rhin',	1),
(71,	'69',	82,	'69123',	2,	'RHONE',	'Rhône',	1),
(72,	'70',	43,	'70550',	3,	'HAUTE-SAONE',	'Haute-Saône',	1),
(73,	'71',	26,	'71270',	0,	'SAONE-ET-LOIRE',	'Saône-et-Loire',	1),
(74,	'72',	52,	'72181',	3,	'SARTHE',	'Sarthe',	1),
(75,	'73',	82,	'73065',	3,	'SAVOIE',	'Savoie',	1),
(76,	'74',	82,	'74010',	3,	'HAUTE-SAVOIE',	'Haute-Savoie',	1),
(77,	'75',	11,	'75056',	0,	'PARIS',	'Paris',	1),
(78,	'76',	23,	'76540',	3,	'SEINE-MARITIME',	'Seine-Maritime',	1),
(79,	'77',	11,	'77288',	0,	'SEINE-ET-MARNE',	'Seine-et-Marne',	1),
(80,	'78',	11,	'78646',	4,	'YVELINES',	'Yvelines',	1),
(81,	'79',	54,	'79191',	4,	'DEUX-SEVRES',	'Deux-Sèvres',	1),
(82,	'80',	22,	'80021',	3,	'SOMME',	'Somme',	1),
(83,	'81',	73,	'81004',	2,	'TARN',	'Tarn',	1),
(84,	'82',	73,	'82121',	0,	'TARN-ET-GARONNE',	'Tarn-et-Garonne',	1),
(85,	'83',	93,	'83137',	2,	'VAR',	'Var',	1),
(86,	'84',	93,	'84007',	0,	'VAUCLUSE',	'Vaucluse',	1),
(87,	'85',	52,	'85191',	3,	'VENDEE',	'Vendée',	1),
(88,	'86',	54,	'86194',	3,	'VIENNE',	'Vienne',	1),
(89,	'87',	74,	'87085',	3,	'HAUTE-VIENNE',	'Haute-Vienne',	1),
(90,	'88',	41,	'88160',	4,	'VOSGES',	'Vosges',	1),
(91,	'89',	26,	'89024',	5,	'YONNE',	'Yonne',	1),
(92,	'90',	43,	'90010',	0,	'TERRITOIRE DE BELFORT',	'Territoire de Belfort',	1),
(93,	'91',	11,	'91228',	5,	'ESSONNE',	'Essonne',	1),
(94,	'92',	11,	'92050',	4,	'HAUTS-DE-SEINE',	'Hauts-de-Seine',	1),
(95,	'93',	11,	'93008',	3,	'SEINE-SAINT-DENIS',	'Seine-Saint-Denis',	1),
(96,	'94',	11,	'94028',	2,	'VAL-DE-MARNE',	'Val-de-Marne',	1),
(97,	'95',	11,	'95500',	2,	'VAL-D OISE',	'Val-d Oise',	1),
(98,	'971',	1,	'97105',	3,	'GUADELOUPE',	'Guadeloupe',	1),
(99,	'972',	2,	'97209',	3,	'MARTINIQUE',	'Martinique',	1),
(100,	'973',	3,	'97302',	3,	'GUYANE',	'Guyane',	1),
(101,	'974',	4,	'97411',	3,	'REUNION',	'Réunion',	1),
(102,	'976',	6,	'97601',	3,	'MAYOTTE',	'Mayotte',	1),
(103,	'01',	201,	'',	1,	'ANVERS',	'Anvers',	1),
(104,	'02',	203,	'',	3,	'BRUXELLES-CAPITALE',	'Bruxelles-Capitale',	1),
(105,	'03',	202,	'',	2,	'BRABANT-WALLON',	'Brabant-Wallon',	1),
(106,	'04',	201,	'',	1,	'BRABANT-FLAMAND',	'Brabant-Flamand',	1),
(107,	'05',	201,	'',	1,	'FLANDRE-OCCIDENTALE',	'Flandre-Occidentale',	1),
(108,	'06',	201,	'',	1,	'FLANDRE-ORIENTALE',	'Flandre-Orientale',	1),
(109,	'07',	202,	'',	2,	'HAINAUT',	'Hainaut',	1),
(110,	'08',	201,	'',	2,	'LIEGE',	'Liège',	1),
(111,	'09',	202,	'',	1,	'LIMBOURG',	'Limbourg',	1),
(112,	'10',	202,	'',	2,	'LUXEMBOURG',	'Luxembourg',	1),
(113,	'11',	201,	'',	2,	'NAMUR',	'Namur',	1),
(114,	'AG',	315,	NULL,	NULL,	NULL,	'AGRIGENTO',	1),
(115,	'AL',	312,	NULL,	NULL,	NULL,	'ALESSANDRIA',	1),
(116,	'AN',	310,	NULL,	NULL,	NULL,	'ANCONA',	1),
(117,	'AO',	319,	NULL,	NULL,	NULL,	'AOSTA',	1),
(118,	'AR',	316,	NULL,	NULL,	NULL,	'AREZZO',	1),
(119,	'AP',	310,	NULL,	NULL,	NULL,	'ASCOLI PICENO',	1),
(120,	'AT',	312,	NULL,	NULL,	NULL,	'ASTI',	1),
(121,	'AV',	304,	NULL,	NULL,	NULL,	'AVELLINO',	1),
(122,	'BA',	313,	NULL,	NULL,	NULL,	'BARI',	1),
(123,	'BT',	313,	NULL,	NULL,	NULL,	'BARLETTA-ANDRIA-TRANI',	1),
(124,	'BL',	320,	NULL,	NULL,	NULL,	'BELLUNO',	1),
(125,	'BN',	304,	NULL,	NULL,	NULL,	'BENEVENTO',	1),
(126,	'BG',	309,	NULL,	NULL,	NULL,	'BERGAMO',	1),
(127,	'BI',	312,	NULL,	NULL,	NULL,	'BIELLA',	1),
(128,	'BO',	305,	NULL,	NULL,	NULL,	'BOLOGNA',	1),
(129,	'BZ',	317,	NULL,	NULL,	NULL,	'BOLZANO',	1),
(130,	'BS',	309,	NULL,	NULL,	NULL,	'BRESCIA',	1),
(131,	'BR',	313,	NULL,	NULL,	NULL,	'BRINDISI',	1),
(132,	'CA',	314,	NULL,	NULL,	NULL,	'CAGLIARI',	1),
(133,	'CL',	315,	NULL,	NULL,	NULL,	'CALTANISSETTA',	1),
(134,	'CB',	311,	NULL,	NULL,	NULL,	'CAMPOBASSO',	1),
(135,	'CI',	314,	NULL,	NULL,	NULL,	'CARBONIA-IGLESIAS',	1),
(136,	'CE',	304,	NULL,	NULL,	NULL,	'CASERTA',	1),
(137,	'CT',	315,	NULL,	NULL,	NULL,	'CATANIA',	1),
(138,	'CZ',	303,	NULL,	NULL,	NULL,	'CATANZARO',	1),
(139,	'CH',	301,	NULL,	NULL,	NULL,	'CHIETI',	1),
(140,	'CO',	309,	NULL,	NULL,	NULL,	'COMO',	1),
(141,	'CS',	303,	NULL,	NULL,	NULL,	'COSENZA',	1),
(142,	'CR',	309,	NULL,	NULL,	NULL,	'CREMONA',	1),
(143,	'KR',	303,	NULL,	NULL,	NULL,	'CROTONE',	1),
(144,	'CN',	312,	NULL,	NULL,	NULL,	'CUNEO',	1),
(145,	'EN',	315,	NULL,	NULL,	NULL,	'ENNA',	1),
(146,	'FM',	310,	NULL,	NULL,	NULL,	'FERMO',	1),
(147,	'FE',	305,	NULL,	NULL,	NULL,	'FERRARA',	1),
(148,	'FI',	316,	NULL,	NULL,	NULL,	'FIRENZE',	1),
(149,	'FG',	313,	NULL,	NULL,	NULL,	'FOGGIA',	1),
(150,	'FC',	305,	NULL,	NULL,	NULL,	'FORLI-CESENA',	1),
(151,	'FR',	307,	NULL,	NULL,	NULL,	'FROSINONE',	1),
(152,	'GE',	308,	NULL,	NULL,	NULL,	'GENOVA',	1),
(153,	'GO',	306,	NULL,	NULL,	NULL,	'GORIZIA',	1),
(154,	'GR',	316,	NULL,	NULL,	NULL,	'GROSSETO',	1),
(155,	'IM',	308,	NULL,	NULL,	NULL,	'IMPERIA',	1),
(156,	'IS',	311,	NULL,	NULL,	NULL,	'ISERNIA',	1),
(157,	'SP',	308,	NULL,	NULL,	NULL,	'LA SPEZIA',	1),
(158,	'AQ',	301,	NULL,	NULL,	NULL,	'L AQUILA',	1),
(159,	'LT',	307,	NULL,	NULL,	NULL,	'LATINA',	1),
(160,	'LE',	313,	NULL,	NULL,	NULL,	'LECCE',	1),
(161,	'LC',	309,	NULL,	NULL,	NULL,	'LECCO',	1),
(162,	'LI',	314,	NULL,	NULL,	NULL,	'LIVORNO',	1),
(163,	'LO',	309,	NULL,	NULL,	NULL,	'LODI',	1),
(164,	'LU',	316,	NULL,	NULL,	NULL,	'LUCCA',	1),
(165,	'MC',	310,	NULL,	NULL,	NULL,	'MACERATA',	1),
(166,	'MN',	309,	NULL,	NULL,	NULL,	'MANTOVA',	1),
(167,	'MS',	316,	NULL,	NULL,	NULL,	'MASSA-CARRARA',	1),
(168,	'MT',	302,	NULL,	NULL,	NULL,	'MATERA',	1),
(169,	'VS',	314,	NULL,	NULL,	NULL,	'MEDIO CAMPIDANO',	1),
(170,	'ME',	315,	NULL,	NULL,	NULL,	'MESSINA',	1),
(171,	'MI',	309,	NULL,	NULL,	NULL,	'MILANO',	1),
(172,	'MB',	309,	NULL,	NULL,	NULL,	'MONZA e BRIANZA',	1),
(173,	'MO',	305,	NULL,	NULL,	NULL,	'MODENA',	1),
(174,	'NA',	304,	NULL,	NULL,	NULL,	'NAPOLI',	1),
(175,	'NO',	312,	NULL,	NULL,	NULL,	'NOVARA',	1),
(176,	'NU',	314,	NULL,	NULL,	NULL,	'NUORO',	1),
(177,	'OG',	314,	NULL,	NULL,	NULL,	'OGLIASTRA',	1),
(178,	'OT',	314,	NULL,	NULL,	NULL,	'OLBIA-TEMPIO',	1),
(179,	'OR',	314,	NULL,	NULL,	NULL,	'ORISTANO',	1),
(180,	'PD',	320,	NULL,	NULL,	NULL,	'PADOVA',	1),
(181,	'PA',	315,	NULL,	NULL,	NULL,	'PALERMO',	1),
(182,	'PR',	305,	NULL,	NULL,	NULL,	'PARMA',	1),
(183,	'PV',	309,	NULL,	NULL,	NULL,	'PAVIA',	1),
(184,	'PG',	318,	NULL,	NULL,	NULL,	'PERUGIA',	1),
(185,	'PU',	310,	NULL,	NULL,	NULL,	'PESARO e URBINO',	1),
(186,	'PE',	301,	NULL,	NULL,	NULL,	'PESCARA',	1),
(187,	'PC',	305,	NULL,	NULL,	NULL,	'PIACENZA',	1),
(188,	'PI',	316,	NULL,	NULL,	NULL,	'PISA',	1),
(189,	'PT',	316,	NULL,	NULL,	NULL,	'PISTOIA',	1),
(190,	'PN',	306,	NULL,	NULL,	NULL,	'PORDENONE',	1),
(191,	'PZ',	302,	NULL,	NULL,	NULL,	'POTENZA',	1),
(192,	'PO',	316,	NULL,	NULL,	NULL,	'PRATO',	1),
(193,	'RG',	315,	NULL,	NULL,	NULL,	'RAGUSA',	1),
(194,	'RA',	305,	NULL,	NULL,	NULL,	'RAVENNA',	1),
(195,	'RC',	303,	NULL,	NULL,	NULL,	'REGGIO CALABRIA',	1),
(196,	'RE',	305,	NULL,	NULL,	NULL,	'REGGIO NELL EMILIA',	1),
(197,	'RI',	307,	NULL,	NULL,	NULL,	'RIETI',	1),
(198,	'RN',	305,	NULL,	NULL,	NULL,	'RIMINI',	1),
(199,	'RM',	307,	NULL,	NULL,	NULL,	'ROMA',	1),
(200,	'RO',	320,	NULL,	NULL,	NULL,	'ROVIGO',	1),
(201,	'SA',	304,	NULL,	NULL,	NULL,	'SALERNO',	1),
(202,	'SS',	314,	NULL,	NULL,	NULL,	'SASSARI',	1),
(203,	'SV',	308,	NULL,	NULL,	NULL,	'SAVONA',	1),
(204,	'SI',	316,	NULL,	NULL,	NULL,	'SIENA',	1),
(205,	'SR',	315,	NULL,	NULL,	NULL,	'SIRACUSA',	1),
(206,	'SO',	309,	NULL,	NULL,	NULL,	'SONDRIO',	1),
(207,	'TA',	313,	NULL,	NULL,	NULL,	'TARANTO',	1),
(208,	'TE',	301,	NULL,	NULL,	NULL,	'TERAMO',	1),
(209,	'TR',	318,	NULL,	NULL,	NULL,	'TERNI',	1),
(210,	'TO',	312,	NULL,	NULL,	NULL,	'TORINO',	1),
(211,	'TP',	315,	NULL,	NULL,	NULL,	'TRAPANI',	1),
(212,	'TN',	317,	NULL,	NULL,	NULL,	'TRENTO',	1),
(213,	'TV',	320,	NULL,	NULL,	NULL,	'TREVISO',	1),
(214,	'TS',	306,	NULL,	NULL,	NULL,	'TRIESTE',	1),
(215,	'UD',	306,	NULL,	NULL,	NULL,	'UDINE',	1),
(216,	'VA',	309,	NULL,	NULL,	NULL,	'VARESE',	1),
(217,	'VE',	320,	NULL,	NULL,	NULL,	'VENEZIA',	1),
(218,	'VB',	312,	NULL,	NULL,	NULL,	'VERBANO-CUSIO-OSSOLA',	1),
(219,	'VC',	312,	NULL,	NULL,	NULL,	'VERCELLI',	1),
(220,	'VR',	320,	NULL,	NULL,	NULL,	'VERONA',	1),
(221,	'VV',	303,	NULL,	NULL,	NULL,	'VIBO VALENTIA',	1),
(222,	'VI',	320,	NULL,	NULL,	NULL,	'VICENZA',	1),
(223,	'VT',	307,	NULL,	NULL,	NULL,	'VITERBO',	1),
(224,	'NSW',	2801,	'',	1,	'',	'New South Wales',	1),
(225,	'VIC',	2801,	'',	1,	'',	'Victoria',	1),
(226,	'QLD',	2801,	'',	1,	'',	'Queensland',	1),
(227,	'SA',	2801,	'',	1,	'',	'South Australia',	1),
(228,	'ACT',	2801,	'',	1,	'',	'Australia Capital Territory',	1),
(229,	'TAS',	2801,	'',	1,	'',	'Tasmania',	1),
(230,	'WA',	2801,	'',	1,	'',	'Western Australia',	1),
(231,	'NT',	2801,	'',	1,	'',	'Northern Territory',	1),
(232,	'ON',	1401,	'',	1,	'',	'Ontario',	1),
(233,	'QC',	1401,	'',	1,	'',	'Quebec',	1),
(234,	'NS',	1401,	'',	1,	'',	'Nova Scotia',	1),
(235,	'NB',	1401,	'',	1,	'',	'New Brunswick',	1),
(236,	'MB',	1401,	'',	1,	'',	'Manitoba',	1),
(237,	'BC',	1401,	'',	1,	'',	'British Columbia',	1),
(238,	'PE',	1401,	'',	1,	'',	'Prince Edward Island',	1),
(239,	'SK',	1401,	'',	1,	'',	'Saskatchewan',	1),
(240,	'AB',	1401,	'',	1,	'',	'Alberta',	1),
(241,	'NL',	1401,	'',	1,	'',	'Newfoundland and Labrador',	1),
(242,	'01',	419,	'',	19,	'ALAVA',	'Álava',	1),
(243,	'02',	404,	'',	4,	'ALBACETE',	'Albacete',	1),
(244,	'03',	411,	'',	11,	'ALICANTE',	'Alicante',	1),
(245,	'04',	401,	'',	1,	'ALMERIA',	'Almería',	1),
(246,	'05',	403,	'',	3,	'AVILA',	'Avila',	1),
(247,	'06',	412,	'',	12,	'BADAJOZ',	'Badajoz',	1),
(248,	'07',	414,	'',	14,	'ISLAS BALEARES',	'Islas Baleares',	1),
(249,	'08',	406,	'',	6,	'BARCELONA',	'Barcelona',	1),
(250,	'09',	403,	'',	8,	'BURGOS',	'Burgos',	1),
(251,	'10',	412,	'',	12,	'CACERES',	'Cáceres',	1),
(252,	'11',	401,	'',	1,	'CADIZ',	'Cádiz',	1),
(253,	'12',	411,	'',	11,	'CASTELLON',	'Castellón',	1),
(254,	'13',	404,	'',	4,	'CIUDAD REAL',	'Ciudad Real',	1),
(255,	'14',	401,	'',	1,	'CORDOBA',	'Córdoba',	1),
(256,	'15',	413,	'',	13,	'LA CORUÑA',	'La Coruña',	1),
(257,	'16',	404,	'',	4,	'CUENCA',	'Cuenca',	1),
(258,	'17',	406,	'',	6,	'GERONA',	'Gerona',	1),
(259,	'18',	401,	'',	1,	'GRANADA',	'Granada',	1),
(260,	'19',	404,	'',	4,	'GUADALAJARA',	'Guadalajara',	1),
(261,	'20',	419,	'',	19,	'GUIPUZCOA',	'Guipúzcoa',	1),
(262,	'21',	401,	'',	1,	'HUELVA',	'Huelva',	1),
(263,	'22',	402,	'',	2,	'HUESCA',	'Huesca',	1),
(264,	'23',	401,	'',	1,	'JAEN',	'Jaén',	1),
(265,	'24',	403,	'',	3,	'LEON',	'León',	1),
(266,	'25',	406,	'',	6,	'LERIDA',	'Lérida',	1),
(267,	'26',	415,	'',	15,	'LA RIOJA',	'La Rioja',	1),
(268,	'27',	413,	'',	13,	'LUGO',	'Lugo',	1),
(269,	'28',	416,	'',	16,	'MADRID',	'Madrid',	1),
(270,	'29',	401,	'',	1,	'MALAGA',	'Málaga',	1),
(271,	'30',	417,	'',	17,	'MURCIA',	'Murcia',	1),
(272,	'31',	408,	'',	8,	'NAVARRA',	'Navarra',	1),
(273,	'32',	413,	'',	13,	'ORENSE',	'Orense',	1),
(274,	'33',	418,	'',	18,	'ASTURIAS',	'Asturias',	1),
(275,	'34',	403,	'',	3,	'PALENCIA',	'Palencia',	1),
(276,	'35',	405,	'',	5,	'LAS PALMAS',	'Las Palmas',	1),
(277,	'36',	413,	'',	13,	'PONTEVEDRA',	'Pontevedra',	1),
(278,	'37',	403,	'',	3,	'SALAMANCA',	'Salamanca',	1),
(279,	'38',	405,	'',	5,	'STA. CRUZ DE TENERIFE',	'Sta. Cruz de Tenerife',	1),
(280,	'39',	410,	'',	10,	'CANTABRIA',	'Cantabria',	1),
(281,	'40',	403,	'',	3,	'SEGOVIA',	'Segovia',	1),
(282,	'41',	401,	'',	1,	'SEVILLA',	'Sevilla',	1),
(283,	'42',	403,	'',	3,	'SORIA',	'Soria',	1),
(284,	'43',	406,	'',	6,	'TARRAGONA',	'Tarragona',	1),
(285,	'44',	402,	'',	2,	'TERUEL',	'Teruel',	1),
(286,	'45',	404,	'',	5,	'TOLEDO',	'Toledo',	1),
(287,	'46',	411,	'',	11,	'VALENCIA',	'Valencia',	1),
(288,	'47',	403,	'',	3,	'VALLADOLID',	'Valladolid',	1),
(289,	'48',	419,	'',	19,	'VIZCAYA',	'Vizcaya',	1),
(290,	'49',	403,	'',	3,	'ZAMORA',	'Zamora',	1),
(291,	'50',	402,	'',	1,	'ZARAGOZA',	'Zaragoza',	1),
(292,	'51',	407,	'',	7,	'CEUTA',	'Ceuta',	1),
(293,	'52',	409,	'',	9,	'MELILLA',	'Melilla',	1),
(294,	'53',	420,	'',	20,	'OTROS',	'Otros',	1),
(295,	'BW',	501,	NULL,	NULL,	'BADEN-WÜRTTEMBERG',	'Baden-Württemberg',	1),
(296,	'BY',	501,	NULL,	NULL,	'BAYERN',	'Bayern',	1),
(297,	'BE',	501,	NULL,	NULL,	'BERLIN',	'Berlin',	1),
(298,	'BB',	501,	NULL,	NULL,	'BRANDENBURG',	'Brandenburg',	1),
(299,	'HB',	501,	NULL,	NULL,	'BREMEN',	'Bremen',	1),
(300,	'HH',	501,	NULL,	NULL,	'HAMBURG',	'Hamburg',	1),
(301,	'HE',	501,	NULL,	NULL,	'HESSEN',	'Hessen',	1),
(302,	'MV',	501,	NULL,	NULL,	'MECKLENBURG-VORPOMMERN',	'Mecklenburg-Vorpommern',	1),
(303,	'NI',	501,	NULL,	NULL,	'NIEDERSACHSEN',	'Niedersachsen',	1),
(304,	'NW',	501,	NULL,	NULL,	'NORDRHEIN-WESTFALEN',	'Nordrhein-Westfalen',	1),
(305,	'RP',	501,	NULL,	NULL,	'RHEINLAND-PFALZ',	'Rheinland-Pfalz',	1),
(306,	'SL',	501,	NULL,	NULL,	'SAARLAND',	'Saarland',	1),
(307,	'SN',	501,	NULL,	NULL,	'SACHSEN',	'Sachsen',	1),
(308,	'ST',	501,	NULL,	NULL,	'SACHSEN-ANHALT',	'Sachsen-Anhalt',	1),
(309,	'SH',	501,	NULL,	NULL,	'SCHLESWIG-HOLSTEIN',	'Schleswig-Holstein',	1),
(310,	'TH',	501,	NULL,	NULL,	'THÜRINGEN',	'Thüringen',	1),
(311,	'66',	10201,	'',	0,	'',	'Αθήνα',	1),
(312,	'67',	10205,	'',	0,	'',	'Δράμα',	1),
(313,	'01',	10205,	'',	0,	'',	'Έβρος',	1),
(314,	'02',	10205,	'',	0,	'',	'Θάσος',	1),
(315,	'03',	10205,	'',	0,	'',	'Καβάλα',	1),
(316,	'04',	10205,	'',	0,	'',	'Ξάνθη',	1),
(317,	'05',	10205,	'',	0,	'',	'Ροδόπη',	1),
(318,	'06',	10203,	'',	0,	'',	'Ημαθία',	1),
(319,	'07',	10203,	'',	0,	'',	'Θεσσαλονίκη',	1),
(320,	'08',	10203,	'',	0,	'',	'Κιλκίς',	1),
(321,	'09',	10203,	'',	0,	'',	'Πέλλα',	1),
(322,	'10',	10203,	'',	0,	'',	'Πιερία',	1),
(323,	'11',	10203,	'',	0,	'',	'Σέρρες',	1),
(324,	'12',	10203,	'',	0,	'',	'Χαλκιδική',	1),
(325,	'13',	10206,	'',	0,	'',	'Άρτα',	1),
(326,	'14',	10206,	'',	0,	'',	'Θεσπρωτία',	1),
(327,	'15',	10206,	'',	0,	'',	'Ιωάννινα',	1),
(328,	'16',	10206,	'',	0,	'',	'Πρέβεζα',	1),
(329,	'17',	10213,	'',	0,	'',	'Γρεβενά',	1),
(330,	'18',	10213,	'',	0,	'',	'Καστοριά',	1),
(331,	'19',	10213,	'',	0,	'',	'Κοζάνη',	1),
(332,	'20',	10213,	'',	0,	'',	'Φλώρινα',	1),
(333,	'21',	10212,	'',	0,	'',	'Καρδίτσα',	1),
(334,	'22',	10212,	'',	0,	'',	'Λάρισα',	1),
(335,	'23',	10212,	'',	0,	'',	'Μαγνησία',	1),
(336,	'24',	10212,	'',	0,	'',	'Τρίκαλα',	1),
(337,	'25',	10212,	'',	0,	'',	'Σποράδες',	1),
(338,	'26',	10212,	'',	0,	'',	'Βοιωτία',	1),
(339,	'27',	10202,	'',	0,	'',	'Εύβοια',	1),
(340,	'28',	10202,	'',	0,	'',	'Ευρυτανία',	1),
(341,	'29',	10202,	'',	0,	'',	'Φθιώτιδα',	1),
(342,	'30',	10202,	'',	0,	'',	'Φωκίδα',	1),
(343,	'31',	10209,	'',	0,	'',	'Αργολίδα',	1),
(344,	'32',	10209,	'',	0,	'',	'Αρκαδία',	1),
(345,	'33',	10209,	'',	0,	'',	'Κορινθία',	1),
(346,	'34',	10209,	'',	0,	'',	'Λακωνία',	1),
(347,	'35',	10209,	'',	0,	'',	'Μεσσηνία',	1),
(348,	'36',	10211,	'',	0,	'',	'Αιτωλοακαρνανία',	1),
(349,	'37',	10211,	'',	0,	'',	'Αχαΐα',	1),
(350,	'38',	10211,	'',	0,	'',	'Ηλεία',	1),
(351,	'39',	10207,	'',	0,	'',	'Ζάκυνθος',	1),
(352,	'40',	10207,	'',	0,	'',	'Κέρκυρα',	1),
(353,	'41',	10207,	'',	0,	'',	'Κεφαλληνία',	1),
(354,	'42',	10207,	'',	0,	'',	'Ιθάκη',	1),
(355,	'43',	10207,	'',	0,	'',	'Λευκάδα',	1),
(356,	'44',	10208,	'',	0,	'',	'Ικαρία',	1),
(357,	'45',	10208,	'',	0,	'',	'Λέσβος',	1),
(358,	'46',	10208,	'',	0,	'',	'Λήμνος',	1),
(359,	'47',	10208,	'',	0,	'',	'Σάμος',	1),
(360,	'48',	10208,	'',	0,	'',	'Χίος',	1),
(361,	'49',	10210,	'',	0,	'',	'Άνδρος',	1),
(362,	'50',	10210,	'',	0,	'',	'Θήρα',	1),
(363,	'51',	10210,	'',	0,	'',	'Κάλυμνος',	1),
(364,	'52',	10210,	'',	0,	'',	'Κάρπαθος',	1),
(365,	'53',	10210,	'',	0,	'',	'Κέα-Κύθνος',	1),
(366,	'54',	10210,	'',	0,	'',	'Κω',	1),
(367,	'55',	10210,	'',	0,	'',	'Μήλος',	1),
(368,	'56',	10210,	'',	0,	'',	'Μύκονος',	1),
(369,	'57',	10210,	'',	0,	'',	'Νάξος',	1),
(370,	'58',	10210,	'',	0,	'',	'Πάρος',	1),
(371,	'59',	10210,	'',	0,	'',	'Ρόδος',	1),
(372,	'60',	10210,	'',	0,	'',	'Σύρος',	1),
(373,	'61',	10210,	'',	0,	'',	'Τήνος',	1),
(374,	'62',	10204,	'',	0,	'',	'Ηράκλειο',	1),
(375,	'63',	10204,	'',	0,	'',	'Λασίθι',	1),
(376,	'64',	10204,	'',	0,	'',	'Ρέθυμνο',	1),
(377,	'65',	10204,	'',	0,	'',	'Χανιά',	1),
(378,	'AG',	601,	NULL,	NULL,	'ARGOVIE',	'Argovie',	1),
(379,	'AI',	601,	NULL,	NULL,	'APPENZELL RHODES INTERIEURES',	'Appenzell Rhodes intérieures',	1),
(380,	'AR',	601,	NULL,	NULL,	'APPENZELL RHODES EXTERIEURES',	'Appenzell Rhodes extérieures',	1),
(381,	'BE',	601,	NULL,	NULL,	'BERNE',	'Berne',	1),
(382,	'BL',	601,	NULL,	NULL,	'BALE CAMPAGNE',	'Bâle Campagne',	1),
(383,	'BS',	601,	NULL,	NULL,	'BALE VILLE',	'Bâle Ville',	1),
(384,	'FR',	601,	NULL,	NULL,	'FRIBOURG',	'Fribourg',	1),
(385,	'GE',	601,	NULL,	NULL,	'GENEVE',	'Genève',	1),
(386,	'GL',	601,	NULL,	NULL,	'GLARIS',	'Glaris',	1),
(387,	'GR',	601,	NULL,	NULL,	'GRISONS',	'Grisons',	1),
(388,	'JU',	601,	NULL,	NULL,	'JURA',	'Jura',	1),
(389,	'LU',	601,	NULL,	NULL,	'LUCERNE',	'Lucerne',	1),
(390,	'NE',	601,	NULL,	NULL,	'NEUCHATEL',	'Neuchâtel',	1),
(391,	'NW',	601,	NULL,	NULL,	'NIDWALD',	'Nidwald',	1),
(392,	'OW',	601,	NULL,	NULL,	'OBWALD',	'Obwald',	1),
(393,	'SG',	601,	NULL,	NULL,	'SAINT-GALL',	'Saint-Gall',	1),
(394,	'SH',	601,	NULL,	NULL,	'SCHAFFHOUSE',	'Schaffhouse',	1),
(395,	'SO',	601,	NULL,	NULL,	'SOLEURE',	'Soleure',	1),
(396,	'SZ',	601,	NULL,	NULL,	'SCHWYZ',	'Schwyz',	1),
(397,	'TG',	601,	NULL,	NULL,	'THURGOVIE',	'Thurgovie',	1),
(398,	'TI',	601,	NULL,	NULL,	'TESSIN',	'Tessin',	1),
(399,	'UR',	601,	NULL,	NULL,	'URI',	'Uri',	1),
(400,	'VD',	601,	NULL,	NULL,	'VAUD',	'Vaud',	1),
(401,	'VS',	601,	NULL,	NULL,	'VALAIS',	'Valais',	1),
(402,	'ZG',	601,	NULL,	NULL,	'ZUG',	'Zug',	1),
(403,	'ZH',	601,	NULL,	NULL,	'ZURICH',	'Zürich',	1),
(404,	'701',	701,	NULL,	0,	NULL,	'Bedfordshire',	1),
(405,	'702',	701,	NULL,	0,	NULL,	'Berkshire',	1),
(406,	'703',	701,	NULL,	0,	NULL,	'Bristol, City of',	1),
(407,	'704',	701,	NULL,	0,	NULL,	'Buckinghamshire',	1),
(408,	'705',	701,	NULL,	0,	NULL,	'Cambridgeshire',	1),
(409,	'706',	701,	NULL,	0,	NULL,	'Cheshire',	1),
(410,	'707',	701,	NULL,	0,	NULL,	'Cleveland',	1),
(411,	'708',	701,	NULL,	0,	NULL,	'Cornwall',	1),
(412,	'709',	701,	NULL,	0,	NULL,	'Cumberland',	1),
(413,	'710',	701,	NULL,	0,	NULL,	'Cumbria',	1),
(414,	'711',	701,	NULL,	0,	NULL,	'Derbyshire',	1),
(415,	'712',	701,	NULL,	0,	NULL,	'Devon',	1),
(416,	'713',	701,	NULL,	0,	NULL,	'Dorset',	1),
(417,	'714',	701,	NULL,	0,	NULL,	'Co. Durham',	1),
(418,	'715',	701,	NULL,	0,	NULL,	'East Riding of Yorkshire',	1),
(419,	'716',	701,	NULL,	0,	NULL,	'East Sussex',	1),
(420,	'717',	701,	NULL,	0,	NULL,	'Essex',	1),
(421,	'718',	701,	NULL,	0,	NULL,	'Gloucestershire',	1),
(422,	'719',	701,	NULL,	0,	NULL,	'Greater Manchester',	1),
(423,	'720',	701,	NULL,	0,	NULL,	'Hampshire',	1),
(424,	'721',	701,	NULL,	0,	NULL,	'Hertfordshire',	1),
(425,	'722',	701,	NULL,	0,	NULL,	'Hereford and Worcester',	1),
(426,	'723',	701,	NULL,	0,	NULL,	'Herefordshire',	1),
(427,	'724',	701,	NULL,	0,	NULL,	'Huntingdonshire',	1),
(428,	'725',	701,	NULL,	0,	NULL,	'Isle of Man',	1),
(429,	'726',	701,	NULL,	0,	NULL,	'Isle of Wight',	1),
(430,	'727',	701,	NULL,	0,	NULL,	'Jersey',	1),
(431,	'728',	701,	NULL,	0,	NULL,	'Kent',	1),
(432,	'729',	701,	NULL,	0,	NULL,	'Lancashire',	1),
(433,	'730',	701,	NULL,	0,	NULL,	'Leicestershire',	1),
(434,	'731',	701,	NULL,	0,	NULL,	'Lincolnshire',	1),
(435,	'732',	701,	NULL,	0,	NULL,	'London - City of London',	1),
(436,	'733',	701,	NULL,	0,	NULL,	'Merseyside',	1),
(437,	'734',	701,	NULL,	0,	NULL,	'Middlesex',	1),
(438,	'735',	701,	NULL,	0,	NULL,	'Norfolk',	1),
(439,	'736',	701,	NULL,	0,	NULL,	'North Yorkshire',	1),
(440,	'737',	701,	NULL,	0,	NULL,	'North Riding of Yorkshire',	1),
(441,	'738',	701,	NULL,	0,	NULL,	'Northamptonshire',	1),
(442,	'739',	701,	NULL,	0,	NULL,	'Northumberland',	1),
(443,	'740',	701,	NULL,	0,	NULL,	'Nottinghamshire',	1),
(444,	'741',	701,	NULL,	0,	NULL,	'Oxfordshire',	1),
(445,	'742',	701,	NULL,	0,	NULL,	'Rutland',	1),
(446,	'743',	701,	NULL,	0,	NULL,	'Shropshire',	1),
(447,	'744',	701,	NULL,	0,	NULL,	'Somerset',	1),
(448,	'745',	701,	NULL,	0,	NULL,	'Staffordshire',	1),
(449,	'746',	701,	NULL,	0,	NULL,	'Suffolk',	1),
(450,	'747',	701,	NULL,	0,	NULL,	'Surrey',	1),
(451,	'748',	701,	NULL,	0,	NULL,	'Sussex',	1),
(452,	'749',	701,	NULL,	0,	NULL,	'Tyne and Wear',	1),
(453,	'750',	701,	NULL,	0,	NULL,	'Warwickshire',	1),
(454,	'751',	701,	NULL,	0,	NULL,	'West Midlands',	1),
(455,	'752',	701,	NULL,	0,	NULL,	'West Sussex',	1),
(456,	'753',	701,	NULL,	0,	NULL,	'West Yorkshire',	1),
(457,	'754',	701,	NULL,	0,	NULL,	'West Riding of Yorkshire',	1),
(458,	'755',	701,	NULL,	0,	NULL,	'Wiltshire',	1),
(459,	'756',	701,	NULL,	0,	NULL,	'Worcestershire',	1),
(460,	'757',	701,	NULL,	0,	NULL,	'Yorkshire',	1),
(461,	'758',	702,	NULL,	0,	NULL,	'Anglesey',	1),
(462,	'759',	702,	NULL,	0,	NULL,	'Breconshire',	1),
(463,	'760',	702,	NULL,	0,	NULL,	'Caernarvonshire',	1),
(464,	'761',	702,	NULL,	0,	NULL,	'Cardiganshire',	1),
(465,	'762',	702,	NULL,	0,	NULL,	'Carmarthenshire',	1),
(466,	'763',	702,	NULL,	0,	NULL,	'Ceredigion',	1),
(467,	'764',	702,	NULL,	0,	NULL,	'Denbighshire',	1),
(468,	'765',	702,	NULL,	0,	NULL,	'Flintshire',	1),
(469,	'766',	702,	NULL,	0,	NULL,	'Glamorgan',	1),
(470,	'767',	702,	NULL,	0,	NULL,	'Gwent',	1),
(471,	'768',	702,	NULL,	0,	NULL,	'Gwynedd',	1),
(472,	'769',	702,	NULL,	0,	NULL,	'Merionethshire',	1),
(473,	'770',	702,	NULL,	0,	NULL,	'Monmouthshire',	1),
(474,	'771',	702,	NULL,	0,	NULL,	'Mid Glamorgan',	1),
(475,	'772',	702,	NULL,	0,	NULL,	'Montgomeryshire',	1),
(476,	'773',	702,	NULL,	0,	NULL,	'Pembrokeshire',	1),
(477,	'774',	702,	NULL,	0,	NULL,	'Powys',	1),
(478,	'775',	702,	NULL,	0,	NULL,	'Radnorshire',	1),
(479,	'776',	702,	NULL,	0,	NULL,	'South Glamorgan',	1),
(480,	'777',	703,	NULL,	0,	NULL,	'Aberdeen, City of',	1),
(481,	'778',	703,	NULL,	0,	NULL,	'Angus',	1),
(482,	'779',	703,	NULL,	0,	NULL,	'Argyll',	1),
(483,	'780',	703,	NULL,	0,	NULL,	'Ayrshire',	1),
(484,	'781',	703,	NULL,	0,	NULL,	'Banffshire',	1),
(485,	'782',	703,	NULL,	0,	NULL,	'Berwickshire',	1),
(486,	'783',	703,	NULL,	0,	NULL,	'Bute',	1),
(487,	'784',	703,	NULL,	0,	NULL,	'Caithness',	1),
(488,	'785',	703,	NULL,	0,	NULL,	'Clackmannanshire',	1),
(489,	'786',	703,	NULL,	0,	NULL,	'Dumfriesshire',	1),
(490,	'787',	703,	NULL,	0,	NULL,	'Dumbartonshire',	1),
(491,	'788',	703,	NULL,	0,	NULL,	'Dundee, City of',	1),
(492,	'789',	703,	NULL,	0,	NULL,	'East Lothian',	1),
(493,	'790',	703,	NULL,	0,	NULL,	'Fife',	1),
(494,	'791',	703,	NULL,	0,	NULL,	'Inverness',	1),
(495,	'792',	703,	NULL,	0,	NULL,	'Kincardineshire',	1),
(496,	'793',	703,	NULL,	0,	NULL,	'Kinross-shire',	1),
(497,	'794',	703,	NULL,	0,	NULL,	'Kirkcudbrightshire',	1),
(498,	'795',	703,	NULL,	0,	NULL,	'Lanarkshire',	1),
(499,	'796',	703,	NULL,	0,	NULL,	'Midlothian',	1),
(500,	'797',	703,	NULL,	0,	NULL,	'Morayshire',	1),
(501,	'798',	703,	NULL,	0,	NULL,	'Nairnshire',	1),
(502,	'799',	703,	NULL,	0,	NULL,	'Orkney',	1),
(503,	'800',	703,	NULL,	0,	NULL,	'Peebleshire',	1),
(504,	'801',	703,	NULL,	0,	NULL,	'Perthshire',	1),
(505,	'802',	703,	NULL,	0,	NULL,	'Renfrewshire',	1),
(506,	'803',	703,	NULL,	0,	NULL,	'Ross & Cromarty',	1),
(507,	'804',	703,	NULL,	0,	NULL,	'Roxburghshire',	1),
(508,	'805',	703,	NULL,	0,	NULL,	'Selkirkshire',	1),
(509,	'806',	703,	NULL,	0,	NULL,	'Shetland',	1),
(510,	'807',	703,	NULL,	0,	NULL,	'Stirlingshire',	1),
(511,	'808',	703,	NULL,	0,	NULL,	'Sutherland',	1),
(512,	'809',	703,	NULL,	0,	NULL,	'West Lothian',	1),
(513,	'810',	703,	NULL,	0,	NULL,	'Wigtownshire',	1),
(514,	'811',	704,	NULL,	0,	NULL,	'Antrim',	1),
(515,	'812',	704,	NULL,	0,	NULL,	'Armagh',	1),
(516,	'813',	704,	NULL,	0,	NULL,	'Co. Down',	1),
(517,	'814',	704,	NULL,	0,	NULL,	'Co. Fermanagh',	1),
(518,	'815',	704,	NULL,	0,	NULL,	'Co. Londonderry',	1),
(519,	'AL',	1101,	'',	0,	'ALABAMA',	'Alabama',	1),
(520,	'AK',	1101,	'',	0,	'ALASKA',	'Alaska',	1),
(521,	'AZ',	1101,	'',	0,	'ARIZONA',	'Arizona',	1),
(522,	'AR',	1101,	'',	0,	'ARKANSAS',	'Arkansas',	1),
(523,	'CA',	1101,	'',	0,	'CALIFORNIA',	'California',	1),
(524,	'CO',	1101,	'',	0,	'COLORADO',	'Colorado',	1),
(525,	'CT',	1101,	'',	0,	'CONNECTICUT',	'Connecticut',	1),
(526,	'DE',	1101,	'',	0,	'DELAWARE',	'Delaware',	1),
(527,	'FL',	1101,	'',	0,	'FLORIDA',	'Florida',	1),
(528,	'GA',	1101,	'',	0,	'GEORGIA',	'Georgia',	1),
(529,	'HI',	1101,	'',	0,	'HAWAII',	'Hawaii',	1),
(530,	'ID',	1101,	'',	0,	'IDAHO',	'Idaho',	1),
(531,	'IL',	1101,	'',	0,	'ILLINOIS',	'Illinois',	1),
(532,	'IN',	1101,	'',	0,	'INDIANA',	'Indiana',	1),
(533,	'IA',	1101,	'',	0,	'IOWA',	'Iowa',	1),
(534,	'KS',	1101,	'',	0,	'KANSAS',	'Kansas',	1),
(535,	'KY',	1101,	'',	0,	'KENTUCKY',	'Kentucky',	1),
(536,	'LA',	1101,	'',	0,	'LOUISIANA',	'Louisiana',	1),
(537,	'ME',	1101,	'',	0,	'MAINE',	'Maine',	1),
(538,	'MD',	1101,	'',	0,	'MARYLAND',	'Maryland',	1),
(539,	'MA',	1101,	'',	0,	'MASSACHUSSETTS',	'Massachusetts',	1),
(540,	'MI',	1101,	'',	0,	'MICHIGAN',	'Michigan',	1),
(541,	'MN',	1101,	'',	0,	'MINNESOTA',	'Minnesota',	1),
(542,	'MS',	1101,	'',	0,	'MISSISSIPPI',	'Mississippi',	1),
(543,	'MO',	1101,	'',	0,	'MISSOURI',	'Missouri',	1),
(544,	'MT',	1101,	'',	0,	'MONTANA',	'Montana',	1),
(545,	'NE',	1101,	'',	0,	'NEBRASKA',	'Nebraska',	1),
(546,	'NV',	1101,	'',	0,	'NEVADA',	'Nevada',	1),
(547,	'NH',	1101,	'',	0,	'NEW HAMPSHIRE',	'New Hampshire',	1),
(548,	'NJ',	1101,	'',	0,	'NEW JERSEY',	'New Jersey',	1),
(549,	'NM',	1101,	'',	0,	'NEW MEXICO',	'New Mexico',	1),
(550,	'NY',	1101,	'',	0,	'NEW YORK',	'New York',	1),
(551,	'NC',	1101,	'',	0,	'NORTH CAROLINA',	'North Carolina',	1),
(552,	'ND',	1101,	'',	0,	'NORTH DAKOTA',	'North Dakota',	1),
(553,	'OH',	1101,	'',	0,	'OHIO',	'Ohio',	1),
(554,	'OK',	1101,	'',	0,	'OKLAHOMA',	'Oklahoma',	1),
(555,	'OR',	1101,	'',	0,	'OREGON',	'Oregon',	1),
(556,	'PA',	1101,	'',	0,	'PENNSYLVANIA',	'Pennsylvania',	1),
(557,	'RI',	1101,	'',	0,	'RHODE ISLAND',	'Rhode Island',	1),
(558,	'SC',	1101,	'',	0,	'SOUTH CAROLINA',	'South Carolina',	1),
(559,	'SD',	1101,	'',	0,	'SOUTH DAKOTA',	'South Dakota',	1),
(560,	'TN',	1101,	'',	0,	'TENNESSEE',	'Tennessee',	1),
(561,	'TX',	1101,	'',	0,	'TEXAS',	'Texas',	1),
(562,	'UT',	1101,	'',	0,	'UTAH',	'Utah',	1),
(563,	'VT',	1101,	'',	0,	'VERMONT',	'Vermont',	1),
(564,	'VA',	1101,	'',	0,	'VIRGINIA',	'Virginia',	1),
(565,	'WA',	1101,	'',	0,	'WASHINGTON',	'Washington',	1),
(566,	'WV',	1101,	'',	0,	'WEST VIRGINIA',	'West Virginia',	1),
(567,	'WI',	1101,	'',	0,	'WISCONSIN',	'Wisconsin',	1),
(568,	'WY',	1101,	'',	0,	'WYOMING',	'Wyoming',	1),
(569,	'GR',	1701,	NULL,	NULL,	NULL,	'Groningen',	1),
(570,	'FR',	1701,	NULL,	NULL,	NULL,	'Friesland',	1),
(571,	'DR',	1701,	NULL,	NULL,	NULL,	'Drenthe',	1),
(572,	'OV',	1701,	NULL,	NULL,	NULL,	'Overijssel',	1),
(573,	'GD',	1701,	NULL,	NULL,	NULL,	'Gelderland',	1),
(574,	'FL',	1701,	NULL,	NULL,	NULL,	'Flevoland',	1),
(575,	'UT',	1701,	NULL,	NULL,	NULL,	'Utrecht',	1),
(576,	'NH',	1701,	NULL,	NULL,	NULL,	'Noord-Holland',	1),
(577,	'ZH',	1701,	NULL,	NULL,	NULL,	'Zuid-Holland',	1),
(578,	'ZL',	1701,	NULL,	NULL,	NULL,	'Zeeland',	1),
(579,	'NB',	1701,	NULL,	NULL,	NULL,	'Noord-Brabant',	1),
(580,	'LB',	1701,	NULL,	NULL,	NULL,	'Limburg',	1),
(581,	'SS',	8601,	'',	0,	'',	'San Salvador',	1),
(582,	'SA',	8603,	'',	0,	'',	'Santa Ana',	1),
(583,	'AH',	8603,	'',	0,	'',	'Ahuachapan',	1),
(584,	'SO',	8603,	'',	0,	'',	'Sonsonate',	1),
(585,	'US',	8602,	'',	0,	'',	'Usulutan',	1),
(586,	'SM',	8602,	'',	0,	'',	'San Miguel',	1),
(587,	'MO',	8602,	'',	0,	'',	'Morazan',	1),
(588,	'LU',	8602,	'',	0,	'',	'La Union',	1),
(589,	'LL',	8601,	'',	0,	'',	'La Libertad',	1),
(590,	'CH',	8601,	'',	0,	'',	'Chalatenango',	1),
(591,	'CA',	8601,	'',	0,	'',	'Cabañas',	1),
(592,	'LP',	8601,	'',	0,	'',	'La Paz',	1),
(593,	'SV',	8601,	'',	0,	'',	'San Vicente',	1),
(594,	'CU',	8601,	'',	0,	'',	'Cuscatlan',	1),
(595,	'2301',	2301,	'',	0,	'CATAMARCA',	'Catamarca',	1),
(596,	'2302',	2301,	'',	0,	'JUJUY',	'Jujuy',	1),
(597,	'2303',	2301,	'',	0,	'TUCAMAN',	'Tucamán',	1),
(598,	'2304',	2301,	'',	0,	'SANTIAGO DEL ESTERO',	'Santiago del Estero',	1),
(599,	'2305',	2301,	'',	0,	'SALTA',	'Salta',	1),
(600,	'2306',	2302,	'',	0,	'CHACO',	'Chaco',	1),
(601,	'2307',	2302,	'',	0,	'CORRIENTES',	'Corrientes',	1),
(602,	'2308',	2302,	'',	0,	'ENTRE RIOS',	'Entre Ríos',	1),
(603,	'2309',	2302,	'',	0,	'FORMOSA MISIONES',	'Formosa Misiones',	1),
(604,	'2310',	2302,	'',	0,	'SANTA FE',	'Santa Fe',	1),
(605,	'2311',	2303,	'',	0,	'LA RIOJA',	'La Rioja',	1),
(606,	'2312',	2303,	'',	0,	'MENDOZA',	'Mendoza',	1),
(607,	'2313',	2303,	'',	0,	'SAN JUAN',	'San Juan',	1),
(608,	'2314',	2303,	'',	0,	'SAN LUIS',	'San Luis',	1),
(609,	'2315',	2304,	'',	0,	'CORDOBA',	'Córdoba',	1),
(610,	'2316',	2304,	'',	0,	'BUENOS AIRES',	'Buenos Aires',	1),
(611,	'2317',	2304,	'',	0,	'CABA',	'Caba',	1),
(612,	'2318',	2305,	'',	0,	'LA PAMPA',	'La Pampa',	1),
(613,	'2319',	2305,	'',	0,	'NEUQUEN',	'Neuquén',	1),
(614,	'2320',	2305,	'',	0,	'RIO NEGRO',	'Río Negro',	1),
(615,	'2321',	2305,	'',	0,	'CHUBUT',	'Chubut',	1),
(616,	'2322',	2305,	'',	0,	'SANTA CRUZ',	'Santa Cruz',	1),
(617,	'2323',	2305,	'',	0,	'TIERRA DEL FUEGO',	'Tierra del Fuego',	1),
(618,	'2324',	2305,	'',	0,	'ISLAS MALVINAS',	'Islas Malvinas',	1),
(619,	'2325',	2305,	'',	0,	'ANTARTIDA',	'Antártida',	1),
(620,	'AC',	5601,	'ACRE',	0,	'AC',	'Acre',	1),
(621,	'AL',	5601,	'ALAGOAS',	0,	'AL',	'Alagoas',	1),
(622,	'AP',	5601,	'AMAPA',	0,	'AP',	'Amapá',	1),
(623,	'AM',	5601,	'AMAZONAS',	0,	'AM',	'Amazonas',	1),
(624,	'BA',	5601,	'BAHIA',	0,	'BA',	'Bahia',	1),
(625,	'CE',	5601,	'CEARA',	0,	'CE',	'Ceará',	1),
(626,	'ES',	5601,	'ESPIRITO SANTO',	0,	'ES',	'Espirito Santo',	1),
(627,	'GO',	5601,	'GOIAS',	0,	'GO',	'Goiás',	1),
(628,	'MA',	5601,	'MARANHAO',	0,	'MA',	'Maranhão',	1),
(629,	'MT',	5601,	'MATO GROSSO',	0,	'MT',	'Mato Grosso',	1),
(630,	'MS',	5601,	'MATO GROSSO DO SUL',	0,	'MS',	'Mato Grosso do Sul',	1),
(631,	'MG',	5601,	'MINAS GERAIS',	0,	'MG',	'Minas Gerais',	1),
(632,	'PA',	5601,	'PARA',	0,	'PA',	'Pará',	1),
(633,	'PB',	5601,	'PARAIBA',	0,	'PB',	'Paraiba',	1),
(634,	'PR',	5601,	'PARANA',	0,	'PR',	'Paraná',	1),
(635,	'PE',	5601,	'PERNAMBUCO',	0,	'PE',	'Pernambuco',	1),
(636,	'PI',	5601,	'PIAUI',	0,	'PI',	'Piauí',	1),
(637,	'RJ',	5601,	'RIO DE JANEIRO',	0,	'RJ',	'Rio de Janeiro',	1),
(638,	'RN',	5601,	'RIO GRANDE DO NORTE',	0,	'RN',	'Rio Grande do Norte',	1),
(639,	'RS',	5601,	'RIO GRANDE DO SUL',	0,	'RS',	'Rio Grande do Sul',	1),
(640,	'RO',	5601,	'RONDONIA',	0,	'RO',	'Rondônia',	1),
(641,	'RR',	5601,	'RORAIMA',	0,	'RR',	'Roraima',	1),
(642,	'SC',	5601,	'SANTA CATARINA',	0,	'SC',	'Santa Catarina',	1),
(643,	'SE',	5601,	'SERGIPE',	0,	'SE',	'Sergipe',	1),
(644,	'SP',	5601,	'SAO PAULO',	0,	'SP',	'Sao Paulo',	1),
(645,	'TO',	5601,	'TOCANTINS',	0,	'TO',	'Tocantins',	1),
(646,	'DF',	5601,	'DISTRITO FEDERAL',	0,	'DF',	'Distrito Federal',	1),
(647,	'151',	6715,	'',	0,	'151',	'Arica',	1),
(648,	'152',	6715,	'',	0,	'152',	'Parinacota',	1),
(649,	'011',	6701,	'',	0,	'011',	'Iquique',	1),
(650,	'014',	6701,	'',	0,	'014',	'Tamarugal',	1),
(651,	'021',	6702,	'',	0,	'021',	'Antofagasa',	1),
(652,	'022',	6702,	'',	0,	'022',	'El Loa',	1),
(653,	'023',	6702,	'',	0,	'023',	'Tocopilla',	1),
(654,	'031',	6703,	'',	0,	'031',	'Copiapó',	1),
(655,	'032',	6703,	'',	0,	'032',	'Chañaral',	1),
(656,	'033',	6703,	'',	0,	'033',	'Huasco',	1),
(657,	'041',	6704,	'',	0,	'041',	'Elqui',	1),
(658,	'042',	6704,	'',	0,	'042',	'Choapa',	1),
(659,	'043',	6704,	'',	0,	'043',	'Limarí',	1),
(660,	'051',	6705,	'',	0,	'051',	'Valparaíso',	1),
(661,	'052',	6705,	'',	0,	'052',	'Isla de Pascua',	1),
(662,	'053',	6705,	'',	0,	'053',	'Los Andes',	1),
(663,	'054',	6705,	'',	0,	'054',	'Petorca',	1),
(664,	'055',	6705,	'',	0,	'055',	'Quillota',	1),
(665,	'056',	6705,	'',	0,	'056',	'San Antonio',	1),
(666,	'057',	6705,	'',	0,	'057',	'San Felipe de Aconcagua',	1),
(667,	'058',	6705,	'',	0,	'058',	'Marga Marga',	1),
(668,	'061',	6706,	'',	0,	'061',	'Cachapoal',	1),
(669,	'062',	6706,	'',	0,	'062',	'Cardenal Caro',	1),
(670,	'063',	6706,	'',	0,	'063',	'Colchagua',	1),
(671,	'071',	6707,	'',	0,	'071',	'Talca',	1),
(672,	'072',	6707,	'',	0,	'072',	'Cauquenes',	1),
(673,	'073',	6707,	'',	0,	'073',	'Curicó',	1),
(674,	'074',	6707,	'',	0,	'074',	'Linares',	1),
(675,	'081',	6708,	'',	0,	'081',	'Concepción',	1),
(676,	'082',	6708,	'',	0,	'082',	'Arauco',	1),
(677,	'083',	6708,	'',	0,	'083',	'Biobío',	1),
(678,	'084',	6708,	'',	0,	'084',	'Ñuble',	1),
(679,	'091',	6709,	'',	0,	'091',	'Cautín',	1),
(680,	'092',	6709,	'',	0,	'092',	'Malleco',	1),
(681,	'141',	6714,	'',	0,	'141',	'Valdivia',	1),
(682,	'142',	6714,	'',	0,	'142',	'Ranco',	1),
(683,	'101',	6710,	'',	0,	'101',	'Llanquihue',	1),
(684,	'102',	6710,	'',	0,	'102',	'Chiloé',	1),
(685,	'103',	6710,	'',	0,	'103',	'Osorno',	1),
(686,	'104',	6710,	'',	0,	'104',	'Palena',	1),
(687,	'111',	6711,	'',	0,	'111',	'Coihaique',	1),
(688,	'112',	6711,	'',	0,	'112',	'Aisén',	1),
(689,	'113',	6711,	'',	0,	'113',	'Capitán Prat',	1),
(690,	'114',	6711,	'',	0,	'114',	'General Carrera',	1),
(691,	'121',	6712,	'',	0,	'121',	'Magallanes',	1),
(692,	'122',	6712,	'',	0,	'122',	'Antártica Chilena',	1),
(693,	'123',	6712,	'',	0,	'123',	'Tierra del Fuego',	1),
(694,	'124',	6712,	'',	0,	'124',	'Última Esperanza',	1),
(695,	'131',	6713,	'',	0,	'131',	'Santiago',	1),
(696,	'132',	6713,	'',	0,	'132',	'Cordillera',	1),
(697,	'133',	6713,	'',	0,	'133',	'Chacabuco',	1),
(698,	'134',	6713,	'',	0,	'134',	'Maipo',	1),
(699,	'135',	6713,	'',	0,	'135',	'Melipilla',	1),
(700,	'136',	6713,	'',	0,	'136',	'Talagante',	1),
(701,	'AN',	11701,	NULL,	0,	'AN',	'Andaman & Nicobar',	1),
(702,	'AP',	11701,	NULL,	0,	'AP',	'Andhra Pradesh',	1),
(703,	'AR',	11701,	NULL,	0,	'AR',	'Arunachal Pradesh',	1),
(704,	'AS',	11701,	NULL,	0,	'AS',	'Assam',	1),
(705,	'BR',	11701,	NULL,	0,	'BR',	'Bihar',	1),
(706,	'CG',	11701,	NULL,	0,	'CG',	'Chattisgarh',	1),
(707,	'CH',	11701,	NULL,	0,	'CH',	'Chandigarh',	1),
(708,	'DD',	11701,	NULL,	0,	'DD',	'Daman & Diu',	1),
(709,	'DL',	11701,	NULL,	0,	'DL',	'Delhi',	1),
(710,	'DN',	11701,	NULL,	0,	'DN',	'Dadra and Nagar Haveli',	1),
(711,	'GA',	11701,	NULL,	0,	'GA',	'Goa',	1),
(712,	'GJ',	11701,	NULL,	0,	'GJ',	'Gujarat',	1),
(713,	'HP',	11701,	NULL,	0,	'HP',	'Himachal Pradesh',	1),
(714,	'HR',	11701,	NULL,	0,	'HR',	'Haryana',	1),
(715,	'JH',	11701,	NULL,	0,	'JH',	'Jharkhand',	1),
(716,	'JK',	11701,	NULL,	0,	'JK',	'Jammu & Kashmir',	1),
(717,	'KA',	11701,	NULL,	0,	'KA',	'Karnataka',	1),
(718,	'KL',	11701,	NULL,	0,	'KL',	'Kerala',	1),
(719,	'LD',	11701,	NULL,	0,	'LD',	'Lakshadweep',	1),
(720,	'MH',	11701,	NULL,	0,	'MH',	'Maharashtra',	1),
(721,	'ML',	11701,	NULL,	0,	'ML',	'Meghalaya',	1),
(722,	'MN',	11701,	NULL,	0,	'MN',	'Manipur',	1),
(723,	'MP',	11701,	NULL,	0,	'MP',	'Madhya Pradesh',	1),
(724,	'MZ',	11701,	NULL,	0,	'MZ',	'Mizoram',	1),
(725,	'NL',	11701,	NULL,	0,	'NL',	'Nagaland',	1),
(726,	'OR',	11701,	NULL,	0,	'OR',	'Orissa',	1),
(727,	'PB',	11701,	NULL,	0,	'PB',	'Punjab',	1),
(728,	'PY',	11701,	NULL,	0,	'PY',	'Puducherry',	1),
(729,	'RJ',	11701,	NULL,	0,	'RJ',	'Rajasthan',	1),
(730,	'SK',	11701,	NULL,	0,	'SK',	'Sikkim',	1),
(731,	'TN',	11701,	NULL,	0,	'TN',	'Tamil Nadu',	1),
(732,	'TR',	11701,	NULL,	0,	'TR',	'Tripura',	1),
(733,	'UL',	11701,	NULL,	0,	'UL',	'Uttarakhand',	1),
(734,	'UP',	11701,	NULL,	0,	'UP',	'Uttar Pradesh',	1),
(735,	'WB',	11701,	NULL,	0,	'WB',	'West Bengal',	1),
(736,	'DIF',	15401,	'',	0,	'DIF',	'Distrito Federal',	1),
(737,	'AGS',	15401,	'',	0,	'AGS',	'Aguascalientes',	1),
(738,	'BCN',	15401,	'',	0,	'BCN',	'Baja California Norte',	1),
(739,	'BCS',	15401,	'',	0,	'BCS',	'Baja California Sur',	1),
(740,	'CAM',	15401,	'',	0,	'CAM',	'Campeche',	1),
(741,	'CHP',	15401,	'',	0,	'CHP',	'Chiapas',	1),
(742,	'CHI',	15401,	'',	0,	'CHI',	'Chihuahua',	1),
(743,	'COA',	15401,	'',	0,	'COA',	'Coahuila',	1),
(744,	'COL',	15401,	'',	0,	'COL',	'Colima',	1),
(745,	'DUR',	15401,	'',	0,	'DUR',	'Durango',	1),
(746,	'GTO',	15401,	'',	0,	'GTO',	'Guanajuato',	1),
(747,	'GRO',	15401,	'',	0,	'GRO',	'Guerrero',	1),
(748,	'HGO',	15401,	'',	0,	'HGO',	'Hidalgo',	1),
(749,	'JAL',	15401,	'',	0,	'JAL',	'Jalisco',	1),
(750,	'MEX',	15401,	'',	0,	'MEX',	'México',	1),
(751,	'MIC',	15401,	'',	0,	'MIC',	'Michoacán de Ocampo',	1),
(752,	'MOR',	15401,	'',	0,	'MOR',	'Morelos',	1),
(753,	'NAY',	15401,	'',	0,	'NAY',	'Nayarit',	1),
(754,	'NLE',	15401,	'',	0,	'NLE',	'Nuevo León',	1),
(755,	'OAX',	15401,	'',	0,	'OAX',	'Oaxaca',	1),
(756,	'PUE',	15401,	'',	0,	'PUE',	'Puebla',	1),
(757,	'QRO',	15401,	'',	0,	'QRO',	'Querétaro',	1),
(758,	'ROO',	15401,	'',	0,	'ROO',	'Quintana Roo',	1),
(759,	'SLP',	15401,	'',	0,	'SLP',	'San Luis Potosí',	1),
(760,	'SIN',	15401,	'',	0,	'SIN',	'Sinaloa',	1),
(761,	'SON',	15401,	'',	0,	'SON',	'Sonora',	1),
(762,	'TAB',	15401,	'',	0,	'TAB',	'Tabasco',	1),
(763,	'TAM',	15401,	'',	0,	'TAM',	'Tamaulipas',	1),
(764,	'TLX',	15401,	'',	0,	'TLX',	'Tlaxcala',	1),
(765,	'VER',	15401,	'',	0,	'VER',	'Veracruz',	1),
(766,	'YUC',	15401,	'',	0,	'YUC',	'Yucatán',	1),
(767,	'ZAC',	15401,	'',	0,	'ZAC',	'Zacatecas',	1),
(768,	'ANT',	7001,	'',	0,	'ANT',	'Antioquia',	1),
(769,	'BOL',	7001,	'',	0,	'BOL',	'Bolívar',	1),
(770,	'BOY',	7001,	'',	0,	'BOY',	'Boyacá',	1),
(771,	'CAL',	7001,	'',	0,	'CAL',	'Caldas',	1),
(772,	'CAU',	7001,	'',	0,	'CAU',	'Cauca',	1),
(773,	'CUN',	7001,	'',	0,	'CUN',	'Cundinamarca',	1),
(774,	'HUI',	7001,	'',	0,	'HUI',	'Huila',	1),
(775,	'LAG',	7001,	'',	0,	'LAG',	'La Guajira',	1),
(776,	'MET',	7001,	'',	0,	'MET',	'Meta',	1),
(777,	'NAR',	7001,	'',	0,	'NAR',	'Nariño',	1),
(778,	'NDS',	7001,	'',	0,	'NDS',	'Norte de Santander',	1),
(779,	'SAN',	7001,	'',	0,	'SAN',	'Santander',	1),
(780,	'SUC',	7001,	'',	0,	'SUC',	'Sucre',	1),
(781,	'TOL',	7001,	'',	0,	'TOL',	'Tolima',	1),
(782,	'VAC',	7001,	'',	0,	'VAC',	'Valle del Cauca',	1),
(783,	'RIS',	7001,	'',	0,	'RIS',	'Risalda',	1),
(784,	'ATL',	7001,	'',	0,	'ATL',	'Atlántico',	1),
(785,	'COR',	7001,	'',	0,	'COR',	'Córdoba',	1),
(786,	'SAP',	7001,	'',	0,	'SAP',	'San Andrés, Providencia y Santa Catalina',	1),
(787,	'ARA',	7001,	'',	0,	'ARA',	'Arauca',	1),
(788,	'CAS',	7001,	'',	0,	'CAS',	'Casanare',	1),
(789,	'AMA',	7001,	'',	0,	'AMA',	'Amazonas',	1),
(790,	'CAQ',	7001,	'',	0,	'CAQ',	'Caquetá',	1),
(791,	'CHO',	7001,	'',	0,	'CHO',	'Chocó',	1),
(792,	'GUA',	7001,	'',	0,	'GUA',	'Guainía',	1),
(793,	'GUV',	7001,	'',	0,	'GUV',	'Guaviare',	1),
(794,	'PUT',	7001,	'',	0,	'PUT',	'Putumayo',	1),
(795,	'QUI',	7001,	'',	0,	'QUI',	'Quindío',	1),
(796,	'VAU',	7001,	'',	0,	'VAU',	'Vaupés',	1),
(797,	'BOG',	7001,	'',	0,	'BOG',	'Bogotá',	1),
(798,	'VID',	7001,	'',	0,	'VID',	'Vichada',	1),
(799,	'CES',	7001,	'',	0,	'CES',	'Cesar',	1),
(800,	'MAG',	7001,	'',	0,	'MAG',	'Magdalena',	1),
(801,	'AT',	11401,	'',	0,	'AT',	'Atlántida',	1),
(802,	'CH',	11401,	'',	0,	'CH',	'Choluteca',	1),
(803,	'CL',	11401,	'',	0,	'CL',	'Colón',	1),
(804,	'CM',	11401,	'',	0,	'CM',	'Comayagua',	1),
(805,	'CO',	11401,	'',	0,	'CO',	'Copán',	1),
(806,	'CR',	11401,	'',	0,	'CR',	'Cortés',	1),
(807,	'EP',	11401,	'',	0,	'EP',	'El Paraíso',	1),
(808,	'FM',	11401,	'',	0,	'FM',	'Francisco Morazán',	1),
(809,	'GD',	11401,	'',	0,	'GD',	'Gracias a Dios',	1),
(810,	'IN',	11401,	'',	0,	'IN',	'Intibucá',	1),
(811,	'IB',	11401,	'',	0,	'IB',	'Islas de la Bahía',	1),
(812,	'LP',	11401,	'',	0,	'LP',	'La Paz',	1),
(813,	'LM',	11401,	'',	0,	'LM',	'Lempira',	1),
(814,	'OC',	11401,	'',	0,	'OC',	'Ocotepeque',	1),
(815,	'OL',	11401,	'',	0,	'OL',	'Olancho',	1),
(816,	'SB',	11401,	'',	0,	'SB',	'Santa Bárbara',	1),
(817,	'VL',	11401,	'',	0,	'VL',	'Valle',	1),
(818,	'YO',	11401,	'',	0,	'YO',	'Yoro',	1),
(819,	'DC',	11401,	'',	0,	'DC',	'Distrito Central',	1),
(820,	'CC',	4601,	'Oistins',	0,	'CC',	'Christ Church',	1),
(821,	'SA',	4601,	'Greenland',	0,	'SA',	'Saint Andrew',	1),
(822,	'SG',	4601,	'Bulkeley',	0,	'SG',	'Saint George',	1),
(823,	'JA',	4601,	'Holetown',	0,	'JA',	'Saint James',	1),
(824,	'SJ',	4601,	'Four Roads',	0,	'SJ',	'Saint John',	1),
(825,	'SB',	4601,	'Bathsheba',	0,	'SB',	'Saint Joseph',	1),
(826,	'SL',	4601,	'Crab Hill',	0,	'SL',	'Saint Lucy',	1),
(827,	'SM',	4601,	'Bridgetown',	0,	'SM',	'Saint Michael',	1),
(828,	'SP',	4601,	'Speightstown',	0,	'SP',	'Saint Peter',	1),
(829,	'SC',	4601,	'Crane',	0,	'SC',	'Saint Philip',	1),
(830,	'ST',	4601,	'Hillaby',	0,	'ST',	'Saint Thomas',	1),
(831,	'VE-L',	23201,	'',	0,	'VE-L',	'Mérida',	1),
(832,	'VE-T',	23201,	'',	0,	'VE-T',	'Trujillo',	1),
(833,	'VE-E',	23201,	'',	0,	'VE-E',	'Barinas',	1),
(834,	'VE-M',	23202,	'',	0,	'VE-M',	'Miranda',	1),
(835,	'VE-W',	23202,	'',	0,	'VE-W',	'Vargas',	1),
(836,	'VE-A',	23202,	'',	0,	'VE-A',	'Distrito Capital',	1),
(837,	'VE-D',	23203,	'',	0,	'VE-D',	'Aragua',	1),
(838,	'VE-G',	23203,	'',	0,	'VE-G',	'Carabobo',	1),
(839,	'VE-I',	23204,	'',	0,	'VE-I',	'Falcón',	1),
(840,	'VE-K',	23204,	'',	0,	'VE-K',	'Lara',	1),
(841,	'VE-U',	23204,	'',	0,	'VE-U',	'Yaracuy',	1),
(842,	'VE-F',	23205,	'',	0,	'VE-F',	'Bolívar',	1),
(843,	'VE-X',	23205,	'',	0,	'VE-X',	'Amazonas',	1),
(844,	'VE-Y',	23205,	'',	0,	'VE-Y',	'Delta Amacuro',	1),
(845,	'VE-O',	23206,	'',	0,	'VE-O',	'Nueva Esparta',	1),
(846,	'VE-Z',	23206,	'',	0,	'VE-Z',	'Dependencias Federales',	1),
(847,	'VE-C',	23207,	'',	0,	'VE-C',	'Apure',	1),
(848,	'VE-J',	23207,	'',	0,	'VE-J',	'Guárico',	1),
(849,	'VE-H',	23207,	'',	0,	'VE-H',	'Cojedes',	1),
(850,	'VE-P',	23207,	'',	0,	'VE-P',	'Portuguesa',	1),
(851,	'VE-B',	23208,	'',	0,	'VE-B',	'Anzoátegui',	1),
(852,	'VE-N',	23208,	'',	0,	'VE-N',	'Monagas',	1),
(853,	'VE-R',	23208,	'',	0,	'VE-R',	'Sucre',	1),
(854,	'VE-V',	23209,	'',	0,	'VE-V',	'Zulia',	1),
(855,	'VE-S',	23209,	'',	0,	'VE-S',	'Táchira',	1),
(856,	'AL01',	1301,	'',	0,	'',	'Wilaya d\'Adrar',	1),
(857,	'AL02',	1301,	'',	0,	'',	'Wilaya de Chlef',	1),
(858,	'AL03',	1301,	'',	0,	'',	'Wilaya de Laghouat',	1),
(859,	'AL04',	1301,	'',	0,	'',	'Wilaya d\'Oum El Bouaghi',	1),
(860,	'AL05',	1301,	'',	0,	'',	'Wilaya de Batna',	1),
(861,	'AL06',	1301,	'',	0,	'',	'Wilaya de Béjaïa',	1),
(862,	'AL07',	1301,	'',	0,	'',	'Wilaya de Biskra',	1),
(863,	'AL08',	1301,	'',	0,	'',	'Wilaya de Béchar',	1),
(864,	'AL09',	1301,	'',	0,	'',	'Wilaya de Blida',	1),
(865,	'AL11',	1301,	'',	0,	'',	'Wilaya de Bouira',	1),
(866,	'AL12',	1301,	'',	0,	'',	'Wilaya de Tamanrasset',	1),
(867,	'AL13',	1301,	'',	0,	'',	'Wilaya de Tébessa',	1),
(868,	'AL14',	1301,	'',	0,	'',	'Wilaya de Tlemcen',	1),
(869,	'AL15',	1301,	'',	0,	'',	'Wilaya de Tiaret',	1),
(870,	'AL16',	1301,	'',	0,	'',	'Wilaya de Tizi Ouzou',	1),
(871,	'AL17',	1301,	'',	0,	'',	'Wilaya d\'Alger',	1),
(872,	'AL18',	1301,	'',	0,	'',	'Wilaya de Djelfa',	1),
(873,	'AL19',	1301,	'',	0,	'',	'Wilaya de Jijel',	1),
(874,	'AL20',	1301,	'',	0,	'',	'Wilaya de Sétif	',	1),
(875,	'AL21',	1301,	'',	0,	'',	'Wilaya de Saïda',	1),
(876,	'AL22',	1301,	'',	0,	'',	'Wilaya de Skikda',	1),
(877,	'AL23',	1301,	'',	0,	'',	'Wilaya de Sidi Bel Abbès',	1),
(878,	'AL24',	1301,	'',	0,	'',	'Wilaya d\'Annaba',	1),
(879,	'AL25',	1301,	'',	0,	'',	'Wilaya de Guelma',	1),
(880,	'AL26',	1301,	'',	0,	'',	'Wilaya de Constantine',	1),
(881,	'AL27',	1301,	'',	0,	'',	'Wilaya de Médéa',	1),
(882,	'AL28',	1301,	'',	0,	'',	'Wilaya de Mostaganem',	1),
(883,	'AL29',	1301,	'',	0,	'',	'Wilaya de M\'Sila',	1),
(884,	'AL30',	1301,	'',	0,	'',	'Wilaya de Mascara',	1),
(885,	'AL31',	1301,	'',	0,	'',	'Wilaya d\'Ouargla',	1),
(886,	'AL32',	1301,	'',	0,	'',	'Wilaya d\'Oran',	1),
(887,	'AL33',	1301,	'',	0,	'',	'Wilaya d\'El Bayadh',	1),
(888,	'AL34',	1301,	'',	0,	'',	'Wilaya d\'Illizi',	1),
(889,	'AL35',	1301,	'',	0,	'',	'Wilaya de Bordj Bou Arreridj',	1),
(890,	'AL36',	1301,	'',	0,	'',	'Wilaya de Boumerdès',	1),
(891,	'AL37',	1301,	'',	0,	'',	'Wilaya d\'El Tarf',	1),
(892,	'AL38',	1301,	'',	0,	'',	'Wilaya de Tindouf',	1),
(893,	'AL39',	1301,	'',	0,	'',	'Wilaya de Tissemsilt',	1),
(894,	'AL40',	1301,	'',	0,	'',	'Wilaya d\'El Oued',	1),
(895,	'AL41',	1301,	'',	0,	'',	'Wilaya de Khenchela',	1),
(896,	'AL42',	1301,	'',	0,	'',	'Wilaya de Souk Ahras',	1),
(897,	'AL43',	1301,	'',	0,	'',	'Wilaya de Tipaza',	1),
(898,	'AL44',	1301,	'',	0,	'',	'Wilaya de Mila',	1),
(899,	'AL45',	1301,	'',	0,	'',	'Wilaya d\'Aïn Defla',	1),
(900,	'AL46',	1301,	'',	0,	'',	'Wilaya de Naâma',	1),
(901,	'AL47',	1301,	'',	0,	'',	'Wilaya d\'Aïn Témouchent',	1),
(902,	'AL48',	1301,	'',	0,	'',	'Wilaya de Ghardaia',	1),
(903,	'AL49',	1301,	'',	0,	'',	'Wilaya de Relizane',	1),
(904,	'MA',	1209,	'',	0,	'',	'Province de Benslimane',	1),
(905,	'MA1',	1209,	'',	0,	'',	'Province de Berrechid',	1),
(906,	'MA2',	1209,	'',	0,	'',	'Province de Khouribga',	1),
(907,	'MA3',	1209,	'',	0,	'',	'Province de Settat',	1),
(908,	'MA4',	1210,	'',	0,	'',	'Province d\'El Jadida',	1),
(909,	'MA5',	1210,	'',	0,	'',	'Province de Safi',	1),
(910,	'MA6',	1210,	'',	0,	'',	'Province de Sidi Bennour',	1),
(911,	'MA7',	1210,	'',	0,	'',	'Province de Youssoufia',	1),
(912,	'MA6B',	1205,	'',	0,	'',	'Préfecture de Fès',	1),
(913,	'MA7B',	1205,	'',	0,	'',	'Province de Boulemane',	1),
(914,	'MA8',	1205,	'',	0,	'',	'Province de Moulay Yacoub',	1),
(915,	'MA9',	1205,	'',	0,	'',	'Province de Sefrou',	1),
(916,	'MA8A',	1202,	'',	0,	'',	'Province de Kénitra',	1),
(917,	'MA9A',	1202,	'',	0,	'',	'Province de Sidi Kacem',	1),
(918,	'MA10',	1202,	'',	0,	'',	'Province de Sidi Slimane',	1),
(919,	'MA11',	1208,	'',	0,	'',	'Préfecture de Casablanca',	1),
(920,	'MA12',	1208,	'',	0,	'',	'Préfecture de Mohammédia',	1),
(921,	'MA13',	1208,	'',	0,	'',	'Province de Médiouna',	1),
(922,	'MA14',	1208,	'',	0,	'',	'Province de Nouaceur',	1),
(923,	'MA15',	1214,	'',	0,	'',	'Province d\'Assa-Zag',	1),
(924,	'MA16',	1214,	'',	0,	'',	'Province d\'Es-Semara',	1),
(925,	'MA17A',	1214,	'',	0,	'',	'Province de Guelmim',	1),
(926,	'MA18',	1214,	'',	0,	'',	'Province de Tata',	1),
(927,	'MA19',	1214,	'',	0,	'',	'Province de Tan-Tan',	1),
(928,	'MA15',	1215,	'',	0,	'',	'Province de Boujdour',	1),
(929,	'MA16',	1215,	'',	0,	'',	'Province de Lâayoune',	1),
(930,	'MA17',	1215,	'',	0,	'',	'Province de Tarfaya',	1),
(931,	'MA18',	1211,	'',	0,	'',	'Préfecture de Marrakech',	1),
(932,	'MA19',	1211,	'',	0,	'',	'Province d\'Al Haouz',	1),
(933,	'MA20',	1211,	'',	0,	'',	'Province de Chichaoua',	1),
(934,	'MA21',	1211,	'',	0,	'',	'Province d\'El Kelâa des Sraghna',	1),
(935,	'MA22',	1211,	'',	0,	'',	'Province d\'Essaouira',	1),
(936,	'MA23',	1211,	'',	0,	'',	'Province de Rehamna',	1),
(937,	'MA24',	1206,	'',	0,	'',	'Préfecture de Meknès',	1),
(938,	'MA25',	1206,	'',	0,	'',	'Province d’El Hajeb',	1),
(939,	'MA26',	1206,	'',	0,	'',	'Province d\'Errachidia',	1),
(940,	'MA27',	1206,	'',	0,	'',	'Province d’Ifrane',	1),
(941,	'MA28',	1206,	'',	0,	'',	'Province de Khénifra',	1),
(942,	'MA29',	1206,	'',	0,	'',	'Province de Midelt',	1),
(943,	'MA30',	1204,	'',	0,	'',	'Préfecture d\'Oujda-Angad',	1),
(944,	'MA31',	1204,	'',	0,	'',	'Province de Berkane',	1),
(945,	'MA32',	1204,	'',	0,	'',	'Province de Driouch',	1),
(946,	'MA33',	1204,	'',	0,	'',	'Province de Figuig',	1),
(947,	'MA34',	1204,	'',	0,	'',	'Province de Jerada',	1),
(948,	'MA35',	1204,	'',	0,	'',	'Province de Nadorgg',	1),
(949,	'MA36',	1204,	'',	0,	'',	'Province de Taourirt',	1),
(950,	'MA37',	1216,	'',	0,	'',	'Province d\'Aousserd',	1),
(951,	'MA38',	1216,	'',	0,	'',	'Province d\'Oued Ed-Dahab',	1),
(952,	'MA39',	1207,	'',	0,	'',	'Préfecture de Rabat',	1),
(953,	'MA40',	1207,	'',	0,	'',	'Préfecture de Skhirat-Témara',	1),
(954,	'MA41',	1207,	'',	0,	'',	'Préfecture de Salé',	1),
(955,	'MA42',	1207,	'',	0,	'',	'Province de Khémisset',	1),
(956,	'MA43',	1213,	'',	0,	'',	'Préfecture d\'Agadir Ida-Outanane',	1),
(957,	'MA44',	1213,	'',	0,	'',	'Préfecture d\'Inezgane-Aït Melloul',	1),
(958,	'MA45',	1213,	'',	0,	'',	'Province de Chtouka-Aït Baha',	1),
(959,	'MA46',	1213,	'',	0,	'',	'Province d\'Ouarzazate',	1),
(960,	'MA47',	1213,	'',	0,	'',	'Province de Sidi Ifni',	1),
(961,	'MA48',	1213,	'',	0,	'',	'Province de Taroudant',	1),
(962,	'MA49',	1213,	'',	0,	'',	'Province de Tinghir',	1),
(963,	'MA50',	1213,	'',	0,	'',	'Province de Tiznit',	1),
(964,	'MA51',	1213,	'',	0,	'',	'Province de Zagora',	1),
(965,	'MA52',	1212,	'',	0,	'',	'Province d\'Azilal',	1),
(966,	'MA53',	1212,	'',	0,	'',	'Province de Beni Mellal',	1),
(967,	'MA54',	1212,	'',	0,	'',	'Province de Fquih Ben Salah',	1),
(968,	'MA55',	1201,	'',	0,	'',	'Préfecture de M\'diq-Fnideq',	1),
(969,	'MA56',	1201,	'',	0,	'',	'Préfecture de Tanger-Asilah',	1),
(970,	'MA57',	1201,	'',	0,	'',	'Province de Chefchaouen',	1),
(971,	'MA58',	1201,	'',	0,	'',	'Province de Fahs-Anjra',	1),
(972,	'MA59',	1201,	'',	0,	'',	'Province de Larache',	1),
(973,	'MA60',	1201,	'',	0,	'',	'Province d\'Ouezzane',	1),
(974,	'MA61',	1201,	'',	0,	'',	'Province de Tétouan',	1),
(975,	'MA62',	1203,	'',	0,	'',	'Province de Guercif',	1),
(976,	'MA63',	1203,	'',	0,	'',	'Province d\'Al Hoceïma',	1),
(977,	'MA64',	1203,	'',	0,	'',	'Province de Taounate',	1),
(978,	'MA65',	1203,	'',	0,	'',	'Province de Taza',	1),
(979,	'MA6A',	1205,	'',	0,	'',	'Préfecture de Fès',	1),
(980,	'MA7A',	1205,	'',	0,	'',	'Province de Boulemane',	1),
(981,	'MA15A',	1214,	'',	0,	'',	'Province d\'Assa-Zag',	1),
(982,	'MA16A',	1214,	'',	0,	'',	'Province d\'Es-Semara',	1),
(983,	'MA18A',	1211,	'',	0,	'',	'Préfecture de Marrakech',	1),
(984,	'MA19A',	1214,	'',	0,	'',	'Province de Tan-Tan',	1),
(985,	'MA19B',	1214,	'',	0,	'',	'Province de Tan-Tan',	1),
(986,	'TN01',	1001,	'',	0,	'',	'Ariana',	1),
(987,	'TN02',	1001,	'',	0,	'',	'Béja',	1),
(988,	'TN03',	1001,	'',	0,	'',	'Ben Arous',	1),
(989,	'TN04',	1001,	'',	0,	'',	'Bizerte',	1),
(990,	'TN05',	1001,	'',	0,	'',	'Gabès',	1),
(991,	'TN06',	1001,	'',	0,	'',	'Gafsa',	1),
(992,	'TN07',	1001,	'',	0,	'',	'Jendouba',	1),
(993,	'TN08',	1001,	'',	0,	'',	'Kairouan',	1),
(994,	'TN09',	1001,	'',	0,	'',	'Kasserine',	1),
(995,	'TN10',	1001,	'',	0,	'',	'Kébili',	1),
(996,	'TN11',	1001,	'',	0,	'',	'La Manouba',	1),
(997,	'TN12',	1001,	'',	0,	'',	'Le Kef',	1),
(998,	'TN13',	1001,	'',	0,	'',	'Mahdia',	1),
(999,	'TN14',	1001,	'',	0,	'',	'Médenine',	1),
(1000,	'TN15',	1001,	'',	0,	'',	'Monastir',	1),
(1001,	'TN16',	1001,	'',	0,	'',	'Nabeul',	1),
(1002,	'TN17',	1001,	'',	0,	'',	'Sfax',	1),
(1003,	'TN18',	1001,	'',	0,	'',	'Sidi Bouzid',	1),
(1004,	'TN19',	1001,	'',	0,	'',	'Siliana',	1),
(1005,	'TN20',	1001,	'',	0,	'',	'Sousse',	1),
(1006,	'TN21',	1001,	'',	0,	'',	'Tataouine',	1),
(1007,	'TN22',	1001,	'',	0,	'',	'Tozeur',	1),
(1008,	'TN23',	1001,	'',	0,	'',	'Tunis',	1),
(1009,	'TN24',	1001,	'',	0,	'',	'Zaghouan',	1);

DROP TABLE IF EXISTS `llx_c_ecotaxe`;
CREATE TABLE `llx_c_ecotaxe` (
  `rowid` int(11) NOT NULL AUTO_INCREMENT,
  `code` varchar(64) NOT NULL,
  `libelle` varchar(255) DEFAULT NULL,
  `price` double(24,8) DEFAULT NULL,
  `organization` varchar(255) DEFAULT NULL,
  `fk_pays` int(11) NOT NULL,
  `active` tinyint(4) NOT NULL DEFAULT '1',
  PRIMARY KEY (`rowid`),
  UNIQUE KEY `uk_c_ecotaxe` (`code`)
) ENGINE=InnoDB DEFAULT CHARSET=utf8;

INSERT INTO `llx_c_ecotaxe` (`rowid`, `code`, `libelle`, `price`, `organization`, `fk_pays`, `active`) VALUES
(1,	'ER-A-A',	'Materiels electriques < 0,2kg',	0.01000000,	'ERP',	1,	1),
(2,	'ER-A-B',	'Materiels electriques >= 0,2 kg et < 0,5 kg',	0.03000000,	'ERP',	1,	1),
(3,	'ER-A-C',	'Materiels electriques >= 0,5 kg et < 1 kg',	0.04000000,	'ERP',	1,	1),
(4,	'ER-A-D',	'Materiels electriques >= 1 kg et < 2 kg',	0.13000000,	'ERP',	1,	1),
(5,	'ER-A-E',	'Materiels electriques >= 2 kg et < 4kg',	0.21000000,	'ERP',	1,	1),
(6,	'ER-A-F',	'Materiels electriques >= 4 kg et < 8 kg',	0.42000000,	'ERP',	1,	1),
(7,	'ER-A-G',	'Materiels electriques >= 8 kg et < 15 kg',	0.84000000,	'ERP',	1,	1),
(8,	'ER-A-H',	'Materiels electriques >= 15 kg et < 20 kg',	1.25000000,	'ERP',	1,	1),
(9,	'ER-A-I',	'Materiels electriques >= 20 kg et < 30 kg',	1.88000000,	'ERP',	1,	1),
(10,	'ER-A-J',	'Materiels electriques >= 30 kg',	3.34000000,	'ERP',	1,	1),
(11,	'ER-M-1',	'TV, Moniteurs < 9kg',	0.84000000,	'ERP',	1,	1),
(12,	'ER-M-2',	'TV, Moniteurs >= 9kg et < 15kg',	1.67000000,	'ERP',	1,	1),
(13,	'ER-M-3',	'TV, Moniteurs >= 15kg et < 30kg',	3.34000000,	'ERP',	1,	1),
(14,	'ER-M-4',	'TV, Moniteurs >= 30 kg',	6.69000000,	'ERP',	1,	1),
(15,	'EC-A-A',	'Materiels electriques  0,2 kg max',	0.00840000,	'Ecologic',	1,	1),
(16,	'EC-A-B',	'Materiels electriques 0,21 kg min - 0,50 kg max',	0.02500000,	'Ecologic',	1,	1),
(17,	'EC-A-C',	'Materiels electriques  0,51 kg min - 1 kg max',	0.04000000,	'Ecologic',	1,	1),
(18,	'EC-A-D',	'Materiels electriques  1,01 kg min - 2,5 kg max',	0.13000000,	'Ecologic',	1,	1),
(19,	'EC-A-E',	'Materiels electriques  2,51 kg min - 4 kg max',	0.21000000,	'Ecologic',	1,	1),
(20,	'EC-A-F',	'Materiels electriques 4,01 kg min - 8 kg max',	0.42000000,	'Ecologic',	1,	1),
(21,	'EC-A-G',	'Materiels electriques  8,01 kg min - 12 kg max',	0.63000000,	'Ecologic',	1,	1),
(22,	'EC-A-H',	'Materiels electriques 12,01 kg min - 20 kg max',	1.05000000,	'Ecologic',	1,	1),
(23,	'EC-A-I',	'Materiels electriques  20,01 kg min',	1.88000000,	'Ecologic',	1,	1),
(24,	'EC-M-1',	'TV, Moniteurs 9 kg max',	0.84000000,	'Ecologic',	1,	1),
(25,	'EC-M-2',	'TV, Moniteurs 9,01 kg min - 18 kg max',	1.67000000,	'Ecologic',	1,	1),
(26,	'EC-M-3',	'TV, Moniteurs 18,01 kg min - 36 kg max',	3.34000000,	'Ecologic',	1,	1),
(27,	'EC-M-4',	'TV, Moniteurs 36,01 kg min',	6.69000000,	'Ecologic',	1,	1),
(28,	'ES-M-1',	'TV, Moniteurs <= 20 pouces',	0.84000000,	'Eco-systemes',	1,	1),
(29,	'ES-M-2',	'TV, Moniteurs > 20 pouces et <= 32 pouces',	3.34000000,	'Eco-systemes',	1,	1),
(30,	'ES-M-3',	'TV, Moniteurs > 32 pouces et autres grands ecrans',	6.69000000,	'Eco-systemes',	1,	1),
(31,	'ES-A-A',	'Ordinateur fixe, Audio home systems (HIFI), elements hifi separes',	0.84000000,	'Eco-systemes',	1,	1),
(32,	'ES-A-B',	'Ordinateur portable, CD-RCR, VCR, lecteurs et enregistreurs DVD, instruments de musique et caisses de resonance, haut parleurs...',	0.25000000,	'Eco-systemes',	1,	1),
(33,	'ES-A-C',	'Imprimante, photocopieur, telecopieur',	0.42000000,	'Eco-systemes',	1,	1),
(34,	'ES-A-D',	'Accessoires, clavier, souris, PDA, imprimante photo, appareil photo, gps, telephone, repondeur, telephone sans fil, modem, telecommande, casque, camescope, baladeur mp3, radio portable, radio K7 et CD portable, radio reveil',	0.08400000,	'Eco-systemes',	1,	1),
(35,	'ES-A-E',	'GSM',	0.00840000,	'Eco-systemes',	1,	1),
(36,	'ES-A-F',	'Jouets et equipements de loisirs et de sports < 0,5 kg',	0.04200000,	'Eco-systemes',	1,	1),
(37,	'ES-A-G',	'Jouets et equipements de loisirs et de sports > 0,5 kg',	0.17000000,	'Eco-systemes',	1,	1),
(38,	'ES-A-H',	'Jouets et equipements de loisirs et de sports > 10 kg',	1.25000000,	'Eco-systemes',	1,	1);

DROP TABLE IF EXISTS `llx_c_effectif`;
CREATE TABLE `llx_c_effectif` (
  `id` int(11) NOT NULL,
  `code` varchar(12) NOT NULL,
  `libelle` varchar(30) DEFAULT NULL,
  `active` tinyint(4) NOT NULL DEFAULT '1',
  `module` varchar(32) DEFAULT NULL,
  PRIMARY KEY (`id`),
  UNIQUE KEY `uk_c_effectif` (`code`)
) ENGINE=InnoDB DEFAULT CHARSET=utf8;

INSERT INTO `llx_c_effectif` (`id`, `code`, `libelle`, `active`, `module`) VALUES
(0,	'EF0',	'-',	1,	NULL),
(1,	'EF1-5',	'1 - 5',	1,	NULL),
(2,	'EF6-10',	'6 - 10',	1,	NULL),
(3,	'EF11-50',	'11 - 50',	1,	NULL),
(4,	'EF51-100',	'51 - 100',	1,	NULL),
(5,	'EF100-500',	'100 - 500',	1,	NULL),
(6,	'EF500-',	'> 500',	1,	NULL);

DROP TABLE IF EXISTS `llx_c_field_list`;
CREATE TABLE `llx_c_field_list` (
  `rowid` int(11) NOT NULL AUTO_INCREMENT,
  `tms` timestamp NULL DEFAULT NULL,
  `element` varchar(64) NOT NULL,
  `entity` int(11) NOT NULL DEFAULT '1',
  `name` varchar(32) NOT NULL,
  `alias` varchar(32) NOT NULL,
  `title` varchar(32) NOT NULL,
  `align` varchar(6) DEFAULT 'left',
  `sort` tinyint(4) NOT NULL DEFAULT '1',
  `search` tinyint(4) NOT NULL DEFAULT '0',
  `enabled` varchar(255) DEFAULT '1',
  `rang` int(11) DEFAULT '0',
  PRIMARY KEY (`rowid`)
) ENGINE=InnoDB DEFAULT CHARSET=utf8;


DROP TABLE IF EXISTS `llx_c_forme_juridique`;
CREATE TABLE `llx_c_forme_juridique` (
  `rowid` int(11) NOT NULL AUTO_INCREMENT,
  `code` int(11) NOT NULL,
  `fk_pays` int(11) NOT NULL,
  `libelle` varchar(255) DEFAULT NULL,
  `isvatexempted` tinyint(4) NOT NULL DEFAULT '0',
  `active` tinyint(4) NOT NULL DEFAULT '1',
  `module` varchar(32) DEFAULT NULL,
  PRIMARY KEY (`rowid`),
  UNIQUE KEY `uk_c_forme_juridique` (`code`)
) ENGINE=InnoDB DEFAULT CHARSET=utf8;

INSERT INTO `llx_c_forme_juridique` (`rowid`, `code`, `fk_pays`, `libelle`, `isvatexempted`, `active`, `module`) VALUES
(1,	0,	0,	'-',	0,	1,	NULL),
(2,	2301,	23,	'Monotributista',	0,	1,	NULL),
(3,	2302,	23,	'Sociedad Civil',	0,	1,	NULL),
(4,	2303,	23,	'Sociedades Comerciales',	0,	1,	NULL),
(5,	2304,	23,	'Sociedades de Hecho',	0,	1,	NULL),
(6,	2305,	23,	'Sociedades Irregulares',	0,	1,	NULL),
(7,	2306,	23,	'Sociedad Colectiva',	0,	1,	NULL),
(8,	2307,	23,	'Sociedad en Comandita Simple',	0,	1,	NULL),
(9,	2308,	23,	'Sociedad de Capital e Industria',	0,	1,	NULL),
(10,	2309,	23,	'Sociedad Accidental o en participación',	0,	1,	NULL),
(11,	2310,	23,	'Sociedad de Responsabilidad Limitada',	0,	1,	NULL),
(12,	2311,	23,	'Sociedad Anónima',	0,	1,	NULL),
(13,	2312,	23,	'Sociedad Anónima con Participación Estatal Mayoritaria',	0,	1,	NULL),
(14,	2313,	23,	'Sociedad en Comandita por Acciones (arts. 315 a 324, LSC)',	0,	1,	NULL),
(15,	11,	1,	'Artisan Commerçant (EI)',	0,	1,	NULL),
(16,	12,	1,	'Commerçant (EI)',	0,	1,	NULL),
(17,	13,	1,	'Artisan (EI)',	0,	1,	NULL),
(18,	14,	1,	'Officier public ou ministériel',	0,	1,	NULL),
(19,	15,	1,	'Profession libérale (EI)',	0,	1,	NULL),
(20,	16,	1,	'Exploitant agricole',	0,	1,	NULL),
(21,	17,	1,	'Agent commercial',	0,	1,	NULL),
(22,	18,	1,	'Associé Gérant de société',	0,	1,	NULL),
(23,	19,	1,	'Personne physique',	0,	1,	NULL),
(24,	21,	1,	'Indivision',	0,	1,	NULL),
(25,	22,	1,	'Société créée de fait',	0,	1,	NULL),
(26,	23,	1,	'Société en participation',	0,	1,	NULL),
(27,	27,	1,	'Paroisse hors zone concordataire',	0,	1,	NULL),
(28,	29,	1,	'Groupement de droit privé non doté de la personnalité morale',	0,	1,	NULL),
(29,	31,	1,	'Personne morale de droit étranger, immatriculée au RCS',	0,	1,	NULL),
(30,	32,	1,	'Personne morale de droit étranger, non immatriculée au RCS',	0,	1,	NULL),
(31,	35,	1,	'Régime auto-entrepreneur',	0,	1,	NULL),
(32,	41,	1,	'Établissement public ou régie à caractère industriel ou commercial',	0,	1,	NULL),
(33,	51,	1,	'Société coopérative commerciale particulière',	0,	1,	NULL),
(34,	52,	1,	'Société en nom collectif',	0,	1,	NULL),
(35,	53,	1,	'Société en commandite',	0,	1,	NULL),
(36,	54,	1,	'Société à responsabilité limitée (SARL)',	0,	1,	NULL),
(37,	55,	1,	'Société anonyme à conseil d administration',	0,	1,	NULL),
(38,	56,	1,	'Société anonyme à directoire',	0,	1,	NULL),
(39,	57,	1,	'Société par actions simplifiée (SAS)',	0,	1,	NULL),
(40,	58,	1,	'Entreprise Unipersonnelle à Responsabilité Limitée (EURL)',	0,	1,	NULL),
(41,	59,	1,	'Société par actions simplifiée unipersonnelle (SASU)',	0,	1,	NULL),
(42,	61,	1,	'Caisse d\'épargne et de prévoyance',	0,	1,	NULL),
(43,	62,	1,	'Groupement d\'intérêt économique (GIE)',	0,	1,	NULL),
(44,	63,	1,	'Société coopérative agricole',	0,	1,	NULL),
(45,	64,	1,	'Société non commerciale d assurances',	0,	1,	NULL),
(46,	65,	1,	'Société civile',	0,	1,	NULL),
(47,	69,	1,	'Personnes de droit privé inscrites au RCS',	0,	1,	NULL),
(48,	71,	1,	'Administration de l état',	0,	1,	NULL),
(49,	72,	1,	'Collectivité territoriale',	0,	1,	NULL),
(50,	73,	1,	'Établissement public administratif',	0,	1,	NULL),
(51,	74,	1,	'Personne morale de droit public administratif',	0,	1,	NULL),
(52,	81,	1,	'Organisme gérant régime de protection social à adhésion obligatoire',	0,	1,	NULL),
(53,	82,	1,	'Organisme mutualiste',	0,	1,	NULL),
(54,	83,	1,	'Comité d entreprise',	0,	1,	NULL),
(55,	84,	1,	'Organisme professionnel',	0,	1,	NULL),
(56,	85,	1,	'Organisme de retraite à adhésion non obligatoire',	0,	1,	NULL),
(57,	91,	1,	'Syndicat de propriétaires',	0,	1,	NULL),
(58,	92,	1,	'Association loi 1901 ou assimilé',	0,	1,	NULL),
(59,	93,	1,	'Fondation',	0,	1,	NULL),
(60,	99,	1,	'Personne morale de droit privé',	0,	1,	NULL),
(61,	200,	2,	'Indépendant',	0,	1,	NULL),
(62,	201,	2,	'SPRL - Société à responsabilité limitée',	0,	1,	NULL),
(63,	202,	2,	'SA   - Société Anonyme',	0,	1,	NULL),
(64,	203,	2,	'SCRL - Société coopérative à responsabilité limitée',	0,	1,	NULL),
(65,	204,	2,	'ASBL - Association sans but Lucratif',	0,	1,	NULL),
(66,	205,	2,	'SCRI - Société coopérative à responsabilité illimitée',	0,	1,	NULL),
(67,	206,	2,	'SCS  - Société en commandite simple',	0,	1,	NULL),
(68,	207,	2,	'SCA  - Société en commandite par action',	0,	1,	NULL),
(69,	208,	2,	'SNC  - Société en nom collectif',	0,	1,	NULL),
(70,	209,	2,	'GIE  - Groupement d intérêt économique',	0,	1,	NULL),
(71,	210,	2,	'GEIE - Groupement européen d intérêt économique',	0,	1,	NULL),
(72,	220,	2,	'Eenmanszaak',	0,	1,	NULL),
(73,	221,	2,	'BVBA - Besloten vennootschap met beperkte aansprakelijkheid',	0,	1,	NULL),
(74,	222,	2,	'NV   - Naamloze Vennootschap',	0,	1,	NULL),
(75,	223,	2,	'CVBA - Coöperatieve vennootschap met beperkte aansprakelijkheid',	0,	1,	NULL),
(76,	224,	2,	'VZW  - Vereniging zonder winstoogmerk',	0,	1,	NULL),
(77,	225,	2,	'CVOA - Coöperatieve vennootschap met onbeperkte aansprakelijkheid ',	0,	1,	NULL),
(78,	226,	2,	'GCV  - Gewone commanditaire vennootschap',	0,	1,	NULL),
(79,	227,	2,	'Comm.VA - Commanditaire vennootschap op aandelen',	0,	1,	NULL),
(80,	228,	2,	'VOF  - Vennootschap onder firma',	0,	1,	NULL),
(81,	229,	2,	'VS0  - Vennootschap met sociaal oogmerk',	0,	1,	NULL),
(82,	500,	5,	'GmbH - Gesellschaft mit beschränkter Haftung',	0,	1,	NULL),
(83,	501,	5,	'AG - Aktiengesellschaft ',	0,	1,	NULL),
(84,	502,	5,	'GmbH&Co. KG - Gesellschaft mit beschränkter Haftung & Compagnie Kommanditgesellschaft',	0,	1,	NULL),
(85,	503,	5,	'Gewerbe - Personengesellschaft',	0,	1,	NULL),
(86,	504,	5,	'UG - Unternehmergesellschaft -haftungsbeschränkt-',	0,	1,	NULL),
(87,	505,	5,	'GbR - Gesellschaft des bürgerlichen Rechts',	0,	1,	NULL),
(88,	506,	5,	'KG - Kommanditgesellschaft',	0,	1,	NULL),
(89,	507,	5,	'Ltd. - Limited Company',	0,	1,	NULL),
(90,	508,	5,	'OHG - Offene Handelsgesellschaft',	0,	1,	NULL),
(91,	10201,	102,	'Ατομική επιχείρηση',	0,	1,	NULL),
(92,	10202,	102,	'Εταιρική  επιχείρηση',	0,	1,	NULL),
(93,	10203,	102,	'Ομόρρυθμη Εταιρεία Ο.Ε',	0,	1,	NULL),
(94,	10204,	102,	'Ετερόρρυθμη Εταιρεία Ε.Ε',	0,	1,	NULL),
(95,	10205,	102,	'Εταιρεία Περιορισμένης Ευθύνης Ε.Π.Ε',	0,	1,	NULL),
(96,	10206,	102,	'Ανώνυμη Εταιρεία Α.Ε',	0,	1,	NULL),
(97,	10207,	102,	'Ανώνυμη ναυτιλιακή εταιρεία Α.Ν.Ε',	0,	1,	NULL),
(98,	10208,	102,	'Συνεταιρισμός',	0,	1,	NULL),
(99,	10209,	102,	'Συμπλοιοκτησία',	0,	1,	NULL),
(100,	301,	3,	'Società semplice',	0,	1,	NULL),
(101,	302,	3,	'Società in nome collettivo s.n.c.',	0,	1,	NULL),
(102,	303,	3,	'Società in accomandita semplice s.a.s.',	0,	1,	NULL),
(103,	304,	3,	'Società per azioni s.p.a.',	0,	1,	NULL),
(104,	305,	3,	'Società a responsabilità limitata s.r.l.',	0,	1,	NULL),
(105,	306,	3,	'Società in accomandita per azioni s.a.p.a.',	0,	1,	NULL),
(106,	307,	3,	'Società cooperativa a r.l.',	0,	1,	NULL),
(107,	308,	3,	'Società consortile',	0,	1,	NULL),
(108,	309,	3,	'Società europea',	0,	1,	NULL),
(109,	310,	3,	'Società cooperativa europea',	0,	1,	NULL),
(110,	311,	3,	'Società unipersonale',	0,	1,	NULL),
(111,	312,	3,	'Società di professionisti',	0,	1,	NULL),
(112,	313,	3,	'Società di fatto',	0,	1,	NULL),
(113,	315,	3,	'Società apparente',	0,	1,	NULL),
(114,	316,	3,	'Impresa individuale ',	0,	1,	NULL),
(115,	317,	3,	'Impresa coniugale',	0,	1,	NULL),
(116,	318,	3,	'Impresa familiare',	0,	1,	NULL),
(117,	319,	3,	'Consorzio cooperativo',	0,	1,	NULL),
(118,	320,	3,	'Società cooperativa sociale',	0,	1,	NULL),
(119,	321,	3,	'Società cooperativa di consumo',	0,	1,	NULL),
(120,	322,	3,	'Società cooperativa agricola',	0,	1,	NULL),
(121,	323,	3,	'A.T.I. Associazione temporanea di imprese',	0,	1,	NULL),
(122,	324,	3,	'R.T.I. Raggruppamento temporaneo di imprese',	0,	1,	NULL),
(123,	325,	3,	'Studio associato',	0,	1,	NULL),
(124,	600,	6,	'Raison Individuelle',	0,	1,	NULL),
(125,	601,	6,	'Société Simple',	0,	1,	NULL),
(126,	602,	6,	'Société en nom collectif',	0,	1,	NULL),
(127,	603,	6,	'Société en commandite',	0,	1,	NULL),
(128,	604,	6,	'Société anonyme (SA)',	0,	1,	NULL),
(129,	605,	6,	'Société en commandite par actions',	0,	1,	NULL),
(130,	606,	6,	'Société à responsabilité limitée (SARL)',	0,	1,	NULL),
(131,	607,	6,	'Société coopérative',	0,	1,	NULL),
(132,	608,	6,	'Association',	0,	1,	NULL),
(133,	609,	6,	'Fondation',	0,	1,	NULL),
(134,	700,	7,	'Sole Trader',	0,	1,	NULL),
(135,	701,	7,	'Partnership',	0,	1,	NULL),
(136,	702,	7,	'Private Limited Company by shares (LTD)',	0,	1,	NULL),
(137,	703,	7,	'Public Limited Company',	0,	1,	NULL),
(138,	704,	7,	'Workers Cooperative',	0,	1,	NULL),
(139,	705,	7,	'Limited Liability Partnership',	0,	1,	NULL),
(140,	706,	7,	'Franchise',	0,	1,	NULL),
(141,	1000,	10,	'Société à responsabilité limitée (SARL)',	0,	1,	NULL),
(142,	1001,	10,	'Société en Nom Collectif (SNC)',	0,	1,	NULL),
(143,	1002,	10,	'Société en Commandite Simple (SCS)',	0,	1,	NULL),
(144,	1003,	10,	'société en participation',	0,	1,	NULL),
(145,	1004,	10,	'Société Anonyme (SA)',	0,	1,	NULL),
(146,	1005,	10,	'Société Unipersonnelle à Responsabilité Limitée (SUARL)',	0,	1,	NULL),
(147,	1006,	10,	'Groupement d\'intérêt économique (GEI)',	0,	1,	NULL),
(148,	1007,	10,	'Groupe de sociétés',	0,	1,	NULL),
(149,	1701,	17,	'Eenmanszaak',	0,	1,	NULL),
(150,	1702,	17,	'Maatschap',	0,	1,	NULL),
(151,	1703,	17,	'Vennootschap onder firma',	0,	1,	NULL),
(152,	1704,	17,	'Commanditaire vennootschap',	0,	1,	NULL),
(153,	1705,	17,	'Besloten vennootschap (BV)',	0,	1,	NULL),
(154,	1706,	17,	'Naamloze Vennootschap (NV)',	0,	1,	NULL),
(155,	1707,	17,	'Vereniging',	0,	1,	NULL),
(156,	1708,	17,	'Stichting',	0,	1,	NULL),
(157,	1709,	17,	'Coöperatie met beperkte aansprakelijkheid (BA)',	0,	1,	NULL),
(158,	1710,	17,	'Coöperatie met uitgesloten aansprakelijkheid (UA)',	0,	1,	NULL),
(159,	1711,	17,	'Coöperatie met wettelijke aansprakelijkheid (WA)',	0,	1,	NULL),
(160,	1712,	17,	'Onderlinge waarborgmaatschappij',	0,	1,	NULL),
(161,	401,	4,	'Empresario Individual',	0,	1,	NULL),
(162,	402,	4,	'Comunidad de Bienes',	0,	1,	NULL),
(163,	403,	4,	'Sociedad Civil',	0,	1,	NULL),
(164,	404,	4,	'Sociedad Colectiva',	0,	1,	NULL),
(165,	405,	4,	'Sociedad Limitada',	0,	1,	NULL),
(166,	406,	4,	'Sociedad Anónima',	0,	1,	NULL),
(167,	407,	4,	'Sociedad Comanditaria por Acciones',	0,	1,	NULL),
(168,	408,	4,	'Sociedad Comanditaria Simple',	0,	1,	NULL),
(169,	409,	4,	'Sociedad Laboral',	0,	1,	NULL),
(170,	410,	4,	'Sociedad Cooperativa',	0,	1,	NULL),
(171,	411,	4,	'Sociedad de Garantía Recíproca',	0,	1,	NULL),
(172,	412,	4,	'Entidad de Capital-Riesgo',	0,	1,	NULL),
(173,	413,	4,	'Agrupación de Interés Económico',	0,	1,	NULL),
(174,	414,	4,	'Sociedad de Inversión Mobiliaria',	0,	1,	NULL),
(175,	415,	4,	'Agrupación sin Ánimo de Lucro',	0,	1,	NULL),
(176,	15201,	152,	'Mauritius Private Company Limited By Shares',	0,	1,	NULL),
(177,	15202,	152,	'Mauritius Company Limited By Guarantee',	0,	1,	NULL),
(178,	15203,	152,	'Mauritius Public Company Limited By Shares',	0,	1,	NULL),
(179,	15204,	152,	'Mauritius Foreign Company',	0,	1,	NULL),
(180,	15205,	152,	'Mauritius GBC1 (Offshore Company)',	0,	1,	NULL),
(181,	15206,	152,	'Mauritius GBC2 (International Company)',	0,	1,	NULL),
(182,	15207,	152,	'Mauritius General Partnership',	0,	1,	NULL),
(183,	15208,	152,	'Mauritius Limited Partnership',	0,	1,	NULL),
(184,	15209,	152,	'Mauritius Sole Proprietorship',	0,	1,	NULL),
(185,	15210,	152,	'Mauritius Trusts',	0,	1,	NULL),
(186,	15401,	154,	'Sociedad en nombre colectivo',	0,	1,	NULL),
(187,	15402,	154,	'Sociedad en comandita simple',	0,	1,	NULL),
(188,	15403,	154,	'Sociedad de responsabilidad limitada',	0,	1,	NULL),
(189,	15404,	154,	'Sociedad anónima',	0,	1,	NULL),
(190,	15405,	154,	'Sociedad en comandita por acciones',	0,	1,	NULL),
(191,	15406,	154,	'Sociedad cooperativa',	0,	1,	NULL);

DROP TABLE IF EXISTS `llx_c_input_method`;
CREATE TABLE `llx_c_input_method` (
  `rowid` int(11) NOT NULL AUTO_INCREMENT,
  `code` varchar(30) DEFAULT NULL,
  `libelle` varchar(60) DEFAULT NULL,
  `active` tinyint(4) NOT NULL DEFAULT '1',
  `module` varchar(32) DEFAULT NULL,
  PRIMARY KEY (`rowid`),
  UNIQUE KEY `uk_c_input_method` (`code`)
) ENGINE=InnoDB DEFAULT CHARSET=utf8;

INSERT INTO `llx_c_input_method` (`rowid`, `code`, `libelle`, `active`, `module`) VALUES
(1,	'OrderByMail',	'Courrier',	1,	NULL),
(2,	'OrderByFax',	'Fax',	1,	NULL),
(3,	'OrderByEMail',	'EMail',	1,	NULL),
(4,	'OrderByPhone',	'Téléphone',	1,	NULL),
(5,	'OrderByWWW',	'En ligne',	1,	NULL);

DROP TABLE IF EXISTS `llx_c_input_reason`;
CREATE TABLE `llx_c_input_reason` (
  `rowid` int(11) NOT NULL AUTO_INCREMENT,
  `code` varchar(30) DEFAULT NULL,
  `label` varchar(60) DEFAULT NULL,
  `active` tinyint(4) NOT NULL DEFAULT '1',
  `module` varchar(32) DEFAULT NULL,
  PRIMARY KEY (`rowid`),
  UNIQUE KEY `uk_c_input_reason` (`code`)
) ENGINE=InnoDB DEFAULT CHARSET=utf8;

INSERT INTO `llx_c_input_reason` (`rowid`, `code`, `label`, `active`, `module`) VALUES
(1,	'SRC_INTE',	'Web site',	1,	NULL),
(2,	'SRC_CAMP_MAIL',	'Mailing campaign',	1,	NULL),
(3,	'SRC_CAMP_PHO',	'Phone campaign',	1,	NULL),
(4,	'SRC_CAMP_FAX',	'Fax campaign',	1,	NULL),
(5,	'SRC_COMM',	'Commercial contact',	1,	NULL),
(6,	'SRC_SHOP',	'Shop contact',	1,	NULL),
(7,	'SRC_CAMP_EMAIL',	'EMailing campaign',	1,	NULL),
(8,	'SRC_WOM',	'Word of mouth',	1,	NULL),
(9,	'SRC_PARTNER',	'Partner',	1,	NULL),
(10,	'SRC_EMPLOYEE',	'Employee',	1,	NULL),
(11,	'SRC_SPONSORING',	'Sponsorship',	1,	NULL);

DROP TABLE IF EXISTS `llx_c_paiement`;
CREATE TABLE `llx_c_paiement` (
  `id` int(11) NOT NULL,
  `code` varchar(6) NOT NULL,
  `libelle` varchar(30) DEFAULT NULL,
  `type` smallint(6) DEFAULT NULL,
  `active` tinyint(4) NOT NULL DEFAULT '1',
  `module` varchar(32) DEFAULT NULL,
  PRIMARY KEY (`id`),
  UNIQUE KEY `uk_c_paiement` (`code`)
) ENGINE=InnoDB DEFAULT CHARSET=utf8;

INSERT INTO `llx_c_paiement` (`id`, `code`, `libelle`, `type`, `active`, `module`) VALUES
(0,	'',	'-',	3,	1,	NULL),
(1,	'TIP',	'TIP',	2,	1,	NULL),
(2,	'VIR',	'Virement',	2,	1,	NULL),
(3,	'PRE',	'Prélèvement',	2,	1,	NULL),
(4,	'LIQ',	'Espèces',	2,	1,	NULL),
(6,	'CB',	'Carte Bancaire',	2,	1,	NULL),
(7,	'CHQ',	'Chèque',	2,	1,	NULL),
(50,	'VAD',	'Paiement en ligne',	2,	0,	NULL),
(51,	'TRA',	'Traite',	2,	0,	NULL),
(52,	'LCR',	'LCR',	2,	0,	NULL),
(53,	'FAC',	'Factor',	2,	0,	NULL),
(54,	'PRO',	'Proforma',	2,	0,	NULL);

DROP TABLE IF EXISTS `llx_c_paper_format`;
CREATE TABLE `llx_c_paper_format` (
  `rowid` int(11) NOT NULL AUTO_INCREMENT,
  `code` varchar(16) NOT NULL,
  `label` varchar(50) NOT NULL,
  `width` float(6,2) DEFAULT '0.00',
  `height` float(6,2) DEFAULT '0.00',
  `unit` varchar(5) NOT NULL,
  `active` tinyint(4) NOT NULL DEFAULT '1',
  `module` varchar(32) DEFAULT NULL,
  PRIMARY KEY (`rowid`)
) ENGINE=InnoDB DEFAULT CHARSET=utf8;

INSERT INTO `llx_c_paper_format` (`rowid`, `code`, `label`, `width`, `height`, `unit`, `active`, `module`) VALUES
(1,	'EU4A0',	'Format 4A0',	1682.00,	2378.00,	'mm',	1,	NULL),
(2,	'EU2A0',	'Format 2A0',	1189.00,	1682.00,	'mm',	1,	NULL),
(3,	'EUA0',	'Format A0',	840.00,	1189.00,	'mm',	1,	NULL),
(4,	'EUA1',	'Format A1',	594.00,	840.00,	'mm',	1,	NULL),
(5,	'EUA2',	'Format A2',	420.00,	594.00,	'mm',	1,	NULL),
(6,	'EUA3',	'Format A3',	297.00,	420.00,	'mm',	1,	NULL),
(7,	'EUA4',	'Format A4',	210.00,	297.00,	'mm',	1,	NULL),
(8,	'EUA5',	'Format A5',	148.00,	210.00,	'mm',	1,	NULL),
(9,	'EUA6',	'Format A6',	105.00,	148.00,	'mm',	1,	NULL),
(100,	'USLetter',	'Format Letter (A)',	216.00,	279.00,	'mm',	1,	NULL),
(105,	'USLegal',	'Format Legal',	216.00,	356.00,	'mm',	1,	NULL),
(110,	'USExecutive',	'Format Executive',	190.00,	254.00,	'mm',	1,	NULL),
(115,	'USLedger',	'Format Ledger/Tabloid (B)',	279.00,	432.00,	'mm',	1,	NULL),
(200,	'CAP1',	'Format Canadian P1',	560.00,	860.00,	'mm',	1,	NULL),
(205,	'CAP2',	'Format Canadian P2',	430.00,	560.00,	'mm',	1,	NULL),
(210,	'CAP3',	'Format Canadian P3',	280.00,	430.00,	'mm',	1,	NULL),
(215,	'CAP4',	'Format Canadian P4',	215.00,	280.00,	'mm',	1,	NULL),
(220,	'CAP5',	'Format Canadian P5',	140.00,	215.00,	'mm',	1,	NULL),
(225,	'CAP6',	'Format Canadian P6',	107.00,	140.00,	'mm',	1,	NULL);

DROP TABLE IF EXISTS `llx_c_payment_term`;
CREATE TABLE `llx_c_payment_term` (
  `rowid` int(11) NOT NULL,
  `code` varchar(16) DEFAULT NULL,
  `sortorder` smallint(6) DEFAULT NULL,
  `active` tinyint(4) DEFAULT '1',
  `libelle` varchar(255) DEFAULT NULL,
  `libelle_facture` text,
  `fdm` tinyint(4) DEFAULT NULL,
  `nbjour` smallint(6) DEFAULT NULL,
  `decalage` smallint(6) DEFAULT NULL,
  `module` varchar(32) DEFAULT NULL,
  PRIMARY KEY (`rowid`)
) ENGINE=InnoDB DEFAULT CHARSET=utf8;

INSERT INTO `llx_c_payment_term` (`rowid`, `code`, `sortorder`, `active`, `libelle`, `libelle_facture`, `fdm`, `nbjour`, `decalage`, `module`) VALUES
(1,	'RECEP',	1,	1,	'A réception de facture',	'Réception de facture',	0,	0,	NULL,	NULL),
(2,	'30D',	2,	1,	'30 jours',	'Réglement à 30 jours',	0,	30,	NULL,	NULL),
(3,	'30DENDMONTH',	3,	1,	'30 jours fin de mois',	'Réglement à 30 jours fin de mois',	1,	30,	NULL,	NULL),
(4,	'60D',	4,	1,	'60 jours',	'Réglement à 60 jours',	0,	60,	NULL,	NULL),
(5,	'60DENDMONTH',	5,	1,	'60 jours fin de mois',	'Réglement à 60 jours fin de mois',	1,	60,	NULL,	NULL),
(6,	'PT_ORDER',	6,	1,	'A réception de commande',	'A réception de commande',	0,	0,	NULL,	NULL),
(7,	'PT_DELIVERY',	7,	1,	'Livraison',	'Règlement à la livraison',	0,	0,	NULL,	NULL),
(8,	'PT_5050',	8,	1,	'50 et 50',	'Règlement 50% à la commande, 50% à la livraison',	0,	0,	NULL,	NULL);

DROP TABLE IF EXISTS `llx_c_pays`;
CREATE TABLE `llx_c_pays` (
  `rowid` int(11) NOT NULL,
  `code` varchar(2) NOT NULL,
  `code_iso` varchar(3) DEFAULT NULL,
  `libelle` varchar(50) NOT NULL,
  `active` tinyint(4) NOT NULL DEFAULT '1',
  PRIMARY KEY (`rowid`),
  UNIQUE KEY `idx_c_country_code` (`code`),
  UNIQUE KEY `idx_c_pays_libelle` (`libelle`),
  UNIQUE KEY `idx_c_country_code_iso` (`code_iso`)
) ENGINE=InnoDB DEFAULT CHARSET=utf8;

INSERT INTO `llx_c_pays` (`rowid`, `code`, `code_iso`, `libelle`, `active`) VALUES
(0,	'',	NULL,	'-',	1),
(1,	'FR',	NULL,	'France',	1),
(2,	'BE',	NULL,	'Belgium',	1),
(3,	'IT',	NULL,	'Italy',	1),
(4,	'ES',	NULL,	'Spain',	1),
(5,	'DE',	NULL,	'Germany',	1),
(6,	'CH',	NULL,	'Switzerland',	1),
(7,	'GB',	NULL,	'United Kingdom',	1),
(8,	'IE',	NULL,	'Irland',	1),
(9,	'CN',	NULL,	'China',	1),
(10,	'TN',	NULL,	'Tunisia',	1),
(11,	'US',	NULL,	'United States',	1),
(12,	'MA',	NULL,	'Maroc',	1),
(13,	'DZ',	NULL,	'Algeria',	1),
(14,	'CA',	NULL,	'Canada',	1),
(15,	'TG',	NULL,	'Togo',	1),
(16,	'GA',	NULL,	'Gabon',	1),
(17,	'NL',	NULL,	'Nerderland',	1),
(18,	'HU',	NULL,	'Hongrie',	1),
(19,	'RU',	NULL,	'Russia',	1),
(20,	'SE',	NULL,	'Sweden',	1),
(21,	'CI',	NULL,	'Côte d\'Ivoire',	1),
(22,	'SN',	NULL,	'Senegal',	1),
(23,	'AR',	NULL,	'Argentine',	1),
(24,	'CM',	NULL,	'Cameroun',	1),
(25,	'PT',	NULL,	'Portugal',	1),
(26,	'SA',	NULL,	'Saudi Arabia',	1),
(27,	'MC',	NULL,	'Monaco',	1),
(28,	'AU',	NULL,	'Australia',	1),
(29,	'SG',	NULL,	'Singapour',	1),
(30,	'AF',	NULL,	'Afghanistan',	1),
(31,	'AX',	NULL,	'Iles Aland',	1),
(32,	'AL',	NULL,	'Albanie',	1),
(33,	'AS',	NULL,	'Samoa américaines',	1),
(34,	'AD',	NULL,	'Andorre',	1),
(35,	'AO',	NULL,	'Angola',	1),
(36,	'AI',	NULL,	'Anguilla',	1),
(37,	'AQ',	NULL,	'Antarctique',	1),
(38,	'AG',	NULL,	'Antigua-et-Barbuda',	1),
(39,	'AM',	NULL,	'Arménie',	1),
(40,	'AW',	NULL,	'Aruba',	1),
(41,	'AT',	NULL,	'Autriche',	1),
(42,	'AZ',	NULL,	'Azerbaïdjan',	1),
(43,	'BS',	NULL,	'Bahamas',	1),
(44,	'BH',	NULL,	'Bahreïn',	1),
(45,	'BD',	NULL,	'Bangladesh',	1),
(46,	'BB',	NULL,	'Barbade',	1),
(47,	'BY',	NULL,	'Biélorussie',	1),
(48,	'BZ',	NULL,	'Belize',	1),
(49,	'BJ',	NULL,	'Bénin',	1),
(50,	'BM',	NULL,	'Bermudes',	1),
(51,	'BT',	NULL,	'Bhoutan',	1),
(52,	'BO',	NULL,	'Bolivie',	1),
(53,	'BA',	NULL,	'Bosnie-Herzégovine',	1),
(54,	'BW',	NULL,	'Botswana',	1),
(55,	'BV',	NULL,	'Ile Bouvet',	1),
(56,	'BR',	NULL,	'Brazil',	1),
(57,	'IO',	NULL,	'Territoire britannique de l\'Océan Indien',	1),
(58,	'BN',	NULL,	'Brunei',	1),
(59,	'BG',	NULL,	'Bulgarie',	1),
(60,	'BF',	NULL,	'Burkina Faso',	1),
(61,	'BI',	NULL,	'Burundi',	1),
(62,	'KH',	NULL,	'Cambodge',	1),
(63,	'CV',	NULL,	'Cap-Vert',	1),
(64,	'KY',	NULL,	'Iles Cayman',	1),
(65,	'CF',	NULL,	'République centrafricaine',	1),
(66,	'TD',	NULL,	'Tchad',	1),
(67,	'CL',	NULL,	'Chili',	1),
(68,	'CX',	NULL,	'Ile Christmas',	1),
(69,	'CC',	NULL,	'Iles des Cocos (Keeling)',	1),
(70,	'CO',	NULL,	'Colombie',	1),
(71,	'KM',	NULL,	'Comores',	1),
(72,	'CG',	NULL,	'Congo',	1),
(73,	'CD',	NULL,	'République démocratique du Congo',	1),
(74,	'CK',	NULL,	'Iles Cook',	1),
(75,	'CR',	NULL,	'Costa Rica',	1),
(76,	'HR',	NULL,	'Croatie',	1),
(77,	'CU',	NULL,	'Cuba',	1),
(78,	'CY',	NULL,	'Chypre',	1),
(79,	'CZ',	NULL,	'République Tchèque',	1),
(80,	'DK',	NULL,	'Danemark',	1),
(81,	'DJ',	NULL,	'Djibouti',	1),
(82,	'DM',	NULL,	'Dominique',	1),
(83,	'DO',	NULL,	'République Dominicaine',	1),
(84,	'EC',	NULL,	'Equateur',	1),
(85,	'EG',	NULL,	'Egypte',	1),
(86,	'SV',	NULL,	'Salvador',	1),
(87,	'GQ',	NULL,	'Guinée Equatoriale',	1),
(88,	'ER',	NULL,	'Erythrée',	1),
(89,	'EE',	NULL,	'Estonia',	1),
(90,	'ET',	NULL,	'Ethiopie',	1),
(91,	'FK',	NULL,	'Iles Falkland',	1),
(92,	'FO',	NULL,	'Iles Féroé',	1),
(93,	'FJ',	NULL,	'Iles Fidji',	1),
(94,	'FI',	NULL,	'Finlande',	1),
(95,	'GF',	NULL,	'Guyane française',	1),
(96,	'PF',	NULL,	'Polynésie française',	1),
(97,	'TF',	NULL,	'Terres australes françaises',	1),
(98,	'GM',	NULL,	'Gambie',	1),
(99,	'GE',	NULL,	'Georgia',	1),
(100,	'GH',	NULL,	'Ghana',	1),
(101,	'GI',	NULL,	'Gibraltar',	1),
(102,	'GR',	NULL,	'Greece',	1),
(103,	'GL',	NULL,	'Groenland',	1),
(104,	'GD',	NULL,	'Grenade',	1),
(106,	'GU',	NULL,	'Guam',	1),
(107,	'GT',	NULL,	'Guatemala',	1),
(108,	'GN',	NULL,	'Guinea',	1),
(109,	'GW',	NULL,	'Guinea-Bissao',	1),
(111,	'HT',	NULL,	'Haiti',	1),
(112,	'HM',	NULL,	'Iles Heard et McDonald',	1),
(113,	'VA',	NULL,	'Saint-Siège (Vatican)',	1),
(114,	'HN',	NULL,	'Honduras',	1),
(115,	'HK',	NULL,	'Hong Kong',	1),
(116,	'IS',	NULL,	'Islande',	1),
(117,	'IN',	NULL,	'India',	1),
(118,	'ID',	NULL,	'Indonésie',	1),
(119,	'IR',	NULL,	'Iran',	1),
(120,	'IQ',	NULL,	'Iraq',	1),
(121,	'IL',	NULL,	'Israel',	1),
(122,	'JM',	NULL,	'Jamaïque',	1),
(123,	'JP',	NULL,	'Japon',	1),
(124,	'JO',	NULL,	'Jordanie',	1),
(125,	'KZ',	NULL,	'Kazakhstan',	1),
(126,	'KE',	NULL,	'Kenya',	1),
(127,	'KI',	NULL,	'Kiribati',	1),
(128,	'KP',	NULL,	'North Corea',	1),
(129,	'KR',	NULL,	'South Corea',	1),
(130,	'KW',	NULL,	'Koweït',	1),
(131,	'KG',	NULL,	'Kirghizistan',	1),
(132,	'LA',	NULL,	'Laos',	1),
(133,	'LV',	NULL,	'Lettonie',	1),
(134,	'LB',	NULL,	'Liban',	1),
(135,	'LS',	NULL,	'Lesotho',	1),
(136,	'LR',	NULL,	'Liberia',	1),
(137,	'LY',	NULL,	'Libye',	1),
(138,	'LI',	NULL,	'Liechtenstein',	1),
(139,	'LT',	NULL,	'Lituanie',	1),
(140,	'LU',	NULL,	'Luxembourg',	1),
(141,	'MO',	NULL,	'Macao',	1),
(142,	'MK',	NULL,	'ex-République yougoslave de Macédoine',	1),
(143,	'MG',	NULL,	'Madagascar',	1),
(144,	'MW',	NULL,	'Malawi',	1),
(145,	'MY',	NULL,	'Malaisie',	1),
(146,	'MV',	NULL,	'Maldives',	1),
(147,	'ML',	NULL,	'Mali',	1),
(148,	'MT',	NULL,	'Malte',	1),
(149,	'MH',	NULL,	'Iles Marshall',	1),
(151,	'MR',	NULL,	'Mauritanie',	1),
(152,	'MU',	NULL,	'Maurice',	1),
(153,	'YT',	NULL,	'Mayotte',	1),
(154,	'MX',	NULL,	'Mexique',	1),
(155,	'FM',	NULL,	'Micronésie',	1),
(156,	'MD',	NULL,	'Moldavie',	1),
(157,	'MN',	NULL,	'Mongolie',	1),
(158,	'MS',	NULL,	'Monserrat',	1),
(159,	'MZ',	NULL,	'Mozambique',	1),
(160,	'MM',	NULL,	'Birmanie (Myanmar)',	1),
(161,	'NA',	NULL,	'Namibie',	1),
(162,	'NR',	NULL,	'Nauru',	1),
(163,	'NP',	NULL,	'Népal',	1),
(164,	'AN',	NULL,	'Antilles néerlandaises',	1),
(165,	'NC',	NULL,	'Nouvelle-Calédonie',	1),
(166,	'NZ',	NULL,	'Nouvelle-Zélande',	1),
(167,	'NI',	NULL,	'Nicaragua',	1),
(168,	'NE',	NULL,	'Niger',	1),
(169,	'NG',	NULL,	'Nigeria',	1),
(170,	'NU',	NULL,	'Nioué',	1),
(171,	'NF',	NULL,	'Ile Norfolk',	1),
(172,	'MP',	NULL,	'Mariannes du Nord',	1),
(173,	'NO',	NULL,	'Norvège',	1),
(174,	'OM',	NULL,	'Oman',	1),
(175,	'PK',	NULL,	'Pakistan',	1),
(176,	'PW',	NULL,	'Palaos',	1),
(177,	'PS',	NULL,	'Territoire Palestinien Occupé',	1),
(178,	'PA',	NULL,	'Panama',	1),
(179,	'PG',	NULL,	'Papouasie-Nouvelle-Guinée',	1),
(180,	'PY',	NULL,	'Paraguay',	1),
(181,	'PE',	NULL,	'Peru',	1),
(182,	'PH',	NULL,	'Philippines',	1),
(183,	'PN',	NULL,	'Iles Pitcairn',	1),
(184,	'PL',	NULL,	'Pologne',	1),
(185,	'PR',	NULL,	'Porto Rico',	1),
(186,	'QA',	NULL,	'Qatar',	1),
(188,	'RO',	NULL,	'Roumanie',	1),
(189,	'RW',	NULL,	'Rwanda',	1),
(190,	'SH',	NULL,	'Sainte-Hélène',	1),
(191,	'KN',	NULL,	'Saint-Christophe-et-Niévès',	1),
(192,	'LC',	NULL,	'Sainte-Lucie',	1),
(193,	'PM',	NULL,	'Saint-Pierre-et-Miquelon',	1),
(194,	'VC',	NULL,	'Saint-Vincent-et-les-Grenadines',	1),
(195,	'WS',	NULL,	'Samoa',	1),
(196,	'SM',	NULL,	'Saint-Marin',	1),
(197,	'ST',	NULL,	'Sao Tomé-et-Principe',	1),
(198,	'RS',	NULL,	'Serbie',	1),
(199,	'SC',	NULL,	'Seychelles',	1),
(200,	'SL',	NULL,	'Sierra Leone',	1),
(201,	'SK',	NULL,	'Slovaquie',	1),
(202,	'SI',	NULL,	'Slovénie',	1),
(203,	'SB',	NULL,	'Iles Salomon',	1),
(204,	'SO',	NULL,	'Somalie',	1),
(205,	'ZA',	NULL,	'Afrique du Sud',	1),
(206,	'GS',	NULL,	'Iles Géorgie du Sud et Sandwich du Sud',	1),
(207,	'LK',	NULL,	'Sri Lanka',	1),
(208,	'SD',	NULL,	'Soudan',	1),
(209,	'SR',	NULL,	'Suriname',	1),
(210,	'SJ',	NULL,	'Iles Svalbard et Jan Mayen',	1),
(211,	'SZ',	NULL,	'Swaziland',	1),
(212,	'SY',	NULL,	'Syrie',	1),
(213,	'TW',	NULL,	'Taïwan',	1),
(214,	'TJ',	NULL,	'Tadjikistan',	1),
(215,	'TZ',	NULL,	'Tanzanie',	1),
(216,	'TH',	NULL,	'Thaïlande',	1),
(217,	'TL',	NULL,	'Timor Oriental',	1),
(218,	'TK',	NULL,	'Tokélaou',	1),
(219,	'TO',	NULL,	'Tonga',	1),
(220,	'TT',	NULL,	'Trinité-et-Tobago',	1),
(221,	'TR',	NULL,	'Turquie',	1),
(222,	'TM',	NULL,	'Turkménistan',	1),
(223,	'TC',	NULL,	'Iles Turks-et-Caicos',	1),
(224,	'TV',	NULL,	'Tuvalu',	1),
(225,	'UG',	NULL,	'Ouganda',	1),
(226,	'UA',	NULL,	'Ukraine',	1),
(227,	'AE',	NULL,	'Émirats arabes unis',	1),
(228,	'UM',	NULL,	'Iles mineures éloignées des États-Unis',	1),
(229,	'UY',	NULL,	'Uruguay',	1),
(230,	'UZ',	NULL,	'Ouzbékistan',	1),
(231,	'VU',	NULL,	'Vanuatu',	1),
(232,	'VE',	NULL,	'Vénézuela',	1),
(233,	'VN',	NULL,	'Viêt Nam',	1),
(234,	'VG',	NULL,	'Iles Vierges britanniques',	1),
(235,	'VI',	NULL,	'Iles Vierges américaines',	1),
(236,	'WF',	NULL,	'Wallis-et-Futuna',	1),
(237,	'EH',	NULL,	'Sahara occidental',	1),
(238,	'YE',	NULL,	'Yémen',	1),
(239,	'ZM',	NULL,	'Zambie',	1),
(240,	'ZW',	NULL,	'Zimbabwe',	1),
(241,	'GG',	NULL,	'Guernesey',	1),
(242,	'IM',	NULL,	'Ile de Man',	1),
(243,	'JE',	NULL,	'Jersey',	1),
(244,	'ME',	NULL,	'Monténégro',	1),
(245,	'BL',	NULL,	'Saint-Barthélemy',	1),
(246,	'MF',	NULL,	'Saint-Martin',	1);

DROP TABLE IF EXISTS `llx_c_propalst`;
CREATE TABLE `llx_c_propalst` (
  `id` smallint(6) NOT NULL,
  `code` varchar(12) NOT NULL,
  `label` varchar(30) DEFAULT NULL,
  `active` tinyint(4) NOT NULL DEFAULT '1',
  PRIMARY KEY (`id`),
  UNIQUE KEY `uk_c_propalst` (`code`)
) ENGINE=InnoDB DEFAULT CHARSET=utf8;

INSERT INTO `llx_c_propalst` (`id`, `code`, `label`, `active`) VALUES
(0,	'PR_DRAFT',	'Brouillon',	1),
(1,	'PR_OPEN',	'Ouverte',	1),
(2,	'PR_SIGNED',	'Signée',	1),
(3,	'PR_NOTSIGNED',	'Non Signée',	1),
(4,	'PR_FAC',	'Facturée',	1);

DROP TABLE IF EXISTS `llx_c_prospectlevel`;
CREATE TABLE `llx_c_prospectlevel` (
  `code` varchar(12) NOT NULL,
  `label` varchar(30) DEFAULT NULL,
  `sortorder` smallint(6) DEFAULT NULL,
  `active` smallint(6) NOT NULL DEFAULT '1',
  `module` varchar(32) DEFAULT NULL,
  PRIMARY KEY (`code`)
) ENGINE=InnoDB DEFAULT CHARSET=utf8;

INSERT INTO `llx_c_prospectlevel` (`code`, `label`, `sortorder`, `active`, `module`) VALUES
('PL_HIGH',	'High',	4,	1,	NULL),
('PL_LOW',	'Low',	2,	1,	NULL),
('PL_MEDIUM',	'Medium',	3,	1,	NULL),
('PL_NONE',	'None',	1,	1,	NULL);

DROP TABLE IF EXISTS `llx_c_regions`;
CREATE TABLE `llx_c_regions` (
  `rowid` int(11) NOT NULL AUTO_INCREMENT,
  `code_region` int(11) NOT NULL,
  `fk_pays` int(11) NOT NULL,
  `cheflieu` varchar(50) DEFAULT NULL,
  `tncc` int(11) DEFAULT NULL,
  `nom` varchar(50) DEFAULT NULL,
  `active` tinyint(4) NOT NULL DEFAULT '1',
  PRIMARY KEY (`rowid`),
  UNIQUE KEY `code_region` (`code_region`),
  KEY `idx_c_regions_fk_pays` (`fk_pays`),
  CONSTRAINT `fk_c_regions_fk_pays` FOREIGN KEY (`fk_pays`) REFERENCES `llx_c_pays` (`rowid`)
) ENGINE=InnoDB DEFAULT CHARSET=utf8;

INSERT INTO `llx_c_regions` (`rowid`, `code_region`, `fk_pays`, `cheflieu`, `tncc`, `nom`, `active`) VALUES
(1,	0,	0,	'0',	0,	'-',	1),
(101,	1,	1,	'97105',	3,	'Guadeloupe',	1),
(102,	2,	1,	'97209',	3,	'Martinique',	1),
(103,	3,	1,	'97302',	3,	'Guyane',	1),
(104,	4,	1,	'97411',	3,	'Réunion',	1),
(105,	11,	1,	'75056',	1,	'Île-de-France',	1),
(106,	21,	1,	'51108',	0,	'Champagne-Ardenne',	1),
(107,	22,	1,	'80021',	0,	'Picardie',	1),
(108,	23,	1,	'76540',	0,	'Haute-Normandie',	1),
(109,	24,	1,	'45234',	2,	'Centre',	1),
(110,	25,	1,	'14118',	0,	'Basse-Normandie',	1),
(111,	26,	1,	'21231',	0,	'Bourgogne',	1),
(112,	31,	1,	'59350',	2,	'Nord-Pas-de-Calais',	1),
(113,	41,	1,	'57463',	0,	'Lorraine',	1),
(114,	42,	1,	'67482',	1,	'Alsace',	1),
(115,	43,	1,	'25056',	0,	'Franche-Comté',	1),
(116,	52,	1,	'44109',	4,	'Pays de la Loire',	1),
(117,	53,	1,	'35238',	0,	'Bretagne',	1),
(118,	54,	1,	'86194',	2,	'Poitou-Charentes',	1),
(119,	72,	1,	'33063',	1,	'Aquitaine',	1),
(120,	73,	1,	'31555',	0,	'Midi-Pyrénées',	1),
(121,	74,	1,	'87085',	2,	'Limousin',	1),
(122,	82,	1,	'69123',	2,	'Rhône-Alpes',	1),
(123,	83,	1,	'63113',	1,	'Auvergne',	1),
(124,	91,	1,	'34172',	2,	'Languedoc-Roussillon',	1),
(125,	93,	1,	'13055',	0,	'Provence-Alpes-Côte d\'Azur',	1),
(126,	94,	1,	'2A004',	0,	'Corse',	1),
(201,	201,	2,	'',	1,	'Flandre',	1),
(202,	202,	2,	'',	2,	'Wallonie',	1),
(203,	203,	2,	'',	3,	'Bruxelles-Capitale',	1),
(301,	301,	3,	NULL,	1,	'Abruzzo',	1),
(302,	302,	3,	NULL,	1,	'Basilicata',	1),
(303,	303,	3,	NULL,	1,	'Calabria',	1),
(304,	304,	3,	NULL,	1,	'Campania',	1),
(305,	305,	3,	NULL,	1,	'Emilia-Romagna',	1),
(306,	306,	3,	NULL,	1,	'Friuli-Venezia Giulia',	1),
(307,	307,	3,	NULL,	1,	'Lazio',	1),
(308,	308,	3,	NULL,	1,	'Liguria',	1),
(309,	309,	3,	NULL,	1,	'Lombardia',	1),
(310,	310,	3,	NULL,	1,	'Marche',	1),
(311,	311,	3,	NULL,	1,	'Molise',	1),
(312,	312,	3,	NULL,	1,	'Piemonte',	1),
(313,	313,	3,	NULL,	1,	'Puglia',	1),
(314,	314,	3,	NULL,	1,	'Sardegna',	1),
(315,	315,	3,	NULL,	1,	'Sicilia',	1),
(316,	316,	3,	NULL,	1,	'Toscana',	1),
(317,	317,	3,	NULL,	1,	'Trentino-Alto Adige',	1),
(318,	318,	3,	NULL,	1,	'Umbria',	1),
(319,	319,	3,	NULL,	1,	'Valle d Aosta',	1),
(320,	320,	3,	NULL,	1,	'Veneto',	1),
(401,	401,	4,	'',	0,	'Andalucia',	1),
(402,	402,	4,	'',	0,	'Aragón',	1),
(403,	403,	4,	'',	0,	'Castilla y León',	1),
(404,	404,	4,	'',	0,	'Castilla la Mancha',	1),
(405,	405,	4,	'',	0,	'Canarias',	1),
(406,	406,	4,	'',	0,	'Cataluña',	1),
(407,	407,	4,	'',	0,	'Comunidad de Ceuta',	1),
(408,	408,	4,	'',	0,	'Comunidad Foral de Navarra',	1),
(409,	409,	4,	'',	0,	'Comunidad de Melilla',	1),
(410,	410,	4,	'',	0,	'Cantabria',	1),
(411,	411,	4,	'',	0,	'Comunidad Valenciana',	1),
(412,	412,	4,	'',	0,	'Extemadura',	1),
(413,	413,	4,	'',	0,	'Galicia',	1),
(414,	414,	4,	'',	0,	'Islas Baleares',	1),
(415,	415,	4,	'',	0,	'La Rioja',	1),
(416,	416,	4,	'',	0,	'Comunidad de Madrid',	1),
(417,	417,	4,	'',	0,	'Región de Murcia',	1),
(418,	418,	4,	'',	0,	'Principado de Asturias',	1),
(419,	419,	4,	'',	0,	'Pais Vasco',	1),
(420,	420,	4,	'',	0,	'Otros',	1),
(501,	501,	5,	'',	0,	'Deutschland',	1),
(601,	601,	6,	'',	1,	'Cantons',	1),
(701,	701,	7,	'',	0,	'England',	1),
(702,	702,	7,	'',	0,	'Wales',	1),
(703,	703,	7,	'',	0,	'Scotland',	1),
(704,	704,	7,	'',	0,	'Northern Ireland',	1),
(1001,	1001,	10,	'',	0,	'Ariana',	1),
(1002,	1002,	10,	'',	0,	'Béja',	1),
(1003,	1003,	10,	'',	0,	'Ben Arous',	1),
(1004,	1004,	10,	'',	0,	'Bizerte',	1),
(1005,	1005,	10,	'',	0,	'Gabès',	1),
(1006,	1006,	10,	'',	0,	'Gafsa',	1),
(1007,	1007,	10,	'',	0,	'Jendouba',	1),
(1008,	1008,	10,	'',	0,	'Kairouan',	1),
(1009,	1009,	10,	'',	0,	'Kasserine',	1),
(1010,	1010,	10,	'',	0,	'Kébili',	1),
(1011,	1011,	10,	'',	0,	'La Manouba',	1),
(1012,	1012,	10,	'',	0,	'Le Kef',	1),
(1013,	1013,	10,	'',	0,	'Mahdia',	1),
(1014,	1014,	10,	'',	0,	'Médenine',	1),
(1015,	1015,	10,	'',	0,	'Monastir',	1),
(1016,	1016,	10,	'',	0,	'Nabeul',	1),
(1017,	1017,	10,	'',	0,	'Sfax',	1),
(1018,	1018,	10,	'',	0,	'Sidi Bouzid',	1),
(1019,	1019,	10,	'',	0,	'Siliana',	1),
(1020,	1020,	10,	'',	0,	'Sousse',	1),
(1021,	1021,	10,	'',	0,	'Tataouine',	1),
(1022,	1022,	10,	'',	0,	'Tozeur',	1),
(1023,	1023,	10,	'',	0,	'Tunis',	1),
(1024,	1024,	10,	'',	0,	'Zaghouan',	1),
(1101,	1101,	11,	'',	0,	'United-States',	1),
(1201,	1201,	12,	'',	0,	'Tanger-Tétouan',	1),
(1202,	1202,	12,	'',	0,	'Gharb-Chrarda-Beni Hssen',	1),
(1203,	1203,	12,	'',	0,	'Taza-Al Hoceima-Taounate',	1),
(1204,	1204,	12,	'',	0,	'L\'Oriental',	1),
(1205,	1205,	12,	'',	0,	'Fès-Boulemane',	1),
(1206,	1206,	12,	'',	0,	'Meknès-Tafialet',	1),
(1207,	1207,	12,	'',	0,	'Rabat-Salé-Zemour-Zaër',	1),
(1208,	1208,	12,	'',	0,	'Grand Cassablanca',	1),
(1209,	1209,	12,	'',	0,	'Chaouia-Ouardigha',	1),
(1210,	1210,	12,	'',	0,	'Doukahla-Adba',	1),
(1211,	1211,	12,	'',	0,	'Marrakech-Tensift-Al Haouz',	1),
(1212,	1212,	12,	'',	0,	'Tadla-Azilal',	1),
(1213,	1213,	12,	'',	0,	'Sous-Massa-Drâa',	1),
(1214,	1214,	12,	'',	0,	'Guelmim-Es Smara',	1),
(1215,	1215,	12,	'',	0,	'Laâyoune-Boujdour-Sakia el Hamra',	1),
(1216,	1216,	12,	'',	0,	'Oued Ed-Dahab Lagouira',	1),
(1301,	1301,	13,	'',	0,	'Algerie',	1),
(1401,	1401,	14,	'',	0,	'Canada',	1),
(1701,	1701,	17,	'',	0,	'Provincies van Nederland ',	1),
(2301,	2301,	23,	'',	0,	'Norte',	1),
(2302,	2302,	23,	'',	0,	'Litoral',	1),
(2303,	2303,	23,	'',	0,	'Cuyana',	1),
(2304,	2304,	23,	'',	0,	'Central',	1),
(2305,	2305,	23,	'',	0,	'Patagonia',	1),
(2801,	2801,	28,	'',	0,	'Australia',	1),
(4601,	4601,	46,	'',	0,	'Barbados',	1),
(5601,	5601,	56,	'',	0,	'Brasil',	1),
(6701,	6701,	67,	NULL,	NULL,	'Tarapacá',	1),
(6702,	6702,	67,	NULL,	NULL,	'Antofagasta',	1),
(6703,	6703,	67,	NULL,	NULL,	'Atacama',	1),
(6704,	6704,	67,	NULL,	NULL,	'Coquimbo',	1),
(6705,	6705,	67,	NULL,	NULL,	'Valparaíso',	1),
(6706,	6706,	67,	NULL,	NULL,	'General Bernardo O Higgins',	1),
(6707,	6707,	67,	NULL,	NULL,	'Maule',	1),
(6708,	6708,	67,	NULL,	NULL,	'Biobío',	1),
(6709,	6709,	67,	NULL,	NULL,	'Raucanía',	1),
(6710,	6710,	67,	NULL,	NULL,	'Los Lagos',	1),
(6711,	6711,	67,	NULL,	NULL,	'Aysén General Carlos Ibáñez del Campo',	1),
(6712,	6712,	67,	NULL,	NULL,	'Magallanes y Antártica Chilena',	1),
(6713,	6713,	67,	NULL,	NULL,	'Metropolitana de Santiago',	1),
(6714,	6714,	67,	NULL,	NULL,	'Los Ríos',	1),
(6715,	6715,	67,	NULL,	NULL,	'Arica y Parinacota',	1),
(7001,	7001,	70,	'',	0,	'Colombie',	1),
(8601,	8601,	86,	NULL,	NULL,	'Central',	1),
(8602,	8602,	86,	NULL,	NULL,	'Oriental',	1),
(8603,	8603,	86,	NULL,	NULL,	'Occidental',	1),
(10201,	10201,	102,	NULL,	NULL,	'Αττική',	1),
(10202,	10202,	102,	NULL,	NULL,	'Στερεά Ελλάδα',	1),
(10203,	10203,	102,	NULL,	NULL,	'Κεντρική Μακεδονία',	1),
(10204,	10204,	102,	NULL,	NULL,	'Κρήτη',	1),
(10205,	10205,	102,	NULL,	NULL,	'Ανατολική Μακεδονία και Θράκη',	1),
(10206,	10206,	102,	NULL,	NULL,	'Ήπειρος',	1),
(10207,	10207,	102,	NULL,	NULL,	'Ιόνια νησιά',	1),
(10208,	10208,	102,	NULL,	NULL,	'Βόρειο Αιγαίο',	1),
(10209,	10209,	102,	NULL,	NULL,	'Πελοπόννησος',	1),
(10210,	10210,	102,	NULL,	NULL,	'Νότιο Αιγαίο',	1),
(10211,	10211,	102,	NULL,	NULL,	'Δυτική Ελλάδα',	1),
(10212,	10212,	102,	NULL,	NULL,	'Θεσσαλία',	1),
(10213,	10213,	102,	NULL,	NULL,	'Δυτική Μακεδονία',	1),
(11401,	11401,	114,	'',	0,	'Honduras',	1),
(11701,	11701,	117,	'',	0,	'India',	1),
(15201,	15201,	152,	'',	0,	'Rivière Noire',	1),
(15202,	15202,	152,	'',	0,	'Flacq',	1),
(15203,	15203,	152,	'',	0,	'Grand Port',	1),
(15204,	15204,	152,	'',	0,	'Moka',	1),
(15205,	15205,	152,	'',	0,	'Pamplemousses',	1),
(15206,	15206,	152,	'',	0,	'Plaines Wilhems',	1),
(15207,	15207,	152,	'',	0,	'Port-Louis',	1),
(15208,	15208,	152,	'',	0,	'Rivière du Rempart',	1),
(15209,	15209,	152,	'',	0,	'Savanne',	1),
(15210,	15210,	152,	'',	0,	'Rodrigues',	1),
(15211,	15211,	152,	'',	0,	'Les îles Agaléga',	1),
(15212,	15212,	152,	'',	0,	'Les écueils des Cargados Carajos',	1),
(15401,	15401,	154,	'',	0,	'Mexique',	1),
(23201,	23201,	232,	'',	0,	'Los Andes',	1),
(23202,	23202,	232,	'',	0,	'Capital',	1),
(23203,	23203,	232,	'',	0,	'Central',	1),
(23204,	23204,	232,	'',	0,	'Cento Occidental',	1),
(23205,	23205,	232,	'',	0,	'Guayana',	1),
(23206,	23206,	232,	'',	0,	'Insular',	1),
(23207,	23207,	232,	'',	0,	'Los Llanos',	1),
(23208,	23208,	232,	'',	0,	'Nor-Oriental',	1),
(23209,	23209,	232,	'',	0,	'Zuliana',	1);

DROP TABLE IF EXISTS `llx_c_revenuestamp`;
CREATE TABLE `llx_c_revenuestamp` (
  `rowid` int(11) NOT NULL AUTO_INCREMENT,
  `fk_pays` int(11) NOT NULL,
  `taux` double NOT NULL,
  `note` varchar(128) DEFAULT NULL,
  `active` tinyint(4) NOT NULL DEFAULT '1',
  `accountancy_code_sell` varchar(15) DEFAULT NULL,
  `accountancy_code_buy` varchar(15) DEFAULT NULL,
  PRIMARY KEY (`rowid`)
) ENGINE=InnoDB DEFAULT CHARSET=utf8;

INSERT INTO `llx_c_revenuestamp` (`rowid`, `fk_pays`, `taux`, `note`, `active`, `accountancy_code_sell`, `accountancy_code_buy`) VALUES
(101,	10,	0.4,	'Revenue stamp tunisia',	1,	NULL,	NULL);

DROP TABLE IF EXISTS `llx_c_shipment_mode`;
CREATE TABLE `llx_c_shipment_mode` (
  `rowid` int(11) NOT NULL AUTO_INCREMENT,
  `tms` timestamp NULL DEFAULT NULL,
  `code` varchar(30) NOT NULL,
  `libelle` varchar(50) NOT NULL,
  `description` text,
  `tracking` varchar(255) NOT NULL,
  `active` tinyint(4) DEFAULT '0',
  `module` varchar(32) DEFAULT NULL,
  PRIMARY KEY (`rowid`)
) ENGINE=InnoDB DEFAULT CHARSET=utf8;

INSERT INTO `llx_c_shipment_mode` (`rowid`, `tms`, `code`, `libelle`, `description`, `tracking`, `active`, `module`) VALUES
(1,	NULL,	'CATCH',	'Catch',	'Catch by client',	'',	1,	NULL),
(2,	NULL,	'TRANS',	'Transporter',	'Generic transporter',	'',	1,	NULL),
(3,	NULL,	'COLSUI',	'Colissimo Suivi',	'Colissimo Suivi',	'',	0,	NULL),
(4,	NULL,	'LETTREMAX',	'Lettre Max',	'Courrier Suivi et Lettre Max',	'',	0,	NULL),
(5,	NULL,	'UPS',	'UPS',	'United Parcel Service',	'http://wwwapps.ups.com/etracking/tracking.cgi?InquiryNumber2=&InquiryNumber3=&tracknums_displayed=3&loc=fr_FR&TypeOfInquiryNumber=T&HTMLVersion=4.0&InquiryNumber22=&InquiryNumber32=&track=Track&Suivi.x=64&Suivi.y=7&Suivi=Valider&InquiryNumber1={TRACKID}',	0,	NULL),
(6,	NULL,	'KIALA',	'KIALA',	'Relais Kiala',	'http://www.kiala.fr/tnt/delivery/{TRACKID}',	0,	NULL),
(7,	NULL,	'GLS',	'GLS',	'General Logistics Systems',	'http://www.gls-group.eu/276-I-PORTAL-WEB/content/GLS/FR01/FR/5004.htm?txtAction=71000&txtRefNo={TRACKID}',	0,	NULL),
(8,	NULL,	'CHRONO',	'Chronopost',	'Chronopost',	'http://www.chronopost.fr/expedier/inputLTNumbersNoJahia.do?listeNumeros={TRACKID}',	0,	NULL);

DROP TABLE IF EXISTS `llx_c_stcomm`;
CREATE TABLE `llx_c_stcomm` (
  `id` int(11) NOT NULL,
  `code` varchar(12) NOT NULL,
  `libelle` varchar(30) DEFAULT NULL,
  `active` tinyint(4) NOT NULL DEFAULT '1',
  PRIMARY KEY (`id`),
  UNIQUE KEY `uk_c_stcomm` (`code`)
) ENGINE=InnoDB DEFAULT CHARSET=utf8;

INSERT INTO `llx_c_stcomm` (`id`, `code`, `libelle`, `active`) VALUES
(-1,	'ST_NO',	'Ne pas contacter',	1),
(0,	'ST_NEVER',	'Jamais contacté',	1),
(1,	'ST_TODO',	'A contacter',	1),
(2,	'ST_PEND',	'Contact en cours',	1),
(3,	'ST_DONE',	'Contactée',	1);

DROP TABLE IF EXISTS `llx_c_tva`;
CREATE TABLE `llx_c_tva` (
  `rowid` int(11) NOT NULL AUTO_INCREMENT,
  `fk_pays` int(11) NOT NULL,
  `taux` double NOT NULL,
  `localtax1` double NOT NULL DEFAULT '0',
  `localtax1_type` varchar(10) NOT NULL DEFAULT '0',
  `localtax2` double NOT NULL DEFAULT '0',
  `localtax2_type` varchar(10) NOT NULL DEFAULT '0',
  `recuperableonly` int(11) NOT NULL DEFAULT '0',
  `note` varchar(128) DEFAULT NULL,
  `active` tinyint(4) NOT NULL DEFAULT '1',
  `accountancy_code_sell` varchar(15) DEFAULT NULL,
  `accountancy_code_buy` varchar(15) DEFAULT NULL,
  PRIMARY KEY (`rowid`)
) ENGINE=InnoDB DEFAULT CHARSET=utf8;

INSERT INTO `llx_c_tva` (`rowid`, `fk_pays`, `taux`, `localtax1`, `localtax1_type`, `localtax2`, `localtax2_type`, `recuperableonly`, `note`, `active`, `accountancy_code_sell`, `accountancy_code_buy`) VALUES
(11,	1,	20,	0,	'0',	0,	'0',	0,	'VAT standard rate (France hors DOM-TOM)',	1,	NULL,	NULL),
(12,	1,	8.5,	0,	'0',	0,	'0',	0,	'VAT standard rate (DOM sauf Guyane et Saint-Martin)',	0,	NULL,	NULL),
(13,	1,	8.5,	0,	'0',	0,	'0',	1,	'VAT standard rate (DOM sauf Guyane et Saint-Martin), non perçu par le vendeur mais récupérable par acheteur',	0,	NULL,	NULL),
(14,	1,	5.5,	0,	'0',	0,	'0',	0,	'VAT reduced rate (France hors DOM-TOM)',	1,	NULL,	NULL),
(15,	1,	0,	0,	'0',	0,	'0',	0,	'VAT Rate 0 ou non applicable',	1,	NULL,	NULL),
(16,	1,	2.1,	0,	'0',	0,	'0',	0,	'VAT super-reduced rate',	1,	NULL,	NULL),
(17,	1,	10,	0,	'0',	0,	'0',	0,	'VAT reduced rate',	1,	NULL,	NULL),
(21,	2,	21,	0,	'0',	0,	'0',	0,	'VAT standard rate',	1,	NULL,	NULL),
(22,	2,	6,	0,	'0',	0,	'0',	0,	'VAT reduced rate',	1,	NULL,	NULL),
(23,	2,	0,	0,	'0',	0,	'0',	0,	'VAT Rate 0 ou non applicable',	1,	NULL,	NULL),
(24,	2,	12,	0,	'0',	0,	'0',	0,	'VAT reduced rate',	1,	NULL,	NULL),
(31,	3,	21,	0,	'0',	0,	'0',	0,	'VAT standard rate',	1,	NULL,	NULL),
(32,	3,	10,	0,	'0',	0,	'0',	0,	'VAT reduced rate',	1,	NULL,	NULL),
(33,	3,	4,	0,	'0',	0,	'0',	0,	'VAT super-reduced rate',	1,	NULL,	NULL),
(34,	3,	0,	0,	'0',	0,	'0',	0,	'VAT Rate 0',	1,	NULL,	NULL),
(41,	4,	21,	5.2,	'3',	-21,	'1',	0,	'VAT standard rate',	1,	'47700021',	'47200021'),
(42,	4,	10,	1.4,	'3',	-21,	'1',	0,	'VAT reduced rate',	1,	'47700010',	'47200010'),
(43,	4,	4,	0.5,	'3',	-21,	'1',	0,	'VAT super-reduced rate',	1,	'47700004',	'47200004'),
(44,	4,	0,	0,	'3',	-21,	'1',	0,	'VAT Rate 0',	1,	NULL,	NULL),
(51,	5,	19,	0,	'0',	0,	'0',	0,	'allgemeine Ust.',	1,	NULL,	NULL),
(52,	5,	7,	0,	'0',	0,	'0',	0,	'ermäßigte USt.',	1,	NULL,	NULL),
(53,	5,	0,	0,	'0',	0,	'0',	0,	'keine USt.',	1,	NULL,	NULL),
(54,	5,	5.5,	0,	'0',	0,	'0',	0,	'USt. Forst',	0,	NULL,	NULL),
(55,	5,	10.7,	0,	'0',	0,	'0',	0,	'USt. Landwirtschaft',	0,	NULL,	NULL),
(61,	6,	8,	0,	'0',	0,	'0',	0,	'VAT standard rate',	1,	NULL,	NULL),
(62,	6,	3.8,	0,	'0',	0,	'0',	0,	'VAT reduced rate',	1,	NULL,	NULL),
(63,	6,	2.5,	0,	'0',	0,	'0',	0,	'VAT super-reduced rate',	1,	NULL,	NULL),
(64,	6,	0,	0,	'0',	0,	'0',	0,	'VAT Rate 0',	1,	NULL,	NULL),
(71,	7,	20,	0,	'0',	0,	'0',	0,	'VAT standard rate',	1,	NULL,	NULL),
(72,	7,	17.5,	0,	'0',	0,	'0',	0,	'VAT standard rate before 2011',	1,	NULL,	NULL),
(73,	7,	5,	0,	'0',	0,	'0',	0,	'VAT reduced rate',	1,	NULL,	NULL),
(74,	7,	0,	0,	'0',	0,	'0',	0,	'VAT Rate 0',	1,	NULL,	NULL),
(91,	9,	17,	0,	'0',	0,	'0',	0,	'VAT standard rate',	1,	NULL,	NULL),
(92,	9,	13,	0,	'0',	0,	'0',	0,	'VAT reduced rate 0',	1,	NULL,	NULL),
(93,	9,	3,	0,	'0',	0,	'0',	0,	'VAT super reduced rate 0',	1,	NULL,	NULL),
(94,	9,	0,	0,	'0',	0,	'0',	0,	'VAT Rate 0',	1,	NULL,	NULL),
(101,	10,	6,	1,	'4',	0,	'0',	0,	'VAT 6%',	1,	NULL,	NULL),
(102,	10,	12,	1,	'4',	0,	'0',	0,	'VAT 12%',	1,	NULL,	NULL),
(103,	10,	18,	1,	'4',	0,	'0',	0,	'VAT 18%',	1,	NULL,	NULL),
(104,	10,	7.5,	1,	'4',	0,	'0',	0,	'VAT 6% Majoré à 25% (7.5%)',	1,	NULL,	NULL),
(105,	10,	15,	1,	'4',	0,	'0',	0,	'VAT 12% Majoré à 25% (15%)',	1,	NULL,	NULL),
(106,	10,	22.5,	1,	'4',	0,	'0',	0,	'VAT 18% Majoré à 25% (22.5%)',	1,	NULL,	NULL),
(107,	10,	0,	1,	'4',	0,	'0',	0,	'VAT Rate 0',	1,	NULL,	NULL),
(111,	11,	0,	0,	'0',	0,	'0',	0,	'No Sales Tax',	1,	NULL,	NULL),
(112,	11,	4,	0,	'0',	0,	'0',	0,	'Sales Tax 4%',	1,	NULL,	NULL),
(113,	11,	6,	0,	'0',	0,	'0',	0,	'Sales Tax 6%',	1,	NULL,	NULL),
(121,	12,	20,	0,	'0',	0,	'0',	0,	'VAT standard rate',	1,	NULL,	NULL),
(122,	12,	14,	0,	'0',	0,	'0',	0,	'VAT reduced rate',	1,	NULL,	NULL),
(123,	12,	10,	0,	'0',	0,	'0',	0,	'VAT reduced rate',	1,	NULL,	NULL),
(124,	12,	7,	0,	'0',	0,	'0',	0,	'VAT super-reduced rate',	1,	NULL,	NULL),
(125,	12,	0,	0,	'0',	0,	'0',	0,	'VAT Rate 0',	1,	NULL,	NULL),
(141,	14,	7,	0,	'0',	0,	'0',	0,	'VAT standard rate',	1,	NULL,	NULL),
(142,	14,	0,	0,	'0',	0,	'0',	0,	'VAT Rate 0',	1,	NULL,	NULL),
(143,	14,	5,	9.975,	'1',	0,	'0',	0,	'TPS and TVQ rate',	1,	NULL,	NULL),
(171,	17,	19,	0,	'0',	0,	'0',	0,	'Algemeen BTW tarief',	1,	NULL,	NULL),
(172,	17,	6,	0,	'0',	0,	'0',	0,	'Verlaagd BTW tarief',	1,	NULL,	NULL),
(173,	17,	0,	0,	'0',	0,	'0',	0,	'0 BTW tarief',	1,	NULL,	NULL),
(174,	17,	21,	0,	'0',	0,	'0',	0,	'Algemeen BTW tarief (vanaf 1 oktober 2012)',	0,	NULL,	NULL),
(201,	20,	25,	0,	'0',	0,	'0',	0,	'VAT standard rate',	1,	NULL,	NULL),
(202,	20,	12,	0,	'0',	0,	'0',	0,	'VAT reduced rate',	1,	NULL,	NULL),
(203,	20,	6,	0,	'0',	0,	'0',	0,	'VAT super-reduced rate',	1,	NULL,	NULL),
(204,	20,	0,	0,	'0',	0,	'0',	0,	'VAT Rate 0',	1,	NULL,	NULL),
(231,	23,	21,	0,	'0',	0,	'0',	0,	'IVA standard rate',	1,	NULL,	NULL),
(232,	23,	10.5,	0,	'0',	0,	'0',	0,	'IVA reduced rate',	1,	NULL,	NULL),
(233,	23,	0,	0,	'0',	0,	'0',	0,	'IVA Rate 0',	1,	NULL,	NULL),
(241,	24,	19.25,	0,	'0',	0,	'0',	0,	'VAT standard rate',	1,	NULL,	NULL),
(242,	24,	0,	0,	'0',	0,	'0',	0,	'VAT Rate 0',	1,	NULL,	NULL),
(251,	25,	23,	0,	'0',	0,	'0',	0,	'VAT standard rate',	1,	NULL,	NULL),
(252,	25,	13,	0,	'0',	0,	'0',	0,	'VAT reduced rate',	1,	NULL,	NULL),
(253,	25,	0,	0,	'0',	0,	'0',	0,	'VAT Rate 0',	1,	NULL,	NULL),
(254,	25,	6,	0,	'0',	0,	'0',	0,	'VAT reduced rate',	1,	NULL,	NULL),
(261,	26,	0,	0,	'0',	0,	'0',	0,	'VAT Rate 0',	1,	NULL,	NULL),
(271,	27,	19.6,	0,	'0',	0,	'0',	0,	'VAT standard rate (France hors DOM-TOM)',	1,	NULL,	NULL),
(272,	27,	8.5,	0,	'0',	0,	'0',	0,	'VAT standard rate (DOM sauf Guyane et Saint-Martin)',	0,	NULL,	NULL),
(273,	27,	8.5,	0,	'0',	0,	'0',	1,	'VAT standard rate (DOM sauf Guyane et Saint-Martin), non perçu par le vendeur mais récupérable par acheteur',	0,	NULL,	NULL),
(274,	27,	5.5,	0,	'0',	0,	'0',	0,	'VAT reduced rate (France hors DOM-TOM)',	0,	NULL,	NULL),
(275,	27,	0,	0,	'0',	0,	'0',	0,	'VAT Rate 0 ou non applicable',	1,	NULL,	NULL),
(276,	27,	2.1,	0,	'0',	0,	'0',	0,	'VAT super-reduced rate',	1,	NULL,	NULL),
(277,	27,	7,	0,	'0',	0,	'0',	0,	'VAT reduced rate',	1,	NULL,	NULL),
(281,	28,	10,	0,	'0',	0,	'0',	0,	'VAT standard rate',	1,	NULL,	NULL),
(282,	28,	0,	0,	'0',	0,	'0',	0,	'VAT Rate 0',	1,	NULL,	NULL),
(411,	41,	20,	0,	'0',	0,	'0',	0,	'VAT standard rate',	1,	NULL,	NULL),
(412,	41,	10,	0,	'0',	0,	'0',	0,	'VAT reduced rate',	1,	NULL,	NULL),
(413,	41,	0,	0,	'0',	0,	'0',	0,	'VAT Rate 0',	1,	NULL,	NULL),
(461,	46,	0,	0,	'0',	0,	'0',	0,	'No VAT',	1,	NULL,	NULL),
(462,	46,	15,	0,	'0',	0,	'0',	0,	'VAT 15%',	1,	NULL,	NULL),
(463,	46,	7.5,	0,	'0',	0,	'0',	0,	'VAT 7.5%',	1,	NULL,	NULL),
(561,	56,	0,	0,	'0',	0,	'0',	0,	'VAT reduced rate',	1,	NULL,	NULL),
(591,	59,	20,	0,	'0',	0,	'0',	0,	'VAT standard rate',	1,	NULL,	NULL),
(592,	59,	7,	0,	'0',	0,	'0',	0,	'VAT reduced rate',	1,	NULL,	NULL),
(593,	59,	0,	0,	'0',	0,	'0',	0,	'VAT Rate 0',	1,	NULL,	NULL),
(671,	67,	19,	0,	'0',	0,	'0',	0,	'VAT standard rate',	1,	NULL,	NULL),
(672,	67,	0,	0,	'0',	0,	'0',	0,	'VAT Rate 0',	1,	NULL,	NULL),
(801,	80,	25,	0,	'0',	0,	'0',	0,	'VAT standard rate',	1,	NULL,	NULL),
(802,	80,	0,	0,	'0',	0,	'0',	0,	'VAT Rate 0',	1,	NULL,	NULL),
(861,	86,	13,	0,	'0',	0,	'0',	0,	'IVA 13',	1,	NULL,	NULL),
(862,	86,	0,	0,	'0',	0,	'0',	0,	'SIN IVA',	1,	NULL,	NULL),
(1141,	114,	0,	0,	'0',	0,	'0',	0,	'No ISV',	1,	NULL,	NULL),
(1142,	114,	12,	0,	'0',	0,	'0',	0,	'ISV 12%',	1,	NULL,	NULL),
(1161,	116,	25.5,	0,	'0',	0,	'0',	0,	'VAT standard rate',	1,	NULL,	NULL),
(1162,	116,	7,	0,	'0',	0,	'0',	0,	'VAT reduced rate',	1,	NULL,	NULL),
(1163,	116,	0,	0,	'0',	0,	'0',	0,	'VAT rate 0',	1,	NULL,	NULL),
(1171,	117,	12.5,	0,	'0',	0,	'0',	0,	'VAT standard rate',	1,	NULL,	NULL),
(1172,	117,	4,	0,	'0',	0,	'0',	0,	'VAT reduced rate',	1,	NULL,	NULL),
(1173,	117,	1,	0,	'0',	0,	'0',	0,	'VAT super-reduced rate',	1,	NULL,	NULL),
(1174,	117,	0,	0,	'0',	0,	'0',	0,	'VAT Rate 0',	1,	NULL,	NULL),
(1231,	123,	0,	0,	'0',	0,	'0',	0,	'VAT Rate 0',	1,	NULL,	NULL),
(1232,	123,	5,	0,	'0',	0,	'0',	0,	'VAT Rate 5',	1,	NULL,	NULL),
(1401,	140,	15,	0,	'0',	0,	'0',	0,	'VAT standard rate',	1,	NULL,	NULL),
(1402,	140,	12,	0,	'0',	0,	'0',	0,	'VAT reduced rate',	1,	NULL,	NULL),
(1403,	140,	6,	0,	'0',	0,	'0',	0,	'VAT reduced rate',	1,	NULL,	NULL),
(1404,	140,	3,	0,	'0',	0,	'0',	0,	'VAT super-reduced rate',	1,	NULL,	NULL),
(1405,	140,	0,	0,	'0',	0,	'0',	0,	'VAT Rate 0',	1,	NULL,	NULL),
(1511,	151,	0,	0,	'0',	0,	'0',	0,	'VAT Rate 0',	1,	NULL,	NULL),
(1512,	151,	14,	0,	'0',	0,	'0',	0,	'VAT Rate 14',	1,	NULL,	NULL),
(1521,	152,	0,	0,	'0',	0,	'0',	0,	'VAT Rate 0',	1,	NULL,	NULL),
(1522,	152,	15,	0,	'0',	0,	'0',	0,	'VAT Rate 15',	1,	NULL,	NULL),
(1541,	154,	0,	0,	'0',	0,	'0',	0,	'No VAT',	1,	NULL,	NULL),
(1542,	154,	16,	0,	'0',	0,	'0',	0,	'VAT 16%',	1,	NULL,	NULL),
(1543,	154,	10,	0,	'0',	0,	'0',	0,	'VAT Frontero',	1,	NULL,	NULL),
(1662,	166,	15,	0,	'0',	0,	'0',	0,	'VAT standard rate',	1,	NULL,	NULL),
(1663,	166,	0,	0,	'0',	0,	'0',	0,	'VAT Rate 0',	1,	NULL,	NULL),
(1692,	169,	5,	0,	'0',	0,	'0',	0,	'VAT standard rate',	1,	NULL,	NULL),
(1693,	169,	0,	0,	'0',	0,	'0',	0,	'VAT Rate 0',	1,	NULL,	NULL),
(1731,	173,	25,	0,	'0',	0,	'0',	0,	'VAT standard rate',	1,	NULL,	NULL),
(1732,	173,	14,	0,	'0',	0,	'0',	0,	'VAT reduced rate',	1,	NULL,	NULL),
(1733,	173,	8,	0,	'0',	0,	'0',	0,	'VAT reduced rate',	1,	NULL,	NULL),
(1734,	173,	0,	0,	'0',	0,	'0',	0,	'VAT Rate 0',	1,	NULL,	NULL),
(1841,	181,	18,	0,	'0',	0,	'0',	0,	'VAT standard rate',	1,	NULL,	NULL),
(1842,	184,	7,	0,	'0',	0,	'0',	0,	'VAT reduced rate',	1,	NULL,	NULL),
(1843,	181,	0,	0,	'0',	0,	'0',	0,	'VAT Rate 0',	1,	NULL,	NULL),
(1844,	184,	0,	0,	'0',	0,	'0',	0,	'VAT Rate 0',	1,	NULL,	NULL),
(1881,	188,	24,	0,	'0',	0,	'0',	0,	'VAT standard rate',	1,	NULL,	NULL),
(1882,	188,	9,	0,	'0',	0,	'0',	0,	'VAT reduced rate',	1,	NULL,	NULL),
(1883,	188,	0,	0,	'0',	0,	'0',	0,	'VAT Rate 0',	1,	NULL,	NULL),
(1884,	188,	5,	0,	'0',	0,	'0',	0,	'VAT reduced rate',	1,	NULL,	NULL),
(1931,	193,	0,	0,	'0',	0,	'0',	0,	'No VAT in SPM',	1,	NULL,	NULL),
(2011,	201,	19,	0,	'0',	0,	'0',	0,	'VAT standard rate',	1,	NULL,	NULL),
(2012,	201,	10,	0,	'0',	0,	'0',	0,	'VAT reduced rate',	1,	NULL,	NULL),
(2013,	201,	0,	0,	'0',	0,	'0',	0,	'VAT Rate 0',	1,	NULL,	NULL),
(2021,	202,	22,	0,	'0',	0,	'0',	0,	'VAT standard rate',	1,	NULL,	NULL),
(2022,	202,	9.5,	0,	'0',	0,	'0',	0,	'VAT reduced rate',	1,	NULL,	NULL),
(2023,	202,	0,	0,	'0',	0,	'0',	0,	'VAT Rate 0',	1,	NULL,	NULL),
(2051,	205,	0,	0,	'0',	0,	'0',	0,	'No VAT',	1,	NULL,	NULL),
(2052,	205,	14,	0,	'0',	0,	'0',	0,	'VAT 14%',	1,	NULL,	NULL),
(2261,	226,	20,	0,	'0',	0,	'0',	0,	'VAT standart rate',	1,	NULL,	NULL),
(2262,	226,	0,	0,	'0',	0,	'0',	0,	'VAT Rate 0',	1,	NULL,	NULL),
(2321,	232,	0,	0,	'0',	0,	'0',	0,	'No VAT',	1,	NULL,	NULL),
(2322,	232,	12,	0,	'0',	0,	'0',	0,	'VAT 12%',	1,	NULL,	NULL),
(2323,	232,	8,	0,	'0',	0,	'0',	0,	'VAT 8%',	1,	NULL,	NULL),
(2461,	246,	0,	0,	'0',	0,	'0',	0,	'VAT Rate 0',	1,	NULL,	NULL),
(2462,	102,	23,	0,	'0',	0,	'0',	0,	'Κανονικός Φ.Π.Α.',	1,	NULL,	NULL),
(2463,	102,	0,	0,	'0',	0,	'0',	0,	'Μηδενικό Φ.Π.Α.',	1,	NULL,	NULL),
(2464,	102,	13,	0,	'0',	0,	'0',	0,	'Μειωμένος Φ.Π.Α.',	1,	NULL,	NULL),
(2465,	102,	6.5,	0,	'0',	0,	'0',	0,	'Υπερμειωμένος Φ.Π.Α.',	1,	NULL,	NULL),
(2466,	102,	16,	0,	'0',	0,	'0',	0,	'Νήσων κανονικός Φ.Π.Α.',	1,	NULL,	NULL),
(2467,	102,	9,	0,	'0',	0,	'0',	0,	'Νήσων μειωμένος Φ.Π.Α.',	1,	NULL,	NULL),
(2468,	102,	5,	0,	'0',	0,	'0',	0,	'Νήσων υπερμειωμένος Φ.Π.Α.',	1,	NULL,	NULL);

DROP TABLE IF EXISTS `llx_c_typent`;
CREATE TABLE `llx_c_typent` (
  `id` int(11) NOT NULL,
  `code` varchar(12) NOT NULL,
  `libelle` varchar(30) DEFAULT NULL,
  `active` tinyint(4) NOT NULL DEFAULT '1',
  `module` varchar(32) DEFAULT NULL,
  PRIMARY KEY (`id`),
  UNIQUE KEY `uk_c_typent` (`code`)
) ENGINE=InnoDB DEFAULT CHARSET=utf8;

INSERT INTO `llx_c_typent` (`id`, `code`, `libelle`, `active`, `module`) VALUES
(0,	'TE_UNKNOWN',	'-',	1,	NULL),
(1,	'TE_STARTUP',	'Start-up',	0,	NULL),
(2,	'TE_GROUP',	'Grand groupe',	1,	NULL),
(3,	'TE_MEDIUM',	'PME/PMI',	1,	NULL),
(4,	'TE_SMALL',	'TPE',	1,	NULL),
(5,	'TE_ADMIN',	'Administration',	1,	NULL),
(6,	'TE_WHOLE',	'Grossiste',	0,	NULL),
(7,	'TE_RETAIL',	'Revendeur',	0,	NULL),
(8,	'TE_PRIVATE',	'Particulier',	1,	NULL),
(100,	'TE_OTHER',	'Autres',	1,	NULL);

DROP TABLE IF EXISTS `llx_c_type_contact`;
CREATE TABLE `llx_c_type_contact` (
  `rowid` int(11) NOT NULL,
  `element` varchar(30) NOT NULL,
  `source` varchar(8) NOT NULL DEFAULT 'external',
  `code` varchar(32) NOT NULL,
  `libelle` varchar(64) NOT NULL,
  `active` tinyint(4) NOT NULL DEFAULT '1',
  `module` varchar(32) DEFAULT NULL,
  PRIMARY KEY (`rowid`),
  UNIQUE KEY `idx_c_type_contact_uk` (`element`,`source`,`code`)
) ENGINE=InnoDB DEFAULT CHARSET=utf8;

INSERT INTO `llx_c_type_contact` (`rowid`, `element`, `source`, `code`, `libelle`, `active`, `module`) VALUES
(10,	'contrat',	'internal',	'SALESREPSIGN',	'Commercial signataire du contrat',	1,	NULL),
(11,	'contrat',	'internal',	'SALESREPFOLL',	'Commercial suivi du contrat',	1,	NULL),
(20,	'contrat',	'external',	'BILLING',	'Contact client facturation contrat',	1,	NULL),
(21,	'contrat',	'external',	'CUSTOMER',	'Contact client suivi contrat',	1,	NULL),
(22,	'contrat',	'external',	'SALESREPSIGN',	'Contact client signataire contrat',	1,	NULL),
(31,	'propal',	'internal',	'SALESREPFOLL',	'Commercial à l\'origine de la propale',	1,	NULL),
(40,	'propal',	'external',	'BILLING',	'Contact client facturation propale',	1,	NULL),
(41,	'propal',	'external',	'CUSTOMER',	'Contact client suivi propale',	1,	NULL),
(50,	'facture',	'internal',	'SALESREPFOLL',	'Responsable suivi du paiement',	1,	NULL),
(60,	'facture',	'external',	'BILLING',	'Contact client facturation',	1,	NULL),
(61,	'facture',	'external',	'SHIPPING',	'Contact client livraison',	1,	NULL),
(62,	'facture',	'external',	'SERVICE',	'Contact client prestation',	1,	NULL),
(70,	'invoice_supplier',	'internal',	'SALESREPFOLL',	'Responsable suivi du paiement',	1,	NULL),
(71,	'invoice_supplier',	'external',	'BILLING',	'Contact fournisseur facturation',	1,	NULL),
(72,	'invoice_supplier',	'external',	'SHIPPING',	'Contact fournisseur livraison',	1,	NULL),
(73,	'invoice_supplier',	'external',	'SERVICE',	'Contact fournisseur prestation',	1,	NULL),
(80,	'agenda',	'internal',	'ACTOR',	'Responsable',	1,	NULL),
(81,	'agenda',	'internal',	'GUEST',	'Guest',	1,	NULL),
(85,	'agenda',	'external',	'ACTOR',	'Responsable',	1,	NULL),
(86,	'agenda',	'external',	'GUEST',	'Guest',	1,	NULL),
(91,	'commande',	'internal',	'SALESREPFOLL',	'Responsable suivi de la commande',	1,	NULL),
(100,	'commande',	'external',	'BILLING',	'Contact client facturation commande',	1,	NULL),
(101,	'commande',	'external',	'CUSTOMER',	'Contact client suivi commande',	1,	NULL),
(102,	'commande',	'external',	'SHIPPING',	'Contact client livraison commande',	1,	NULL),
(120,	'fichinter',	'internal',	'INTERREPFOLL',	'Responsable suivi de l\'intervention',	1,	NULL),
(121,	'fichinter',	'internal',	'INTERVENING',	'Intervenant',	1,	NULL),
(130,	'fichinter',	'external',	'BILLING',	'Contact client facturation intervention',	1,	NULL),
(131,	'fichinter',	'external',	'CUSTOMER',	'Contact client suivi de l\'intervention',	1,	NULL),
(140,	'order_supplier',	'internal',	'SALESREPFOLL',	'Responsable suivi de la commande',	1,	NULL),
(141,	'order_supplier',	'internal',	'SHIPPING',	'Responsable réception de la commande',	1,	NULL),
(142,	'order_supplier',	'external',	'BILLING',	'Contact fournisseur facturation commande',	1,	NULL),
(143,	'order_supplier',	'external',	'CUSTOMER',	'Contact fournisseur suivi commande',	1,	NULL),
(145,	'order_supplier',	'external',	'SHIPPING',	'Contact fournisseur livraison commande',	1,	NULL),
(160,	'project',	'internal',	'PROJECTLEADER',	'Chef de Projet',	1,	NULL),
(161,	'project',	'internal',	'PROJECTCONTRIBUTOR',	'Intervenant',	1,	NULL),
(170,	'project',	'external',	'PROJECTLEADER',	'Chef de Projet',	1,	NULL),
(171,	'project',	'external',	'PROJECTCONTRIBUTOR',	'Intervenant',	1,	NULL),
(180,	'project_task',	'internal',	'TASKEXECUTIVE',	'Responsable',	1,	NULL),
(181,	'project_task',	'internal',	'TASKCONTRIBUTOR',	'Intervenant',	1,	NULL),
(190,	'project_task',	'external',	'TASKEXECUTIVE',	'Responsable',	1,	NULL),
(191,	'project_task',	'external',	'TASKCONTRIBUTOR',	'Intervenant',	1,	NULL);

DROP TABLE IF EXISTS `llx_c_type_fees`;
CREATE TABLE `llx_c_type_fees` (
  `id` int(11) NOT NULL AUTO_INCREMENT,
  `code` varchar(12) NOT NULL,
  `libelle` varchar(30) DEFAULT NULL,
  `active` tinyint(4) NOT NULL DEFAULT '1',
  `module` varchar(32) DEFAULT NULL,
  PRIMARY KEY (`id`),
  UNIQUE KEY `uk_c_type_fees` (`code`)
) ENGINE=InnoDB DEFAULT CHARSET=utf8;

INSERT INTO `llx_c_type_fees` (`id`, `code`, `libelle`, `active`, `module`) VALUES
(1,	'TF_OTHER',	'Other',	1,	NULL),
(2,	'TF_TRIP',	'Trip',	1,	NULL),
(3,	'TF_LUNCH',	'Lunch',	1,	NULL);

DROP TABLE IF EXISTS `llx_c_ziptown`;
CREATE TABLE `llx_c_ziptown` (
  `rowid` int(11) NOT NULL AUTO_INCREMENT,
  `code` varchar(5) DEFAULT NULL,
  `fk_county` int(11) DEFAULT NULL,
  `fk_pays` int(11) NOT NULL DEFAULT '0',
  `zip` varchar(10) NOT NULL,
  `town` varchar(255) NOT NULL,
  `active` tinyint(4) NOT NULL DEFAULT '1',
  PRIMARY KEY (`rowid`),
  UNIQUE KEY `uk_ziptown_fk_pays` (`zip`,`town`,`fk_pays`),
  KEY `idx_c_ziptown_fk_county` (`fk_county`),
  KEY `idx_c_ziptown_fk_pays` (`fk_pays`),
  KEY `idx_c_ziptown_zip` (`zip`),
  CONSTRAINT `fk_c_ziptown_fk_county` FOREIGN KEY (`fk_county`) REFERENCES `llx_c_departements` (`rowid`),
  CONSTRAINT `fk_c_ziptown_fk_pays` FOREIGN KEY (`fk_pays`) REFERENCES `llx_c_pays` (`rowid`)
) ENGINE=InnoDB DEFAULT CHARSET=utf8;


DROP TABLE IF EXISTS `llx_deplacement`;
CREATE TABLE `llx_deplacement` (
  `rowid` int(11) NOT NULL AUTO_INCREMENT,
  `ref` varchar(30) DEFAULT NULL,
  `entity` int(11) NOT NULL DEFAULT '1',
  `datec` datetime NOT NULL,
  `tms` timestamp NULL DEFAULT NULL,
  `dated` datetime DEFAULT NULL,
  `fk_user` int(11) NOT NULL,
  `fk_user_author` int(11) DEFAULT NULL,
  `fk_user_modif` int(11) DEFAULT NULL,
  `type` varchar(12) NOT NULL,
  `fk_statut` int(11) NOT NULL DEFAULT '1',
  `km` double DEFAULT NULL,
  `fk_soc` int(11) DEFAULT NULL,
  `fk_projet` int(11) DEFAULT '0',
  `note_private` text,
  `note_public` text,
  `extraparams` varchar(255) DEFAULT NULL,
  PRIMARY KEY (`rowid`)
) ENGINE=InnoDB DEFAULT CHARSET=utf8;


DROP TABLE IF EXISTS `llx_document_generator`;
CREATE TABLE `llx_document_generator` (
  `rowid` int(10) unsigned NOT NULL,
  `name` varchar(255) NOT NULL,
  `classfile` varchar(255) NOT NULL,
  `class` varchar(255) NOT NULL,
  PRIMARY KEY (`rowid`)
) ENGINE=InnoDB DEFAULT CHARSET=utf8;


DROP TABLE IF EXISTS `llx_document_model`;
CREATE TABLE `llx_document_model` (
  `rowid` int(11) NOT NULL AUTO_INCREMENT,
  `nom` varchar(50) DEFAULT NULL,
  `entity` int(11) NOT NULL DEFAULT '1',
  `type` varchar(20) NOT NULL,
  `libelle` varchar(255) DEFAULT NULL,
  `description` text,
  PRIMARY KEY (`rowid`),
  UNIQUE KEY `uk_document_model` (`nom`,`type`,`entity`)
) ENGINE=InnoDB DEFAULT CHARSET=utf8;

INSERT INTO `llx_document_model` (`rowid`, `nom`, `entity`, `type`, `libelle`, `description`) VALUES
(6,	'crabe',	1,	'invoice',	NULL,	NULL),
(7,	'muscadet',	1,	'order_supplier',	NULL,	NULL);

DROP TABLE IF EXISTS `llx_domain`;
CREATE TABLE `llx_domain` (
  `rowid` int(11) NOT NULL AUTO_INCREMENT,
  `datec` datetime DEFAULT NULL,
  `label` varchar(255) DEFAULT NULL,
  `note` text,
  PRIMARY KEY (`rowid`)
) ENGINE=InnoDB DEFAULT CHARSET=utf8;


DROP TABLE IF EXISTS `llx_don`;
CREATE TABLE `llx_don` (
  `rowid` int(11) NOT NULL AUTO_INCREMENT,
  `ref` varchar(30) DEFAULT NULL,
  `entity` int(11) NOT NULL DEFAULT '1',
  `tms` timestamp NULL DEFAULT NULL,
  `fk_statut` smallint(6) NOT NULL DEFAULT '0',
  `datec` datetime DEFAULT NULL,
  `datedon` datetime DEFAULT NULL,
  `amount` double DEFAULT '0',
  `fk_paiement` int(11) DEFAULT NULL,
  `firstname` varchar(50) DEFAULT NULL,
  `lastname` varchar(50) DEFAULT NULL,
  `societe` varchar(50) DEFAULT NULL,
  `address` text,
  `zip` varchar(30) DEFAULT NULL,
  `town` varchar(50) DEFAULT NULL,
  `country` varchar(50) DEFAULT NULL,
  `email` varchar(255) DEFAULT NULL,
  `phone` varchar(24) DEFAULT NULL,
  `phone_mobile` varchar(24) DEFAULT NULL,
  `public` smallint(6) NOT NULL DEFAULT '1',
  `fk_don_projet` int(11) DEFAULT NULL,
  `fk_user_author` int(11) NOT NULL,
  `fk_user_valid` int(11) DEFAULT NULL,
  `note_private` text,
  `note_public` text,
  `model_pdf` varchar(255) DEFAULT NULL,
  `import_key` varchar(14) DEFAULT NULL,
  PRIMARY KEY (`rowid`)
) ENGINE=InnoDB DEFAULT CHARSET=utf8;


DROP TABLE IF EXISTS `llx_ecm_directories`;
CREATE TABLE `llx_ecm_directories` (
  `rowid` int(11) NOT NULL AUTO_INCREMENT,
  `label` varchar(64) NOT NULL,
  `entity` int(11) NOT NULL DEFAULT '1',
  `fk_parent` int(11) DEFAULT NULL,
  `description` varchar(255) NOT NULL,
  `cachenbofdoc` int(11) NOT NULL DEFAULT '0',
  `fullpath` varchar(255) DEFAULT NULL,
  `extraparams` varchar(255) DEFAULT NULL,
  `date_c` datetime DEFAULT NULL,
  `date_m` timestamp NULL DEFAULT NULL,
  `fk_user_c` int(11) DEFAULT NULL,
  `fk_user_m` int(11) DEFAULT NULL,
  `acl` text,
  PRIMARY KEY (`rowid`),
  UNIQUE KEY `idx_ecm_directories` (`label`,`fk_parent`,`entity`),
  KEY `idx_ecm_directories_fk_user_c` (`fk_user_c`),
  KEY `idx_ecm_directories_fk_user_m` (`fk_user_m`),
  CONSTRAINT `fk_ecm_directories_fk_user_c` FOREIGN KEY (`fk_user_c`) REFERENCES `llx_user` (`rowid`),
  CONSTRAINT `fk_ecm_directories_fk_user_m` FOREIGN KEY (`fk_user_m`) REFERENCES `llx_user` (`rowid`)
) ENGINE=InnoDB DEFAULT CHARSET=utf8;


DROP TABLE IF EXISTS `llx_element_contact`;
CREATE TABLE `llx_element_contact` (
  `rowid` int(11) NOT NULL AUTO_INCREMENT,
  `datecreate` datetime DEFAULT NULL,
  `statut` smallint(6) DEFAULT '5',
  `element_id` int(11) NOT NULL,
  `fk_c_type_contact` int(11) NOT NULL,
  `fk_socpeople` int(11) NOT NULL,
  PRIMARY KEY (`rowid`),
  UNIQUE KEY `idx_element_contact_idx1` (`element_id`,`fk_c_type_contact`,`fk_socpeople`),
  KEY `fk_element_contact_fk_c_type_contact` (`fk_c_type_contact`),
  KEY `idx_element_contact_fk_socpeople` (`fk_socpeople`),
  CONSTRAINT `fk_element_contact_fk_c_type_contact` FOREIGN KEY (`fk_c_type_contact`) REFERENCES `llx_c_type_contact` (`rowid`)
) ENGINE=InnoDB DEFAULT CHARSET=utf8;


DROP TABLE IF EXISTS `llx_element_element`;
CREATE TABLE `llx_element_element` (
  `rowid` int(11) NOT NULL AUTO_INCREMENT,
  `fk_source` int(11) NOT NULL,
  `sourcetype` varchar(32) NOT NULL,
  `fk_target` int(11) NOT NULL,
  `targettype` varchar(32) NOT NULL,
  PRIMARY KEY (`rowid`),
  UNIQUE KEY `idx_element_element_idx1` (`fk_source`,`sourcetype`,`fk_target`,`targettype`),
  KEY `idx_element_element_fk_target` (`fk_target`)
) ENGINE=InnoDB DEFAULT CHARSET=utf8;


DROP TABLE IF EXISTS `llx_element_lock`;
CREATE TABLE `llx_element_lock` (
  `rowid` int(11) NOT NULL AUTO_INCREMENT,
  `fk_element` int(11) NOT NULL,
  `elementtype` varchar(32) NOT NULL,
  `datel` datetime DEFAULT NULL,
  `datem` datetime DEFAULT NULL,
  `sessionid` varchar(255) DEFAULT NULL,
  PRIMARY KEY (`rowid`)
) ENGINE=InnoDB DEFAULT CHARSET=utf8;


DROP TABLE IF EXISTS `llx_element_tag`;
CREATE TABLE `llx_element_tag` (
  `rowid` int(11) NOT NULL AUTO_INCREMENT,
  `entity` int(11) NOT NULL DEFAULT '1',
  `lang` varchar(5) NOT NULL,
  `tag` varchar(255) NOT NULL,
  `fk_element` int(11) NOT NULL,
  `element` varchar(64) NOT NULL,
  PRIMARY KEY (`rowid`),
  UNIQUE KEY `uk_element_tag` (`entity`,`lang`,`tag`,`fk_element`,`element`)
) ENGINE=InnoDB DEFAULT CHARSET=utf8;


DROP TABLE IF EXISTS `llx_entrepot`;
CREATE TABLE `llx_entrepot` (
  `rowid` int(11) NOT NULL AUTO_INCREMENT,
  `datec` datetime DEFAULT NULL,
  `tms` timestamp NULL DEFAULT NULL,
  `label` varchar(255) NOT NULL,
  `entity` int(11) NOT NULL DEFAULT '1',
  `description` text,
  `lieu` varchar(64) DEFAULT NULL,
  `address` varchar(255) DEFAULT NULL,
  `zip` varchar(10) DEFAULT NULL,
  `town` varchar(50) DEFAULT NULL,
  `fk_departement` int(11) DEFAULT NULL,
  `fk_pays` int(11) DEFAULT '0',
  `statut` tinyint(4) DEFAULT '1',
  `valo_pmp` float(12,4) DEFAULT NULL,
  `fk_user_author` int(11) DEFAULT NULL,
  `import_key` varchar(14) DEFAULT NULL,
  PRIMARY KEY (`rowid`),
  UNIQUE KEY `uk_entrepot_label` (`label`,`entity`)
) ENGINE=InnoDB DEFAULT CHARSET=utf8;


DROP TABLE IF EXISTS `llx_events`;
CREATE TABLE `llx_events` (
  `rowid` int(11) NOT NULL AUTO_INCREMENT,
  `tms` timestamp NULL DEFAULT NULL,
  `type` varchar(32) NOT NULL,
  `entity` int(11) NOT NULL DEFAULT '1',
  `dateevent` datetime DEFAULT NULL,
  `fk_user` int(11) DEFAULT NULL,
  `description` varchar(250) NOT NULL,
  `ip` varchar(32) NOT NULL,
  `user_agent` varchar(255) DEFAULT NULL,
  `fk_object` int(11) DEFAULT NULL,
  PRIMARY KEY (`rowid`),
  KEY `idx_events_dateevent` (`dateevent`)
) ENGINE=InnoDB DEFAULT CHARSET=utf8;


DROP TABLE IF EXISTS `llx_event_element`;
CREATE TABLE `llx_event_element` (
  `rowid` int(11) NOT NULL AUTO_INCREMENT,
  `fk_source` int(11) NOT NULL,
  `fk_target` int(11) NOT NULL,
  `targettype` varchar(32) NOT NULL,
  PRIMARY KEY (`rowid`)
) ENGINE=InnoDB DEFAULT CHARSET=utf8;


DROP TABLE IF EXISTS `llx_expedition`;
CREATE TABLE `llx_expedition` (
  `rowid` int(11) NOT NULL AUTO_INCREMENT,
  `tms` timestamp NULL DEFAULT NULL,
  `ref` varchar(30) NOT NULL,
  `entity` int(11) NOT NULL DEFAULT '1',
  `fk_soc` int(11) NOT NULL,
  `ref_ext` varchar(30) DEFAULT NULL,
  `ref_int` varchar(30) DEFAULT NULL,
  `ref_customer` varchar(30) DEFAULT NULL,
  `date_creation` datetime DEFAULT NULL,
  `fk_user_author` int(11) DEFAULT NULL,
  `date_valid` datetime DEFAULT NULL,
  `fk_user_valid` int(11) DEFAULT NULL,
  `date_expedition` datetime DEFAULT NULL,
  `date_delivery` datetime DEFAULT NULL,
  `fk_address` int(11) DEFAULT NULL,
  `fk_shipping_method` int(11) DEFAULT NULL,
  `tracking_number` varchar(50) DEFAULT NULL,
  `fk_statut` smallint(6) DEFAULT '0',
  `height` int(11) DEFAULT NULL,
  `width` int(11) DEFAULT NULL,
  `size_units` int(11) DEFAULT NULL,
  `size` int(11) DEFAULT NULL,
  `weight_units` int(11) DEFAULT NULL,
  `weight` int(11) DEFAULT NULL,
  `note_private` text,
  `note_public` text,
  `model_pdf` varchar(255) DEFAULT NULL,
  PRIMARY KEY (`rowid`),
  UNIQUE KEY `idx_expedition_uk_ref` (`ref`,`entity`),
  KEY `idx_expedition_fk_soc` (`fk_soc`),
  KEY `idx_expedition_fk_user_author` (`fk_user_author`),
  KEY `idx_expedition_fk_user_valid` (`fk_user_valid`),
  KEY `idx_expedition_fk_shipping_method` (`fk_shipping_method`),
  CONSTRAINT `fk_expedition_fk_shipping_method` FOREIGN KEY (`fk_shipping_method`) REFERENCES `llx_c_shipment_mode` (`rowid`),
  CONSTRAINT `fk_expedition_fk_soc` FOREIGN KEY (`fk_soc`) REFERENCES `llx_societe` (`rowid`),
  CONSTRAINT `fk_expedition_fk_user_author` FOREIGN KEY (`fk_user_author`) REFERENCES `llx_user` (`rowid`),
  CONSTRAINT `fk_expedition_fk_user_valid` FOREIGN KEY (`fk_user_valid`) REFERENCES `llx_user` (`rowid`)
) ENGINE=InnoDB DEFAULT CHARSET=utf8;


DROP TABLE IF EXISTS `llx_expeditiondet`;
CREATE TABLE `llx_expeditiondet` (
  `rowid` int(11) NOT NULL AUTO_INCREMENT,
  `fk_expedition` int(11) NOT NULL,
  `fk_origin_line` int(11) DEFAULT NULL,
  `fk_entrepot` int(11) DEFAULT NULL,
  `qty` double DEFAULT NULL,
  `rang` int(11) DEFAULT '0',
  PRIMARY KEY (`rowid`),
  KEY `idx_expeditiondet_fk_expedition` (`fk_expedition`),
  CONSTRAINT `fk_expeditiondet_fk_expedition` FOREIGN KEY (`fk_expedition`) REFERENCES `llx_expedition` (`rowid`)
) ENGINE=InnoDB DEFAULT CHARSET=utf8;


DROP TABLE IF EXISTS `llx_export_compta`;
CREATE TABLE `llx_export_compta` (
  `rowid` int(11) NOT NULL AUTO_INCREMENT,
  `ref` varchar(12) NOT NULL,
  `date_export` datetime NOT NULL,
  `fk_user` int(11) NOT NULL,
  `note` text,
  PRIMARY KEY (`rowid`)
) ENGINE=InnoDB DEFAULT CHARSET=utf8;


DROP TABLE IF EXISTS `llx_export_model`;
CREATE TABLE `llx_export_model` (
  `rowid` int(11) NOT NULL AUTO_INCREMENT,
  `fk_user` int(11) NOT NULL DEFAULT '0',
  `label` varchar(50) NOT NULL,
  `type` varchar(20) NOT NULL,
  `field` text NOT NULL,
  `filter` text,
  PRIMARY KEY (`rowid`),
  UNIQUE KEY `uk_export_model` (`label`,`type`)
) ENGINE=InnoDB DEFAULT CHARSET=utf8;


DROP TABLE IF EXISTS `llx_extrafields`;
CREATE TABLE `llx_extrafields` (
  `rowid` int(11) NOT NULL AUTO_INCREMENT,
  `name` varchar(64) NOT NULL,
  `entity` int(11) NOT NULL DEFAULT '1',
  `elementtype` varchar(64) NOT NULL DEFAULT 'member',
  `tms` timestamp NULL DEFAULT NULL,
  `label` varchar(255) NOT NULL,
  `type` varchar(8) DEFAULT NULL,
  `size` varchar(8) DEFAULT NULL,
  `fieldunique` int(11) DEFAULT '0',
  `fieldrequired` int(11) DEFAULT '0',
  `pos` int(11) DEFAULT '0',
  `param` text,
  PRIMARY KEY (`rowid`),
  UNIQUE KEY `uk_extrafields_name` (`name`,`entity`,`elementtype`)
) ENGINE=InnoDB DEFAULT CHARSET=utf8;


DROP TABLE IF EXISTS `llx_facture`;
CREATE TABLE `llx_facture` (
  `rowid` int(11) NOT NULL AUTO_INCREMENT,
  `facnumber` varchar(30) NOT NULL,
  `entity` int(11) NOT NULL DEFAULT '1',
  `ref_ext` varchar(255) DEFAULT NULL,
  `ref_int` varchar(255) DEFAULT NULL,
  `ref_client` varchar(255) DEFAULT NULL,
  `type` smallint(6) NOT NULL DEFAULT '0',
  `increment` varchar(10) DEFAULT NULL,
  `fk_soc` int(11) NOT NULL,
  `datec` datetime DEFAULT NULL,
  `datef` date DEFAULT NULL,
  `date_valid` date DEFAULT NULL,
  `tms` timestamp NULL DEFAULT NULL,
  `paye` smallint(6) NOT NULL DEFAULT '0',
  `amount` double(24,8) NOT NULL DEFAULT '0.00000000',
  `remise_percent` double DEFAULT '0',
  `remise_absolue` double DEFAULT '0',
  `remise` double DEFAULT '0',
  `close_code` varchar(16) DEFAULT NULL,
  `close_note` varchar(128) DEFAULT NULL,
  `tva` double(24,8) DEFAULT '0.00000000',
  `localtax1` double(24,8) DEFAULT '0.00000000',
  `localtax2` double(24,8) DEFAULT '0.00000000',
  `revenuestamp` double(24,8) DEFAULT '0.00000000',
  `total` double(24,8) DEFAULT '0.00000000',
  `total_ttc` double(24,8) DEFAULT '0.00000000',
  `fk_statut` smallint(6) NOT NULL DEFAULT '0',
  `fk_user_author` int(11) DEFAULT NULL,
  `fk_user_valid` int(11) DEFAULT NULL,
  `fk_facture_source` int(11) DEFAULT NULL,
  `fk_projet` int(11) DEFAULT NULL,
  `fk_account` int(11) DEFAULT NULL,
  `fk_currency` varchar(2) DEFAULT NULL,
  `fk_cond_reglement` int(11) NOT NULL DEFAULT '1',
  `fk_mode_reglement` int(11) DEFAULT NULL,
  `date_lim_reglement` date DEFAULT NULL,
  `note_private` text,
  `note_public` text,
  `model_pdf` varchar(255) DEFAULT NULL,
  `import_key` varchar(14) DEFAULT NULL,
  `extraparams` varchar(255) DEFAULT NULL,
  PRIMARY KEY (`rowid`),
  UNIQUE KEY `idx_facture_uk_facnumber` (`facnumber`,`entity`),
  KEY `idx_facture_fk_soc` (`fk_soc`),
  KEY `idx_facture_fk_user_author` (`fk_user_author`),
  KEY `idx_facture_fk_user_valid` (`fk_user_valid`),
  KEY `idx_facture_fk_facture_source` (`fk_facture_source`),
  KEY `idx_facture_fk_projet` (`fk_projet`),
  KEY `idx_facture_fk_account` (`fk_account`),
  KEY `idx_facture_fk_currency` (`fk_currency`),
  CONSTRAINT `fk_facture_fk_facture_source` FOREIGN KEY (`fk_facture_source`) REFERENCES `llx_facture` (`rowid`),
  CONSTRAINT `fk_facture_fk_projet` FOREIGN KEY (`fk_projet`) REFERENCES `llx_projet` (`rowid`),
  CONSTRAINT `fk_facture_fk_soc` FOREIGN KEY (`fk_soc`) REFERENCES `llx_societe` (`rowid`),
  CONSTRAINT `fk_facture_fk_user_author` FOREIGN KEY (`fk_user_author`) REFERENCES `llx_user` (`rowid`),
  CONSTRAINT `fk_facture_fk_user_valid` FOREIGN KEY (`fk_user_valid`) REFERENCES `llx_user` (`rowid`)
) ENGINE=InnoDB DEFAULT CHARSET=utf8;

INSERT INTO `llx_facture` (`rowid`, `facnumber`, `entity`, `ref_ext`, `ref_int`, `ref_client`, `type`, `increment`, `fk_soc`, `datec`, `datef`, `date_valid`, `tms`, `paye`, `amount`, `remise_percent`, `remise_absolue`, `remise`, `close_code`, `close_note`, `tva`, `localtax1`, `localtax2`, `revenuestamp`, `total`, `total_ttc`, `fk_statut`, `fk_user_author`, `fk_user_valid`, `fk_facture_source`, `fk_projet`, `fk_account`, `fk_currency`, `fk_cond_reglement`, `fk_mode_reglement`, `date_lim_reglement`, `note_private`, `note_public`, `model_pdf`, `import_key`, `extraparams`) VALUES
(1,	'FA1410-0001',	1,	NULL,	NULL,	NULL,	0,	NULL,	1,	'2014-10-12 19:17:48',	'2014-10-12',	'2014-10-12',	NULL,	0,	0.00000000,	NULL,	NULL,	0,	NULL,	NULL,	1.75000000,	0.00000000,	0.00000000,	0.00000000,	20.00000000,	21.75000000,	1,	1,	1,	NULL,	NULL,	NULL,	NULL,	1,	0,	'2014-10-12',	NULL,	NULL,	'crabe',	NULL,	NULL),
(3,	'(PROV3)',	1,	NULL,	NULL,	NULL,	0,	NULL,	2,	'2014-10-13 00:23:08',	'2014-10-13',	NULL,	NULL,	0,	0.00000000,	NULL,	NULL,	0,	NULL,	NULL,	0.00000000,	0.00000000,	0.00000000,	0.00000000,	0.00000000,	0.00000000,	0,	1,	NULL,	NULL,	NULL,	NULL,	NULL,	1,	0,	'2014-10-13',	NULL,	NULL,	'crabe',	NULL,	NULL),
(4,	'(PROV4)',	1,	NULL,	NULL,	NULL,	0,	NULL,	8,	'2014-10-13 00:23:24',	'2014-10-13',	NULL,	NULL,	0,	0.00000000,	NULL,	NULL,	0,	NULL,	NULL,	0.20000000,	0.00000000,	0.00000000,	0.00000000,	10.00000000,	10.20000000,	0,	1,	NULL,	NULL,	NULL,	NULL,	NULL,	1,	0,	'2014-10-13',	NULL,	NULL,	'crabe',	NULL,	NULL),
(5,	'(PROV5)',	1,	NULL,	NULL,	NULL,	0,	NULL,	5,	'2014-10-13 00:24:15',	'2014-10-13',	NULL,	NULL,	0,	0.00000000,	NULL,	NULL,	0,	NULL,	NULL,	0.70000000,	0.00000000,	0.00000000,	0.00000000,	15.00000000,	15.70000000,	0,	1,	NULL,	NULL,	NULL,	NULL,	NULL,	1,	0,	'2014-10-13',	NULL,	NULL,	'crabe',	NULL,	NULL);

DROP TABLE IF EXISTS `llx_facturedet`;
CREATE TABLE `llx_facturedet` (
  `rowid` int(11) NOT NULL AUTO_INCREMENT,
  `fk_facture` int(11) NOT NULL,
  `fk_parent_line` int(11) DEFAULT NULL,
  `fk_product` int(11) DEFAULT NULL,
  `label` varchar(255) DEFAULT NULL,
  `description` text,
  `tva_tx` double(6,3) DEFAULT NULL,
  `localtax1_tx` double(6,3) DEFAULT '0.000',
  `localtax1_type` varchar(10) DEFAULT NULL,
  `localtax2_tx` double(6,3) DEFAULT '0.000',
  `localtax2_type` varchar(10) DEFAULT NULL,
  `qty` double DEFAULT NULL,
  `remise_percent` double DEFAULT '0',
  `remise` double DEFAULT '0',
  `fk_remise_except` int(11) DEFAULT NULL,
  `subprice` double(24,8) DEFAULT NULL,
  `price` double(24,8) DEFAULT NULL,
  `total_ht` double(24,8) DEFAULT NULL,
  `total_tva` double(24,8) DEFAULT NULL,
  `total_localtax1` double(24,8) DEFAULT '0.00000000',
  `total_localtax2` double(24,8) DEFAULT '0.00000000',
  `total_ttc` double(24,8) DEFAULT NULL,
  `product_type` int(11) DEFAULT '0',
  `date_start` datetime DEFAULT NULL,
  `date_end` datetime DEFAULT NULL,
  `info_bits` int(11) DEFAULT '0',
  `buy_price_ht` double(24,8) DEFAULT '0.00000000',
  `fk_product_fournisseur_price` int(11) DEFAULT NULL,
  `fk_code_ventilation` int(11) NOT NULL DEFAULT '0',
  `special_code` int(10) unsigned DEFAULT '0',
  `rang` int(11) DEFAULT '0',
  `import_key` varchar(14) DEFAULT NULL,
  PRIMARY KEY (`rowid`),
  UNIQUE KEY `uk_fk_remise_except` (`fk_remise_except`,`fk_facture`),
  KEY `idx_facturedet_fk_facture` (`fk_facture`),
  KEY `idx_facturedet_fk_product` (`fk_product`),
  CONSTRAINT `fk_facturedet_fk_facture` FOREIGN KEY (`fk_facture`) REFERENCES `llx_facture` (`rowid`)
) ENGINE=InnoDB DEFAULT CHARSET=utf8;

INSERT INTO `llx_facturedet` (`rowid`, `fk_facture`, `fk_parent_line`, `fk_product`, `label`, `description`, `tva_tx`, `localtax1_tx`, `localtax1_type`, `localtax2_tx`, `localtax2_type`, `qty`, `remise_percent`, `remise`, `fk_remise_except`, `subprice`, `price`, `total_ht`, `total_tva`, `total_localtax1`, `total_localtax2`, `total_ttc`, `product_type`, `date_start`, `date_end`, `info_bits`, `buy_price_ht`, `fk_product_fournisseur_price`, `fk_code_ventilation`, `special_code`, `rang`, `import_key`) VALUES
(1,	1,	NULL,	1,	NULL,	'',	21.000,	0.000,	'3',	0.000,	'1',	1,	0,	0,	NULL,	5.00000000,	NULL,	5.00000000,	1.05000000,	0.00000000,	0.00000000,	6.05000000,	0,	NULL,	NULL,	0,	0.00000000,	NULL,	0,	0,	1,	NULL),
(2,	1,	NULL,	2,	NULL,	'',	10.000,	0.000,	'3',	0.000,	'1',	1,	0,	0,	NULL,	5.00000000,	NULL,	5.00000000,	0.50000000,	0.00000000,	0.00000000,	5.50000000,	0,	NULL,	NULL,	0,	0.00000000,	NULL,	0,	0,	2,	NULL),
(3,	1,	NULL,	3,	NULL,	'',	4.000,	0.000,	'3',	0.000,	'1',	1,	0,	0,	NULL,	5.00000000,	NULL,	5.00000000,	0.20000000,	0.00000000,	0.00000000,	5.20000000,	0,	NULL,	NULL,	0,	0.00000000,	NULL,	0,	0,	3,	NULL),
(4,	1,	NULL,	4,	NULL,	'',	0.000,	0.000,	'3',	0.000,	'1',	1,	0,	0,	NULL,	5.00000000,	NULL,	5.00000000,	0.00000000,	0.00000000,	0.00000000,	5.00000000,	0,	NULL,	NULL,	0,	0.00000000,	NULL,	0,	0,	4,	NULL),
(11,	4,	NULL,	4,	NULL,	'',	0.000,	0.000,	'3',	-21.000,	'1',	1,	0,	0,	NULL,	5.00000000,	NULL,	5.00000000,	0.00000000,	0.00000000,	0.00000000,	5.00000000,	0,	NULL,	NULL,	0,	0.00000000,	NULL,	0,	0,	1,	NULL),
(12,	4,	NULL,	3,	NULL,	'',	4.000,	0.000,	'3',	-21.000,	'1',	1,	0,	0,	NULL,	5.00000000,	NULL,	5.00000000,	0.20000000,	0.00000000,	0.00000000,	5.20000000,	0,	NULL,	NULL,	0,	0.00000000,	NULL,	0,	0,	2,	NULL),
(13,	5,	NULL,	4,	NULL,	'',	0.000,	0.000,	'3',	0.000,	'1',	1,	0,	0,	NULL,	5.00000000,	NULL,	5.00000000,	0.00000000,	0.00000000,	0.00000000,	5.00000000,	0,	NULL,	NULL,	0,	0.00000000,	NULL,	0,	0,	1,	NULL),
(14,	5,	NULL,	3,	NULL,	'',	4.000,	0.000,	'3',	0.000,	'1',	1,	0,	0,	NULL,	5.00000000,	NULL,	5.00000000,	0.20000000,	0.00000000,	0.00000000,	5.20000000,	0,	NULL,	NULL,	0,	0.00000000,	NULL,	0,	0,	2,	NULL),
(15,	5,	NULL,	2,	NULL,	'',	10.000,	0.000,	'3',	0.000,	'1',	1,	0,	0,	NULL,	5.00000000,	NULL,	5.00000000,	0.50000000,	0.00000000,	0.00000000,	5.50000000,	0,	NULL,	NULL,	0,	0.00000000,	NULL,	0,	0,	3,	NULL);

DROP TABLE IF EXISTS `llx_facturedet_extrafields`;
CREATE TABLE `llx_facturedet_extrafields` (
  `rowid` int(11) NOT NULL AUTO_INCREMENT,
  `tms` timestamp NULL DEFAULT NULL,
  `fk_object` int(11) NOT NULL,
  `import_key` varchar(14) DEFAULT NULL,
  PRIMARY KEY (`rowid`),
  KEY `idx_facturedet_extrafields` (`fk_object`)
) ENGINE=InnoDB DEFAULT CHARSET=utf8;


DROP TABLE IF EXISTS `llx_facturedet_rec`;
CREATE TABLE `llx_facturedet_rec` (
  `rowid` int(11) NOT NULL AUTO_INCREMENT,
  `fk_facture` int(11) NOT NULL,
  `fk_parent_line` int(11) DEFAULT NULL,
  `fk_product` int(11) DEFAULT NULL,
  `product_type` int(11) DEFAULT '0',
  `label` varchar(255) DEFAULT NULL,
  `description` text,
  `tva_tx` double(6,3) DEFAULT '19.600',
  `localtax1_tx` double(6,3) DEFAULT '0.000',
  `localtax1_type` varchar(10) DEFAULT NULL,
  `localtax2_tx` double(6,3) DEFAULT '0.000',
  `localtax2_type` varchar(10) DEFAULT NULL,
  `qty` double DEFAULT NULL,
  `remise_percent` double DEFAULT '0',
  `remise` double DEFAULT '0',
  `subprice` double(24,8) DEFAULT NULL,
  `price` double(24,8) DEFAULT NULL,
  `total_ht` double(24,8) DEFAULT NULL,
  `total_tva` double(24,8) DEFAULT NULL,
  `total_localtax1` double(24,8) DEFAULT '0.00000000',
  `total_localtax2` double(24,8) DEFAULT '0.00000000',
  `total_ttc` double(24,8) DEFAULT NULL,
  `info_bits` int(11) DEFAULT '0',
  `special_code` int(10) unsigned DEFAULT '0',
  `rang` int(11) DEFAULT '0',
  PRIMARY KEY (`rowid`)
) ENGINE=InnoDB DEFAULT CHARSET=utf8;


DROP TABLE IF EXISTS `llx_facture_extrafields`;
CREATE TABLE `llx_facture_extrafields` (
  `rowid` int(11) NOT NULL AUTO_INCREMENT,
  `tms` timestamp NULL DEFAULT NULL,
  `fk_object` int(11) NOT NULL,
  `import_key` varchar(14) DEFAULT NULL,
  PRIMARY KEY (`rowid`),
  KEY `idx_facture_extrafields` (`fk_object`)
) ENGINE=InnoDB DEFAULT CHARSET=utf8;


DROP TABLE IF EXISTS `llx_facture_fourn`;
CREATE TABLE `llx_facture_fourn` (
  `rowid` int(11) NOT NULL AUTO_INCREMENT,
  `ref` varchar(30) DEFAULT NULL,
  `ref_supplier` varchar(50) NOT NULL,
  `entity` int(11) NOT NULL DEFAULT '1',
  `ref_ext` varchar(30) DEFAULT NULL,
  `type` smallint(6) NOT NULL DEFAULT '0',
  `fk_soc` int(11) NOT NULL,
  `datec` datetime DEFAULT NULL,
  `datef` date DEFAULT NULL,
  `tms` timestamp NULL DEFAULT NULL,
  `libelle` varchar(255) DEFAULT NULL,
  `paye` smallint(6) NOT NULL DEFAULT '0',
  `amount` double(24,8) NOT NULL DEFAULT '0.00000000',
  `remise` double(24,8) DEFAULT '0.00000000',
  `close_code` varchar(16) DEFAULT NULL,
  `close_note` varchar(128) DEFAULT NULL,
  `tva` double(24,8) DEFAULT '0.00000000',
  `localtax1` double(24,8) DEFAULT '0.00000000',
  `localtax2` double(24,8) DEFAULT '0.00000000',
  `total` double(24,8) DEFAULT '0.00000000',
  `total_ht` double(24,8) DEFAULT '0.00000000',
  `total_tva` double(24,8) DEFAULT '0.00000000',
  `total_ttc` double(24,8) DEFAULT '0.00000000',
  `fk_statut` smallint(6) NOT NULL DEFAULT '0',
  `fk_user_author` int(11) DEFAULT NULL,
  `fk_user_valid` int(11) DEFAULT NULL,
  `fk_facture_source` int(11) DEFAULT NULL,
  `fk_projet` int(11) DEFAULT NULL,
  `fk_cond_reglement` int(11) DEFAULT NULL,
  `fk_mode_reglement` int(11) DEFAULT NULL,
  `date_lim_reglement` date DEFAULT NULL,
  `note_private` text,
  `note_public` text,
  `model_pdf` varchar(255) DEFAULT NULL,
  `import_key` varchar(14) DEFAULT NULL,
  `extraparams` varchar(255) DEFAULT NULL,
  PRIMARY KEY (`rowid`),
  UNIQUE KEY `uk_facture_fourn_ref_supplier` (`ref_supplier`,`fk_soc`,`entity`),
  UNIQUE KEY `uk_facture_fourn_ref` (`ref`,`entity`),
  KEY `idx_facture_fourn_date_lim_reglement` (`date_lim_reglement`),
  KEY `idx_facture_fourn_fk_soc` (`fk_soc`),
  KEY `idx_facture_fourn_fk_user_author` (`fk_user_author`),
  KEY `idx_facture_fourn_fk_user_valid` (`fk_user_valid`),
  KEY `idx_facture_fourn_fk_projet` (`fk_projet`),
  CONSTRAINT `fk_facture_fourn_fk_projet` FOREIGN KEY (`fk_projet`) REFERENCES `llx_projet` (`rowid`),
  CONSTRAINT `fk_facture_fourn_fk_soc` FOREIGN KEY (`fk_soc`) REFERENCES `llx_societe` (`rowid`),
  CONSTRAINT `fk_facture_fourn_fk_user_author` FOREIGN KEY (`fk_user_author`) REFERENCES `llx_user` (`rowid`),
  CONSTRAINT `fk_facture_fourn_fk_user_valid` FOREIGN KEY (`fk_user_valid`) REFERENCES `llx_user` (`rowid`)
) ENGINE=InnoDB DEFAULT CHARSET=utf8;

INSERT INTO `llx_facture_fourn` (`rowid`, `ref`, `ref_supplier`, `entity`, `ref_ext`, `type`, `fk_soc`, `datec`, `datef`, `tms`, `libelle`, `paye`, `amount`, `remise`, `close_code`, `close_note`, `tva`, `localtax1`, `localtax2`, `total`, `total_ht`, `total_tva`, `total_ttc`, `fk_statut`, `fk_user_author`, `fk_user_valid`, `fk_facture_source`, `fk_projet`, `fk_cond_reglement`, `fk_mode_reglement`, `date_lim_reglement`, `note_private`, `note_public`, `model_pdf`, `import_key`, `extraparams`) VALUES
(1,	'SI1410-0001',	'PROV',	1,	NULL,	0,	3,	'2014-10-13 00:36:18',	'2014-10-13',	NULL,	'',	0,	0.00000000,	0.00000000,	NULL,	NULL,	0.00000000,	0.00000000,	0.00000000,	0.00000000,	12.00000000,	1.05000000,	13.05000000,	1,	1,	1,	NULL,	NULL,	1,	0,	NULL,	'',	'',	NULL,	NULL,	NULL);

DROP TABLE IF EXISTS `llx_facture_fourn_det`;
CREATE TABLE `llx_facture_fourn_det` (
  `rowid` int(11) NOT NULL AUTO_INCREMENT,
  `fk_facture_fourn` int(11) NOT NULL,
  `fk_product` int(11) DEFAULT NULL,
  `ref` varchar(50) DEFAULT NULL,
  `label` varchar(255) DEFAULT NULL,
  `description` text,
  `pu_ht` double(24,8) DEFAULT NULL,
  `pu_ttc` double(24,8) DEFAULT NULL,
  `qty` double DEFAULT NULL,
  `remise_percent` double DEFAULT '0',
  `tva_tx` double(6,3) DEFAULT NULL,
  `localtax1_tx` double(6,3) DEFAULT '0.000',
  `localtax1_type` varchar(10) DEFAULT NULL,
  `localtax2_tx` double(6,3) DEFAULT '0.000',
  `localtax2_type` varchar(10) DEFAULT NULL,
  `total_ht` double(24,8) DEFAULT NULL,
  `tva` double(24,8) DEFAULT NULL,
  `total_localtax1` double(24,8) DEFAULT '0.00000000',
  `total_localtax2` double(24,8) DEFAULT '0.00000000',
  `total_ttc` double(24,8) DEFAULT NULL,
  `product_type` int(11) DEFAULT '0',
  `date_start` datetime DEFAULT NULL,
  `date_end` datetime DEFAULT NULL,
  `info_bits` int(11) DEFAULT '0',
  `fk_code_ventilation` int(11) NOT NULL DEFAULT '0',
  `import_key` varchar(14) DEFAULT NULL,
  PRIMARY KEY (`rowid`),
  KEY `idx_facture_fourn_det_fk_facture` (`fk_facture_fourn`),
  CONSTRAINT `fk_facture_fourn_det_fk_facture` FOREIGN KEY (`fk_facture_fourn`) REFERENCES `llx_facture_fourn` (`rowid`)
) ENGINE=InnoDB DEFAULT CHARSET=utf8;

INSERT INTO `llx_facture_fourn_det` (`rowid`, `fk_facture_fourn`, `fk_product`, `ref`, `label`, `description`, `pu_ht`, `pu_ttc`, `qty`, `remise_percent`, `tva_tx`, `localtax1_tx`, `localtax1_type`, `localtax2_tx`, `localtax2_type`, `total_ht`, `tva`, `total_localtax1`, `total_localtax2`, `total_ttc`, `product_type`, `date_start`, `date_end`, `info_bits`, `fk_code_ventilation`, `import_key`) VALUES
(1,	1,	1,	NULL,	NULL,	'',	3.00000000,	3.63000000,	1,	0,	21.000,	0.000,	'3',	0.000,	'1',	3.00000000,	0.63000000,	0.00000000,	0.00000000,	3.63000000,	0,	NULL,	NULL,	0,	0,	NULL),
(2,	1,	2,	NULL,	NULL,	'',	3.00000000,	3.30000000,	1,	0,	10.000,	0.000,	'3',	0.000,	'1',	3.00000000,	0.30000000,	0.00000000,	0.00000000,	3.30000000,	0,	NULL,	NULL,	0,	0,	NULL),
(3,	1,	3,	NULL,	NULL,	'',	3.00000000,	3.12000000,	1,	0,	4.000,	0.000,	'3',	0.000,	'1',	3.00000000,	0.12000000,	0.00000000,	0.00000000,	3.12000000,	0,	NULL,	NULL,	0,	0,	NULL),
(4,	1,	4,	NULL,	NULL,	'',	3.00000000,	3.00000000,	1,	0,	0.000,	0.000,	'3',	0.000,	'1',	3.00000000,	0.00000000,	0.00000000,	0.00000000,	3.00000000,	0,	NULL,	NULL,	0,	0,	NULL);

DROP TABLE IF EXISTS `llx_facture_fourn_extrafields`;
CREATE TABLE `llx_facture_fourn_extrafields` (
  `rowid` int(11) NOT NULL AUTO_INCREMENT,
  `tms` timestamp NULL DEFAULT NULL,
  `fk_object` int(11) NOT NULL,
  `import_key` varchar(14) DEFAULT NULL,
  PRIMARY KEY (`rowid`),
  KEY `idx_facture_fourn_extrafields` (`fk_object`)
) ENGINE=InnoDB DEFAULT CHARSET=utf8;


DROP TABLE IF EXISTS `llx_facture_rec`;
CREATE TABLE `llx_facture_rec` (
  `rowid` int(11) NOT NULL AUTO_INCREMENT,
  `titre` varchar(50) NOT NULL,
  `entity` int(11) NOT NULL DEFAULT '1',
  `fk_soc` int(11) NOT NULL,
  `datec` datetime DEFAULT NULL,
  `amount` double(24,8) NOT NULL DEFAULT '0.00000000',
  `remise` double DEFAULT '0',
  `remise_percent` double DEFAULT '0',
  `remise_absolue` double DEFAULT '0',
  `tva` double(24,8) DEFAULT '0.00000000',
  `localtax1` double(24,8) DEFAULT '0.00000000',
  `localtax2` double(24,8) DEFAULT '0.00000000',
  `total` double(24,8) DEFAULT '0.00000000',
  `total_ttc` double(24,8) DEFAULT '0.00000000',
  `fk_user_author` int(11) DEFAULT NULL,
  `fk_projet` int(11) DEFAULT NULL,
  `fk_cond_reglement` int(11) DEFAULT '0',
  `fk_mode_reglement` int(11) DEFAULT '0',
  `date_lim_reglement` date DEFAULT NULL,
  `note_private` text,
  `note_public` text,
  `usenewprice` int(11) DEFAULT NULL,
  `frequency` int(11) DEFAULT NULL,
  `unit_frequency` varchar(2) DEFAULT 'd',
  `date_when` datetime DEFAULT NULL,
  `date_last_gen` datetime DEFAULT NULL,
  `nb_gen_done` int(11) DEFAULT NULL,
  `nb_gen_max` int(11) DEFAULT NULL,
  PRIMARY KEY (`rowid`),
  UNIQUE KEY `idx_facture_rec_uk_titre` (`titre`,`entity`),
  KEY `idx_facture_rec_fk_soc` (`fk_soc`),
  KEY `idx_facture_rec_fk_user_author` (`fk_user_author`),
  KEY `idx_facture_rec_fk_projet` (`fk_projet`),
  CONSTRAINT `fk_facture_rec_fk_projet` FOREIGN KEY (`fk_projet`) REFERENCES `llx_projet` (`rowid`),
  CONSTRAINT `fk_facture_rec_fk_soc` FOREIGN KEY (`fk_soc`) REFERENCES `llx_societe` (`rowid`),
  CONSTRAINT `fk_facture_rec_fk_user_author` FOREIGN KEY (`fk_user_author`) REFERENCES `llx_user` (`rowid`)
) ENGINE=InnoDB DEFAULT CHARSET=utf8;


DROP TABLE IF EXISTS `llx_fichinter`;
CREATE TABLE `llx_fichinter` (
  `rowid` int(11) NOT NULL AUTO_INCREMENT,
  `fk_soc` int(11) NOT NULL,
  `fk_projet` int(11) DEFAULT '0',
  `fk_contrat` int(11) DEFAULT '0',
  `ref` varchar(30) NOT NULL,
  `entity` int(11) NOT NULL DEFAULT '1',
  `tms` timestamp NULL DEFAULT NULL,
  `datec` datetime DEFAULT NULL,
  `date_valid` datetime DEFAULT NULL,
  `datei` date DEFAULT NULL,
  `fk_user_author` int(11) DEFAULT NULL,
  `fk_user_valid` int(11) DEFAULT NULL,
  `fk_statut` smallint(6) DEFAULT '0',
  `duree` double DEFAULT NULL,
  `description` text,
  `note_private` text,
  `note_public` text,
  `model_pdf` varchar(255) DEFAULT NULL,
  `extraparams` varchar(255) DEFAULT NULL,
  PRIMARY KEY (`rowid`),
  UNIQUE KEY `uk_fichinter_ref` (`ref`,`entity`),
  KEY `idx_fichinter_fk_soc` (`fk_soc`),
  CONSTRAINT `fk_fichinter_fk_soc` FOREIGN KEY (`fk_soc`) REFERENCES `llx_societe` (`rowid`)
) ENGINE=InnoDB DEFAULT CHARSET=utf8;


DROP TABLE IF EXISTS `llx_fichinterdet`;
CREATE TABLE `llx_fichinterdet` (
  `rowid` int(11) NOT NULL AUTO_INCREMENT,
  `fk_fichinter` int(11) DEFAULT NULL,
  `fk_parent_line` int(11) DEFAULT NULL,
  `date` datetime DEFAULT NULL,
  `description` text,
  `duree` int(11) DEFAULT NULL,
  `rang` int(11) DEFAULT '0',
  PRIMARY KEY (`rowid`),
  KEY `idx_fichinterdet_fk_fichinter` (`fk_fichinter`),
  CONSTRAINT `fk_fichinterdet_fk_fichinter` FOREIGN KEY (`fk_fichinter`) REFERENCES `llx_fichinter` (`rowid`)
) ENGINE=InnoDB DEFAULT CHARSET=utf8;


DROP TABLE IF EXISTS `llx_fichinter_extrafields`;
CREATE TABLE `llx_fichinter_extrafields` (
  `rowid` int(11) NOT NULL AUTO_INCREMENT,
  `tms` timestamp NULL DEFAULT NULL,
  `fk_object` int(11) NOT NULL,
  `import_key` varchar(14) DEFAULT NULL,
  PRIMARY KEY (`rowid`),
  KEY `idx_ficheinter_extrafields` (`fk_object`)
) ENGINE=InnoDB DEFAULT CHARSET=utf8;


DROP TABLE IF EXISTS `llx_holiday`;
CREATE TABLE `llx_holiday` (
  `rowid` int(11) NOT NULL AUTO_INCREMENT,
  `fk_user` int(11) NOT NULL,
  `date_create` datetime NOT NULL,
  `description` varchar(255) NOT NULL,
  `date_debut` date NOT NULL,
  `date_fin` date NOT NULL,
  `halfday` int(11) DEFAULT '0',
  `statut` int(11) NOT NULL DEFAULT '1',
  `fk_validator` int(11) NOT NULL,
  `date_valid` datetime DEFAULT NULL,
  `fk_user_valid` int(11) DEFAULT NULL,
  `date_refuse` datetime DEFAULT NULL,
  `fk_user_refuse` int(11) DEFAULT NULL,
  `date_cancel` datetime DEFAULT NULL,
  `fk_user_cancel` int(11) DEFAULT NULL,
  `detail_refuse` varchar(250) DEFAULT NULL,
  `note_private` text,
  `note_public` text,
  PRIMARY KEY (`rowid`),
  KEY `idx_holiday_fk_user` (`fk_user`),
  KEY `idx_holiday_date_debut` (`date_debut`),
  KEY `idx_holiday_date_fin` (`date_fin`)
) ENGINE=InnoDB DEFAULT CHARSET=utf8;


DROP TABLE IF EXISTS `llx_holiday_config`;
CREATE TABLE `llx_holiday_config` (
  `rowid` int(11) NOT NULL AUTO_INCREMENT,
  `name` varchar(255) NOT NULL,
  `value` text,
  PRIMARY KEY (`rowid`),
  UNIQUE KEY `name` (`name`)
) ENGINE=InnoDB DEFAULT CHARSET=utf8;

INSERT INTO `llx_holiday_config` (`rowid`, `name`, `value`) VALUES
(1,	'userGroup',	NULL),
(2,	'lastUpdate',	NULL),
(3,	'nbUser',	NULL),
(4,	'delayForRequest',	'31'),
(5,	'AlertValidatorDelay',	'0'),
(6,	'AlertValidatorSolde',	'0'),
(7,	'nbHolidayDeducted',	'1'),
(8,	'nbHolidayEveryMonth',	'2.08334');

DROP TABLE IF EXISTS `llx_holiday_events`;
CREATE TABLE `llx_holiday_events` (
  `rowid` int(11) NOT NULL AUTO_INCREMENT,
  `entity` int(11) NOT NULL DEFAULT '1',
  `name` varchar(255) NOT NULL,
  `value` text NOT NULL,
  PRIMARY KEY (`rowid`),
  UNIQUE KEY `uk_holiday_name` (`name`,`entity`)
) ENGINE=InnoDB DEFAULT CHARSET=utf8;


DROP TABLE IF EXISTS `llx_holiday_logs`;
CREATE TABLE `llx_holiday_logs` (
  `rowid` int(11) NOT NULL AUTO_INCREMENT,
  `date_action` datetime NOT NULL,
  `fk_user_action` int(11) NOT NULL,
  `fk_user_update` int(11) NOT NULL,
  `type_action` varchar(255) NOT NULL,
  `prev_solde` varchar(255) NOT NULL,
  `new_solde` varchar(255) NOT NULL,
  PRIMARY KEY (`rowid`)
) ENGINE=InnoDB DEFAULT CHARSET=utf8;


DROP TABLE IF EXISTS `llx_holiday_users`;
CREATE TABLE `llx_holiday_users` (
  `fk_user` int(11) NOT NULL,
  `nb_holiday` double NOT NULL DEFAULT '0',
  PRIMARY KEY (`fk_user`)
) ENGINE=InnoDB DEFAULT CHARSET=utf8;


DROP TABLE IF EXISTS `llx_import_model`;
CREATE TABLE `llx_import_model` (
  `rowid` int(11) NOT NULL AUTO_INCREMENT,
  `fk_user` int(11) NOT NULL DEFAULT '0',
  `label` varchar(50) NOT NULL,
  `type` varchar(20) NOT NULL,
  `field` text NOT NULL,
  PRIMARY KEY (`rowid`),
  UNIQUE KEY `uk_import_model` (`label`,`type`)
) ENGINE=InnoDB DEFAULT CHARSET=utf8;


DROP TABLE IF EXISTS `llx_keme_relvat`;
CREATE TABLE `llx_keme_relvat` (
  `id` int(10) unsigned NOT NULL AUTO_INCREMENT,
  `ref` varchar(5) NOT NULL,
  `ref_re` varchar(5) NOT NULL,
  `fk_vat` int(11) NOT NULL,
  PRIMARY KEY (`id`),
  UNIQUE KEY `fk_vat` (`fk_vat`)
) ENGINE=InnoDB DEFAULT CHARSET=utf8;

INSERT INTO `llx_keme_relvat` (`id`, `ref`, `ref_re`, `fk_vat`) VALUES
(1,	'GN',	'GNR',	41),
(2,	'RD',	'RD2',	42),
(3,	'SRD',	'SRD2',	43),
(4,	'',	'',	44);

DROP TABLE IF EXISTS `llx_links`;
CREATE TABLE `llx_links` (
  `rowid` int(11) NOT NULL AUTO_INCREMENT,
  `entity` int(11) NOT NULL DEFAULT '1',
  `datea` datetime NOT NULL,
  `url` varchar(255) NOT NULL,
  `label` varchar(255) NOT NULL,
  `objecttype` varchar(255) NOT NULL,
  `objectid` int(11) NOT NULL,
  PRIMARY KEY (`rowid`)
) ENGINE=InnoDB DEFAULT CHARSET=utf8;


DROP TABLE IF EXISTS `llx_livraison`;
CREATE TABLE `llx_livraison` (
  `rowid` int(11) NOT NULL AUTO_INCREMENT,
  `tms` timestamp NULL DEFAULT NULL,
  `ref` varchar(30) NOT NULL,
  `entity` int(11) NOT NULL DEFAULT '1',
  `fk_soc` int(11) NOT NULL,
  `ref_ext` varchar(30) DEFAULT NULL,
  `ref_int` varchar(30) DEFAULT NULL,
  `ref_customer` varchar(30) DEFAULT NULL,
  `date_creation` datetime DEFAULT NULL,
  `fk_user_author` int(11) DEFAULT NULL,
  `date_valid` datetime DEFAULT NULL,
  `fk_user_valid` int(11) DEFAULT NULL,
  `date_delivery` date DEFAULT NULL,
  `fk_address` int(11) DEFAULT NULL,
  `fk_statut` smallint(6) DEFAULT '0',
  `total_ht` double(24,8) DEFAULT '0.00000000',
  `note_private` text,
  `note_public` text,
  `model_pdf` varchar(255) DEFAULT NULL,
  PRIMARY KEY (`rowid`),
  UNIQUE KEY `idx_livraison_uk_ref` (`ref`,`entity`),
  KEY `idx_livraison_fk_soc` (`fk_soc`),
  KEY `idx_livraison_fk_user_author` (`fk_user_author`),
  KEY `idx_livraison_fk_user_valid` (`fk_user_valid`),
  CONSTRAINT `fk_livraison_fk_soc` FOREIGN KEY (`fk_soc`) REFERENCES `llx_societe` (`rowid`),
  CONSTRAINT `fk_livraison_fk_user_author` FOREIGN KEY (`fk_user_author`) REFERENCES `llx_user` (`rowid`),
  CONSTRAINT `fk_livraison_fk_user_valid` FOREIGN KEY (`fk_user_valid`) REFERENCES `llx_user` (`rowid`)
) ENGINE=InnoDB DEFAULT CHARSET=utf8;


DROP TABLE IF EXISTS `llx_livraisondet`;
CREATE TABLE `llx_livraisondet` (
  `rowid` int(11) NOT NULL AUTO_INCREMENT,
  `fk_livraison` int(11) DEFAULT NULL,
  `fk_origin_line` int(11) DEFAULT NULL,
  `fk_product` int(11) DEFAULT NULL,
  `description` text,
  `qty` double DEFAULT NULL,
  `subprice` double(24,8) DEFAULT '0.00000000',
  `total_ht` double(24,8) DEFAULT '0.00000000',
  `rang` int(11) DEFAULT '0',
  PRIMARY KEY (`rowid`),
  KEY `idx_livraisondet_fk_expedition` (`fk_livraison`),
  CONSTRAINT `fk_livraisondet_fk_livraison` FOREIGN KEY (`fk_livraison`) REFERENCES `llx_livraison` (`rowid`)
) ENGINE=InnoDB DEFAULT CHARSET=utf8;


DROP TABLE IF EXISTS `llx_localtax`;
CREATE TABLE `llx_localtax` (
  `rowid` int(11) NOT NULL AUTO_INCREMENT,
  `entity` int(11) NOT NULL DEFAULT '1',
  `tms` timestamp NULL DEFAULT NULL,
  `datep` date DEFAULT NULL,
  `datev` date DEFAULT NULL,
  `amount` double DEFAULT NULL,
  `label` varchar(255) DEFAULT NULL,
  `note` text,
  `fk_bank` int(11) DEFAULT NULL,
  `fk_user_creat` int(11) DEFAULT NULL,
  `fk_user_modif` int(11) DEFAULT NULL,
  PRIMARY KEY (`rowid`)
) ENGINE=InnoDB DEFAULT CHARSET=utf8;


DROP TABLE IF EXISTS `llx_mailing`;
CREATE TABLE `llx_mailing` (
  `rowid` int(11) NOT NULL AUTO_INCREMENT,
  `statut` smallint(6) DEFAULT '0',
  `titre` varchar(60) DEFAULT NULL,
  `entity` int(11) NOT NULL DEFAULT '1',
  `sujet` varchar(60) DEFAULT NULL,
  `body` mediumtext,
  `bgcolor` varchar(8) DEFAULT NULL,
  `bgimage` varchar(255) DEFAULT NULL,
  `cible` varchar(60) DEFAULT NULL,
  `nbemail` int(11) DEFAULT NULL,
  `email_from` varchar(160) DEFAULT NULL,
  `email_replyto` varchar(160) DEFAULT NULL,
  `email_errorsto` varchar(160) DEFAULT NULL,
  `tag` varchar(128) DEFAULT NULL,
  `date_creat` datetime DEFAULT NULL,
  `date_valid` datetime DEFAULT NULL,
  `date_appro` datetime DEFAULT NULL,
  `date_envoi` datetime DEFAULT NULL,
  `fk_user_creat` int(11) DEFAULT NULL,
  `fk_user_valid` int(11) DEFAULT NULL,
  `fk_user_appro` int(11) DEFAULT NULL,
  `extraparams` varchar(255) DEFAULT NULL,
  `joined_file1` varchar(255) DEFAULT NULL,
  `joined_file2` varchar(255) DEFAULT NULL,
  `joined_file3` varchar(255) DEFAULT NULL,
  `joined_file4` varchar(255) DEFAULT NULL,
  PRIMARY KEY (`rowid`)
) ENGINE=InnoDB DEFAULT CHARSET=utf8;


DROP TABLE IF EXISTS `llx_mailing_cibles`;
CREATE TABLE `llx_mailing_cibles` (
  `rowid` int(11) NOT NULL AUTO_INCREMENT,
  `fk_mailing` int(11) NOT NULL,
  `fk_contact` int(11) NOT NULL,
  `lastname` varchar(160) DEFAULT NULL,
  `firstname` varchar(160) DEFAULT NULL,
  `email` varchar(160) NOT NULL,
  `other` varchar(255) DEFAULT NULL,
  `tag` varchar(128) DEFAULT NULL,
  `statut` smallint(6) NOT NULL DEFAULT '0',
  `source_url` varchar(160) DEFAULT NULL,
  `source_id` int(11) DEFAULT NULL,
  `source_type` varchar(16) DEFAULT NULL,
  `date_envoi` datetime DEFAULT NULL,
  PRIMARY KEY (`rowid`),
  UNIQUE KEY `uk_mailing_cibles` (`fk_mailing`,`email`),
  KEY `idx_mailing_cibles_email` (`email`)
) ENGINE=InnoDB DEFAULT CHARSET=utf8;


DROP TABLE IF EXISTS `llx_menu`;
CREATE TABLE `llx_menu` (
  `rowid` int(11) NOT NULL AUTO_INCREMENT,
  `menu_handler` varchar(16) NOT NULL,
  `entity` int(11) NOT NULL DEFAULT '1',
  `module` varchar(64) DEFAULT NULL,
  `type` varchar(4) NOT NULL,
  `mainmenu` varchar(100) NOT NULL,
  `leftmenu` varchar(100) DEFAULT NULL,
  `fk_menu` int(11) NOT NULL,
  `fk_mainmenu` varchar(24) DEFAULT NULL,
  `fk_leftmenu` varchar(24) DEFAULT NULL,
  `position` int(11) NOT NULL,
  `url` varchar(255) NOT NULL,
  `target` varchar(100) DEFAULT NULL,
  `titre` varchar(255) NOT NULL,
  `langs` varchar(100) DEFAULT NULL,
  `level` smallint(6) DEFAULT NULL,
  `perms` varchar(255) DEFAULT NULL,
  `enabled` varchar(255) DEFAULT '1',
  `usertype` int(11) NOT NULL DEFAULT '0',
  `tms` timestamp NULL DEFAULT NULL,
  PRIMARY KEY (`rowid`),
  UNIQUE KEY `idx_menu_uk_menu` (`menu_handler`,`fk_menu`,`position`,`url`,`entity`),
  KEY `idx_menu_menuhandler_type` (`menu_handler`,`type`)
) ENGINE=InnoDB DEFAULT CHARSET=utf8;

INSERT INTO `llx_menu` (`rowid`, `menu_handler`, `entity`, `module`, `type`, `mainmenu`, `leftmenu`, `fk_menu`, `fk_mainmenu`, `fk_leftmenu`, `position`, `url`, `target`, `titre`, `langs`, `level`, `perms`, `enabled`, `usertype`, `tms`) VALUES
(1,	'all',	1,	'enlacekeme',	'left',	'accountancy',	NULL,	-1,	'accountancy',	NULL,	0,	'/enlacekeme/wizard.php',	'',	'Enlace contable',	'',	NULL,	'$user->rights->enlacekeme->export',	'$conf->enlacekeme->enabled',	0,	NULL);

DROP TABLE IF EXISTS `llx_notify`;
CREATE TABLE `llx_notify` (
  `rowid` int(11) NOT NULL AUTO_INCREMENT,
  `tms` timestamp NULL DEFAULT NULL,
  `daten` datetime DEFAULT NULL,
  `fk_action` int(11) NOT NULL,
  `fk_contact` int(11) DEFAULT NULL,
  `fk_user` int(11) DEFAULT NULL,
  `objet_type` varchar(24) NOT NULL,
  `objet_id` int(11) NOT NULL,
  `email` varchar(255) DEFAULT NULL,
  PRIMARY KEY (`rowid`)
) ENGINE=InnoDB DEFAULT CHARSET=utf8;


DROP TABLE IF EXISTS `llx_notify_def`;
CREATE TABLE `llx_notify_def` (
  `rowid` int(11) NOT NULL AUTO_INCREMENT,
  `tms` timestamp NULL DEFAULT NULL,
  `datec` date DEFAULT NULL,
  `fk_action` int(11) NOT NULL,
  `fk_soc` int(11) NOT NULL,
  `fk_contact` int(11) DEFAULT NULL,
  `fk_user` int(11) DEFAULT NULL,
  `type` varchar(16) DEFAULT 'email',
  PRIMARY KEY (`rowid`)
) ENGINE=InnoDB DEFAULT CHARSET=utf8;


DROP TABLE IF EXISTS `llx_opensurvey_comments`;
CREATE TABLE `llx_opensurvey_comments` (
  `id_comment` int(10) unsigned NOT NULL AUTO_INCREMENT,
  `id_sondage` char(16) NOT NULL,
  `comment` text NOT NULL,
  `tms` timestamp NULL DEFAULT NULL,
  `usercomment` text,
  PRIMARY KEY (`id_comment`),
  KEY `idx_id_comment` (`id_comment`),
  KEY `idx_id_sondage` (`id_sondage`)
) ENGINE=InnoDB DEFAULT CHARSET=utf8;


DROP TABLE IF EXISTS `llx_opensurvey_sondage`;
CREATE TABLE `llx_opensurvey_sondage` (
  `id_sondage` varchar(16) NOT NULL,
  `id_sondage_admin` varchar(24) DEFAULT NULL,
  `commentaires` text,
  `mail_admin` varchar(128) DEFAULT NULL,
  `nom_admin` varchar(64) DEFAULT NULL,
  `titre` text,
  `date_fin` datetime DEFAULT NULL,
  `format` varchar(2) DEFAULT NULL,
  `mailsonde` varchar(2) DEFAULT '0',
  `survey_link_visible` int(11) DEFAULT '1',
  `canedit` int(11) DEFAULT '0',
  `origin` varchar(64) DEFAULT NULL,
  `tms` timestamp NULL DEFAULT NULL,
  `sujet` text,
  PRIMARY KEY (`id_sondage`),
  KEY `idx_id_sondage_admin` (`id_sondage_admin`),
  KEY `idx_date_fin` (`date_fin`)
) ENGINE=InnoDB DEFAULT CHARSET=utf8;


DROP TABLE IF EXISTS `llx_opensurvey_user_studs`;
CREATE TABLE `llx_opensurvey_user_studs` (
  `id_users` int(11) NOT NULL AUTO_INCREMENT,
  `nom` varchar(64) NOT NULL,
  `id_sondage` varchar(16) NOT NULL,
  `reponses` varchar(100) NOT NULL,
  `tms` timestamp NULL DEFAULT NULL,
  PRIMARY KEY (`id_users`),
  KEY `idx_opensurvey_user_studs_id_users` (`id_users`),
  KEY `idx_opensurvey_user_studs_nom` (`nom`),
  KEY `idx_opensurvey_user_studs_id_sondage` (`id_sondage`)
) ENGINE=InnoDB DEFAULT CHARSET=utf8;


DROP TABLE IF EXISTS `llx_paiement`;
CREATE TABLE `llx_paiement` (
  `rowid` int(11) NOT NULL AUTO_INCREMENT,
  `entity` int(11) NOT NULL DEFAULT '1',
  `datec` datetime DEFAULT NULL,
  `tms` timestamp NULL DEFAULT NULL,
  `datep` datetime DEFAULT NULL,
  `amount` double(24,8) DEFAULT '0.00000000',
  `fk_paiement` int(11) NOT NULL,
  `num_paiement` varchar(50) DEFAULT NULL,
  `note` text,
  `fk_bank` int(11) NOT NULL DEFAULT '0',
  `fk_user_creat` int(11) DEFAULT NULL,
  `fk_user_modif` int(11) DEFAULT NULL,
  `statut` smallint(6) NOT NULL DEFAULT '0',
  `fk_export_compta` int(11) NOT NULL DEFAULT '0',
  PRIMARY KEY (`rowid`)
) ENGINE=InnoDB DEFAULT CHARSET=utf8;


DROP TABLE IF EXISTS `llx_paiementcharge`;
CREATE TABLE `llx_paiementcharge` (
  `rowid` int(11) NOT NULL AUTO_INCREMENT,
  `fk_charge` int(11) DEFAULT NULL,
  `datec` datetime DEFAULT NULL,
  `tms` timestamp NULL DEFAULT NULL,
  `datep` datetime DEFAULT NULL,
  `amount` double DEFAULT '0',
  `fk_typepaiement` int(11) NOT NULL,
  `num_paiement` varchar(50) DEFAULT NULL,
  `note` text,
  `fk_bank` int(11) NOT NULL,
  `fk_user_creat` int(11) DEFAULT NULL,
  `fk_user_modif` int(11) DEFAULT NULL,
  PRIMARY KEY (`rowid`)
) ENGINE=InnoDB DEFAULT CHARSET=utf8;


DROP TABLE IF EXISTS `llx_paiementfourn`;
CREATE TABLE `llx_paiementfourn` (
  `rowid` int(11) NOT NULL AUTO_INCREMENT,
  `tms` timestamp NULL DEFAULT NULL,
  `datec` datetime DEFAULT NULL,
  `datep` datetime DEFAULT NULL,
  `amount` double DEFAULT '0',
  `fk_user_author` int(11) DEFAULT NULL,
  `fk_paiement` int(11) NOT NULL,
  `num_paiement` varchar(50) DEFAULT NULL,
  `note` text,
  `fk_bank` int(11) NOT NULL,
  `statut` smallint(6) NOT NULL DEFAULT '0',
  PRIMARY KEY (`rowid`)
) ENGINE=InnoDB DEFAULT CHARSET=utf8;


DROP TABLE IF EXISTS `llx_paiementfourn_facturefourn`;
CREATE TABLE `llx_paiementfourn_facturefourn` (
  `rowid` int(11) NOT NULL AUTO_INCREMENT,
  `fk_paiementfourn` int(11) DEFAULT NULL,
  `fk_facturefourn` int(11) DEFAULT NULL,
  `amount` double(24,8) DEFAULT '0.00000000',
  PRIMARY KEY (`rowid`),
  UNIQUE KEY `uk_paiementfourn_facturefourn` (`fk_paiementfourn`,`fk_facturefourn`),
  KEY `idx_paiementfourn_facturefourn_fk_facture` (`fk_facturefourn`),
  KEY `idx_paiementfourn_facturefourn_fk_paiement` (`fk_paiementfourn`)
) ENGINE=InnoDB DEFAULT CHARSET=utf8;


DROP TABLE IF EXISTS `llx_paiement_facture`;
CREATE TABLE `llx_paiement_facture` (
  `rowid` int(11) NOT NULL AUTO_INCREMENT,
  `fk_paiement` int(11) DEFAULT NULL,
  `fk_facture` int(11) DEFAULT NULL,
  `amount` double(24,8) DEFAULT '0.00000000',
  PRIMARY KEY (`rowid`),
  UNIQUE KEY `uk_paiement_facture` (`fk_paiement`,`fk_facture`),
  KEY `idx_paiement_facture_fk_facture` (`fk_facture`),
  KEY `idx_paiement_facture_fk_paiement` (`fk_paiement`),
  CONSTRAINT `fk_paiement_facture_fk_facture` FOREIGN KEY (`fk_facture`) REFERENCES `llx_facture` (`rowid`),
  CONSTRAINT `fk_paiement_facture_fk_paiement` FOREIGN KEY (`fk_paiement`) REFERENCES `llx_paiement` (`rowid`)
) ENGINE=InnoDB DEFAULT CHARSET=utf8;


DROP TABLE IF EXISTS `llx_prelevement_bons`;
CREATE TABLE `llx_prelevement_bons` (
  `rowid` int(11) NOT NULL AUTO_INCREMENT,
  `ref` varchar(12) DEFAULT NULL,
  `entity` int(11) NOT NULL DEFAULT '1',
  `datec` datetime DEFAULT NULL,
  `amount` double DEFAULT '0',
  `statut` smallint(6) DEFAULT '0',
  `credite` smallint(6) DEFAULT '0',
  `note` text,
  `date_trans` datetime DEFAULT NULL,
  `method_trans` smallint(6) DEFAULT NULL,
  `fk_user_trans` int(11) DEFAULT NULL,
  `date_credit` datetime DEFAULT NULL,
  `fk_user_credit` int(11) DEFAULT NULL,
  PRIMARY KEY (`rowid`),
  UNIQUE KEY `uk_prelevement_bons_ref` (`ref`,`entity`)
) ENGINE=InnoDB DEFAULT CHARSET=utf8;


DROP TABLE IF EXISTS `llx_prelevement_facture`;
CREATE TABLE `llx_prelevement_facture` (
  `rowid` int(11) NOT NULL AUTO_INCREMENT,
  `fk_facture` int(11) NOT NULL,
  `fk_prelevement_lignes` int(11) NOT NULL,
  PRIMARY KEY (`rowid`),
  KEY `idx_prelevement_facture_fk_prelevement_lignes` (`fk_prelevement_lignes`),
  CONSTRAINT `fk_prelevement_facture_fk_prelevement_lignes` FOREIGN KEY (`fk_prelevement_lignes`) REFERENCES `llx_prelevement_lignes` (`rowid`)
) ENGINE=InnoDB DEFAULT CHARSET=utf8;


DROP TABLE IF EXISTS `llx_prelevement_facture_demande`;
CREATE TABLE `llx_prelevement_facture_demande` (
  `rowid` int(11) NOT NULL AUTO_INCREMENT,
  `fk_facture` int(11) NOT NULL,
  `amount` double NOT NULL,
  `date_demande` datetime NOT NULL,
  `traite` smallint(6) DEFAULT '0',
  `date_traite` datetime DEFAULT NULL,
  `fk_prelevement_bons` int(11) DEFAULT NULL,
  `fk_user_demande` int(11) NOT NULL,
  `code_banque` varchar(7) DEFAULT NULL,
  `code_guichet` varchar(6) DEFAULT NULL,
  `number` varchar(255) DEFAULT NULL,
  `cle_rib` varchar(5) DEFAULT NULL,
  PRIMARY KEY (`rowid`)
) ENGINE=InnoDB DEFAULT CHARSET=utf8;


DROP TABLE IF EXISTS `llx_prelevement_lignes`;
CREATE TABLE `llx_prelevement_lignes` (
  `rowid` int(11) NOT NULL AUTO_INCREMENT,
  `fk_prelevement_bons` int(11) DEFAULT NULL,
  `fk_soc` int(11) NOT NULL,
  `statut` smallint(6) DEFAULT '0',
  `client_nom` varchar(255) DEFAULT NULL,
  `amount` double DEFAULT '0',
  `code_banque` varchar(7) DEFAULT NULL,
  `code_guichet` varchar(6) DEFAULT NULL,
  `number` varchar(255) DEFAULT NULL,
  `cle_rib` varchar(5) DEFAULT NULL,
  `note` text,
  PRIMARY KEY (`rowid`),
  KEY `idx_prelevement_lignes_fk_prelevement_bons` (`fk_prelevement_bons`),
  CONSTRAINT `fk_prelevement_lignes_fk_prelevement_bons` FOREIGN KEY (`fk_prelevement_bons`) REFERENCES `llx_prelevement_bons` (`rowid`)
) ENGINE=InnoDB DEFAULT CHARSET=utf8;


DROP TABLE IF EXISTS `llx_prelevement_rejet`;
CREATE TABLE `llx_prelevement_rejet` (
  `rowid` int(11) NOT NULL AUTO_INCREMENT,
  `fk_prelevement_lignes` int(11) DEFAULT NULL,
  `date_rejet` datetime DEFAULT NULL,
  `motif` int(11) DEFAULT NULL,
  `date_creation` datetime DEFAULT NULL,
  `fk_user_creation` int(11) DEFAULT NULL,
  `note` text,
  `afacturer` tinyint(4) DEFAULT '0',
  `fk_facture` int(11) DEFAULT NULL,
  PRIMARY KEY (`rowid`)
) ENGINE=InnoDB DEFAULT CHARSET=utf8;


DROP TABLE IF EXISTS `llx_printer_ipp`;
CREATE TABLE `llx_printer_ipp` (
  `rowid` int(11) NOT NULL AUTO_INCREMENT,
  `tms` timestamp NULL DEFAULT NULL,
  `datec` datetime DEFAULT NULL,
  `printer_name` text NOT NULL,
  `printer_location` text NOT NULL,
  `printer_uri` varchar(255) NOT NULL,
  `copy` int(11) NOT NULL DEFAULT '1',
  `module` varchar(16) NOT NULL,
  `login` varchar(32) NOT NULL,
  PRIMARY KEY (`rowid`)
) ENGINE=InnoDB DEFAULT CHARSET=utf8;


DROP TABLE IF EXISTS `llx_product`;
CREATE TABLE `llx_product` (
  `rowid` int(11) NOT NULL AUTO_INCREMENT,
  `ref` varchar(128) NOT NULL,
  `entity` int(11) NOT NULL DEFAULT '1',
  `ref_ext` varchar(128) DEFAULT NULL,
  `datec` datetime DEFAULT NULL,
  `tms` timestamp NULL DEFAULT NULL,
  `virtual` tinyint(4) NOT NULL DEFAULT '0',
  `fk_parent` int(11) DEFAULT '0',
  `label` varchar(255) NOT NULL,
  `description` text,
  `note` text,
  `customcode` varchar(32) DEFAULT NULL,
  `fk_country` int(11) DEFAULT NULL,
  `price` double(24,8) DEFAULT '0.00000000',
  `price_ttc` double(24,8) DEFAULT '0.00000000',
  `price_min` double(24,8) DEFAULT '0.00000000',
  `price_min_ttc` double(24,8) DEFAULT '0.00000000',
  `price_base_type` varchar(3) DEFAULT 'HT',
  `tva_tx` double(6,3) DEFAULT NULL,
  `recuperableonly` int(11) NOT NULL DEFAULT '0',
  `localtax1_tx` double(6,3) DEFAULT '0.000',
  `localtax2_tx` double(6,3) DEFAULT '0.000',
  `fk_user_author` int(11) DEFAULT NULL,
  `tosell` tinyint(4) DEFAULT '1',
  `tobuy` tinyint(4) DEFAULT '1',
  `fk_product_type` int(11) DEFAULT '0',
  `duration` varchar(6) DEFAULT NULL,
  `seuil_stock_alerte` int(11) DEFAULT '0',
  `barcode` varchar(255) DEFAULT NULL,
  `fk_barcode_type` int(11) DEFAULT '0',
  `accountancy_code_sell` varchar(15) DEFAULT NULL,
  `accountancy_code_buy` varchar(15) DEFAULT NULL,
  `partnumber` varchar(32) DEFAULT NULL,
  `weight` float DEFAULT NULL,
  `weight_units` tinyint(4) DEFAULT NULL,
  `length` float DEFAULT NULL,
  `length_units` tinyint(4) DEFAULT NULL,
  `surface` float DEFAULT NULL,
  `surface_units` tinyint(4) DEFAULT NULL,
  `volume` float DEFAULT NULL,
  `volume_units` tinyint(4) DEFAULT NULL,
  `stock` int(11) DEFAULT NULL,
  `pmp` double(24,8) NOT NULL DEFAULT '0.00000000',
  `canvas` varchar(32) DEFAULT NULL,
  `finished` tinyint(4) DEFAULT NULL,
  `hidden` tinyint(4) DEFAULT '0',
  `import_key` varchar(14) DEFAULT NULL,
  `desiredstock` int(11) DEFAULT '0',
  PRIMARY KEY (`rowid`),
  UNIQUE KEY `uk_product_ref` (`ref`,`entity`),
  KEY `idx_product_label` (`label`),
  KEY `idx_product_barcode` (`barcode`),
  KEY `idx_product_import_key` (`import_key`),
  KEY `idx_product_seuil_stock_alerte` (`seuil_stock_alerte`)
) ENGINE=InnoDB DEFAULT CHARSET=utf8;

INSERT INTO `llx_product` (`rowid`, `ref`, `entity`, `ref_ext`, `datec`, `tms`, `virtual`, `fk_parent`, `label`, `description`, `note`, `customcode`, `fk_country`, `price`, `price_ttc`, `price_min`, `price_min_ttc`, `price_base_type`, `tva_tx`, `recuperableonly`, `localtax1_tx`, `localtax2_tx`, `fk_user_author`, `tosell`, `tobuy`, `fk_product_type`, `duration`, `seuil_stock_alerte`, `barcode`, `fk_barcode_type`, `accountancy_code_sell`, `accountancy_code_buy`, `partnumber`, `weight`, `weight_units`, `length`, `length_units`, `surface`, `surface_units`, `volume`, `volume_units`, `stock`, `pmp`, `canvas`, `finished`, `hidden`, `import_key`, `desiredstock`) VALUES
(1,	'PROD21',	1,	NULL,	'2014-10-12 17:29:28',	NULL,	0,	0,	'Producto al 21 % IVA',	'',	'',	'',	NULL,	5.00000000,	6.05000000,	0.00000000,	0.00000000,	'HT',	21.000,	0,	0.000,	0.000,	1,	1,	1,	0,	'',	NULL,	NULL,	0,	'',	'',	NULL,	NULL,	0,	NULL,	0,	NULL,	0,	NULL,	0,	NULL,	0.00000000,	'',	NULL,	0,	NULL,	NULL),
(2,	'PROD10',	1,	NULL,	'2014-10-12 17:29:38',	NULL,	0,	0,	'Producto al 10 % IVA',	'',	'',	'',	NULL,	5.00000000,	5.50000000,	0.00000000,	0.00000000,	'HT',	10.000,	0,	0.000,	0.000,	1,	1,	1,	0,	'',	NULL,	NULL,	0,	'',	'',	NULL,	NULL,	0,	NULL,	0,	NULL,	0,	NULL,	0,	NULL,	0.00000000,	'',	NULL,	0,	NULL,	NULL),
(3,	'PROD04',	1,	NULL,	'2014-10-12 17:29:57',	NULL,	0,	0,	'Producto al 4 % de IVA',	'',	'',	'',	NULL,	5.00000000,	5.20000000,	0.00000000,	0.00000000,	'HT',	4.000,	0,	0.000,	0.000,	1,	1,	1,	0,	'',	NULL,	NULL,	0,	'',	'',	NULL,	NULL,	0,	NULL,	0,	NULL,	0,	NULL,	0,	NULL,	0.00000000,	'',	NULL,	0,	NULL,	NULL),
(4,	'PROD0',	1,	NULL,	'2014-10-12 17:30:06',	NULL,	0,	0,	'Producto al 0 % IVA',	'',	'',	'',	NULL,	5.00000000,	5.00000000,	0.00000000,	0.00000000,	'HT',	0.000,	0,	0.000,	0.000,	1,	1,	1,	0,	'',	NULL,	NULL,	0,	'',	'',	NULL,	NULL,	0,	NULL,	0,	NULL,	0,	NULL,	0,	NULL,	0.00000000,	'',	NULL,	0,	NULL,	NULL),
(5,	'SERV21',	1,	NULL,	'2014-10-12 17:33:11',	NULL,	0,	0,	'Servicio al 21 % de IVA',	'',	'',	'',	NULL,	5.00000000,	6.05000000,	0.00000000,	0.00000000,	'HT',	21.000,	0,	0.000,	0.000,	1,	1,	1,	1,	'',	NULL,	NULL,	0,	'',	'',	NULL,	NULL,	NULL,	NULL,	NULL,	NULL,	NULL,	NULL,	NULL,	NULL,	0.00000000,	'',	0,	0,	NULL,	NULL),
(6,	'SERV0',	1,	NULL,	'2014-10-12 17:33:20',	NULL,	0,	0,	'Servicio al 0 % IVA',	'',	'',	'',	NULL,	5.00000000,	5.00000000,	0.00000000,	0.00000000,	'HT',	0.000,	0,	0.000,	0.000,	1,	1,	1,	1,	'',	NULL,	NULL,	0,	'',	'',	NULL,	NULL,	NULL,	NULL,	NULL,	NULL,	NULL,	NULL,	NULL,	NULL,	0.00000000,	'',	0,	0,	NULL,	NULL);

DROP TABLE IF EXISTS `llx_product_association`;
CREATE TABLE `llx_product_association` (
  `rowid` int(11) NOT NULL AUTO_INCREMENT,
  `fk_product_pere` int(11) NOT NULL DEFAULT '0',
  `fk_product_fils` int(11) NOT NULL DEFAULT '0',
  `qty` double DEFAULT NULL,
  PRIMARY KEY (`rowid`),
  UNIQUE KEY `uk_product_association` (`fk_product_pere`,`fk_product_fils`),
  KEY `idx_product_association_fils` (`fk_product_fils`)
) ENGINE=InnoDB DEFAULT CHARSET=utf8;


DROP TABLE IF EXISTS `llx_product_extrafields`;
CREATE TABLE `llx_product_extrafields` (
  `rowid` int(11) NOT NULL AUTO_INCREMENT,
  `tms` timestamp NULL DEFAULT NULL,
  `fk_object` int(11) NOT NULL,
  `import_key` varchar(14) DEFAULT NULL,
  PRIMARY KEY (`rowid`),
  KEY `idx_product_extrafields` (`fk_object`)
) ENGINE=InnoDB DEFAULT CHARSET=utf8;


DROP TABLE IF EXISTS `llx_product_fournisseur_price`;
CREATE TABLE `llx_product_fournisseur_price` (
  `rowid` int(11) NOT NULL AUTO_INCREMENT,
  `entity` int(11) NOT NULL DEFAULT '1',
  `datec` datetime DEFAULT NULL,
  `tms` timestamp NULL DEFAULT NULL,
  `fk_product` int(11) DEFAULT NULL,
  `fk_soc` int(11) DEFAULT NULL,
  `ref_fourn` varchar(30) DEFAULT NULL,
  `fk_availability` int(11) DEFAULT NULL,
  `price` double(24,8) DEFAULT '0.00000000',
  `quantity` double DEFAULT NULL,
  `remise_percent` double NOT NULL DEFAULT '0',
  `remise` double NOT NULL DEFAULT '0',
  `unitprice` double(24,8) DEFAULT '0.00000000',
  `charges` double(24,8) DEFAULT '0.00000000',
  `unitcharges` double(24,8) DEFAULT '0.00000000',
  `tva_tx` double(6,3) NOT NULL,
  `info_bits` int(11) NOT NULL DEFAULT '0',
  `fk_user` int(11) DEFAULT NULL,
  `import_key` varchar(14) DEFAULT NULL,
  PRIMARY KEY (`rowid`),
  UNIQUE KEY `uk_product_fournisseur_price_ref` (`ref_fourn`,`fk_soc`,`quantity`,`entity`),
  KEY `idx_product_fournisseur_price_fk_user` (`fk_user`),
  KEY `idx_product_fourn_price_fk_product` (`fk_product`,`entity`),
  KEY `idx_product_fourn_price_fk_soc` (`fk_soc`,`entity`),
  CONSTRAINT `fk_product_fournisseur_price_fk_product` FOREIGN KEY (`fk_product`) REFERENCES `llx_product` (`rowid`),
  CONSTRAINT `fk_product_fournisseur_price_fk_user` FOREIGN KEY (`fk_user`) REFERENCES `llx_user` (`rowid`)
) ENGINE=InnoDB DEFAULT CHARSET=utf8;

INSERT INTO `llx_product_fournisseur_price` (`rowid`, `entity`, `datec`, `tms`, `fk_product`, `fk_soc`, `ref_fourn`, `fk_availability`, `price`, `quantity`, `remise_percent`, `remise`, `unitprice`, `charges`, `unitcharges`, `tva_tx`, `info_bits`, `fk_user`, `import_key`) VALUES
(1,	1,	'2014-10-12 17:30:30',	NULL,	4,	3,	'PROD0',	0,	3.00000000,	1,	0,	0,	3.00000000,	0.00000000,	0.00000000,	0.000,	0,	1,	NULL),
(2,	1,	'2014-10-12 17:30:43',	NULL,	4,	9,	'PROD0',	0,	3.00000000,	1,	0,	0,	3.00000000,	0.00000000,	0.00000000,	0.000,	0,	1,	NULL),
(3,	1,	'2014-10-12 17:30:52',	NULL,	4,	4,	'PROD0',	0,	3.00000000,	1,	0,	0,	3.00000000,	0.00000000,	0.00000000,	0.000,	0,	1,	NULL),
(4,	1,	'2014-10-12 17:30:59',	NULL,	4,	7,	'PROD0',	0,	3.00000000,	1,	0,	0,	3.00000000,	0.00000000,	0.00000000,	0.000,	0,	1,	NULL),
(5,	1,	'2014-10-12 17:31:14',	NULL,	3,	9,	'PROD04',	0,	3.00000000,	1,	0,	0,	3.00000000,	0.00000000,	0.00000000,	4.000,	0,	1,	NULL),
(6,	1,	'2014-10-12 17:31:20',	NULL,	3,	4,	'PROD04',	0,	3.00000000,	1,	0,	0,	3.00000000,	0.00000000,	0.00000000,	4.000,	0,	1,	NULL),
(7,	1,	'2014-10-12 17:31:27',	NULL,	3,	3,	'PROD04',	0,	3.00000000,	1,	0,	0,	3.00000000,	0.00000000,	0.00000000,	4.000,	0,	1,	NULL),
(8,	1,	'2014-10-12 17:31:33',	NULL,	3,	7,	'PROD04',	0,	3.00000000,	1,	0,	0,	3.00000000,	0.00000000,	0.00000000,	4.000,	0,	1,	NULL),
(9,	1,	'2014-10-12 17:31:46',	NULL,	2,	9,	'PROD10',	0,	3.00000000,	1,	0,	0,	3.00000000,	0.00000000,	0.00000000,	10.000,	0,	1,	NULL),
(10,	1,	'2014-10-12 17:32:01',	NULL,	2,	4,	'PROD10',	0,	3.00000000,	1,	0,	0,	3.00000000,	0.00000000,	0.00000000,	10.000,	0,	1,	NULL),
(11,	1,	'2014-10-12 17:32:07',	NULL,	2,	3,	'PROD10',	0,	3.00000000,	1,	0,	0,	3.00000000,	0.00000000,	0.00000000,	10.000,	0,	1,	NULL),
(12,	1,	'2014-10-12 17:32:13',	NULL,	2,	7,	'PROD10',	0,	3.00000000,	1,	0,	0,	3.00000000,	0.00000000,	0.00000000,	10.000,	0,	1,	NULL),
(13,	1,	'2014-10-12 17:32:38',	NULL,	1,	9,	'PROD21',	0,	3.00000000,	1,	0,	0,	3.00000000,	0.00000000,	0.00000000,	21.000,	0,	1,	NULL),
(14,	1,	'2014-10-12 17:32:43',	NULL,	1,	4,	'PROD21',	0,	3.00000000,	1,	0,	0,	3.00000000,	0.00000000,	0.00000000,	21.000,	0,	1,	NULL),
(15,	1,	'2014-10-12 17:32:50',	NULL,	1,	3,	'PROD21',	0,	3.00000000,	1,	0,	0,	3.00000000,	0.00000000,	0.00000000,	21.000,	0,	1,	NULL),
(16,	1,	'2014-10-12 17:32:56',	NULL,	1,	7,	'PROD21',	0,	3.00000000,	1,	0,	0,	3.00000000,	0.00000000,	0.00000000,	21.000,	0,	1,	NULL);

DROP TABLE IF EXISTS `llx_product_fournisseur_price_log`;
CREATE TABLE `llx_product_fournisseur_price_log` (
  `rowid` int(11) NOT NULL AUTO_INCREMENT,
  `datec` datetime DEFAULT NULL,
  `fk_product_fournisseur` int(11) NOT NULL,
  `price` double(24,8) DEFAULT '0.00000000',
  `quantity` double DEFAULT NULL,
  `fk_user` int(11) DEFAULT NULL,
  PRIMARY KEY (`rowid`)
) ENGINE=InnoDB DEFAULT CHARSET=utf8;


DROP TABLE IF EXISTS `llx_product_lang`;
CREATE TABLE `llx_product_lang` (
  `rowid` int(11) NOT NULL AUTO_INCREMENT,
  `fk_product` int(11) NOT NULL DEFAULT '0',
  `lang` varchar(5) NOT NULL DEFAULT '0',
  `label` varchar(255) NOT NULL,
  `description` text,
  `note` text,
  PRIMARY KEY (`rowid`),
  UNIQUE KEY `uk_product_lang` (`fk_product`,`lang`),
  CONSTRAINT `fk_product_lang_fk_product` FOREIGN KEY (`fk_product`) REFERENCES `llx_product` (`rowid`)
) ENGINE=InnoDB DEFAULT CHARSET=utf8;


DROP TABLE IF EXISTS `llx_product_price`;
CREATE TABLE `llx_product_price` (
  `rowid` int(11) NOT NULL AUTO_INCREMENT,
  `entity` int(11) NOT NULL DEFAULT '1',
  `tms` timestamp NULL DEFAULT NULL,
  `fk_product` int(11) NOT NULL,
  `date_price` datetime NOT NULL,
  `price_level` smallint(6) DEFAULT '1',
  `price` double(24,8) DEFAULT NULL,
  `price_ttc` double(24,8) DEFAULT NULL,
  `price_min` double(24,8) DEFAULT NULL,
  `price_min_ttc` double(24,8) DEFAULT NULL,
  `price_base_type` varchar(3) DEFAULT 'HT',
  `tva_tx` double(6,3) NOT NULL,
  `recuperableonly` int(11) NOT NULL DEFAULT '0',
  `localtax1_tx` double(6,3) DEFAULT '0.000',
  `localtax2_tx` double(6,3) DEFAULT '0.000',
  `fk_user_author` int(11) DEFAULT NULL,
  `tosell` tinyint(4) DEFAULT '1',
  `price_by_qty` int(11) NOT NULL DEFAULT '0',
  `import_key` varchar(14) DEFAULT NULL,
  PRIMARY KEY (`rowid`)
) ENGINE=InnoDB DEFAULT CHARSET=utf8;

INSERT INTO `llx_product_price` (`rowid`, `entity`, `tms`, `fk_product`, `date_price`, `price_level`, `price`, `price_ttc`, `price_min`, `price_min_ttc`, `price_base_type`, `tva_tx`, `recuperableonly`, `localtax1_tx`, `localtax2_tx`, `fk_user_author`, `tosell`, `price_by_qty`, `import_key`) VALUES
(1,	1,	NULL,	1,	'2014-10-12 17:29:28',	1,	5.00000000,	6.05000000,	0.00000000,	0.00000000,	'HT',	21.000,	0,	0.000,	0.000,	1,	1,	0,	NULL),
(2,	1,	NULL,	2,	'2014-10-12 17:29:38',	1,	5.00000000,	6.05000000,	0.00000000,	0.00000000,	'HT',	21.000,	0,	0.000,	0.000,	1,	1,	0,	NULL),
(3,	1,	NULL,	2,	'2014-10-12 17:29:46',	1,	5.00000000,	5.50000000,	0.00000000,	0.00000000,	'HT',	10.000,	0,	0.000,	0.000,	1,	1,	0,	NULL),
(4,	1,	NULL,	3,	'2014-10-12 17:29:57',	1,	5.00000000,	5.20000000,	0.00000000,	0.00000000,	'HT',	4.000,	0,	0.000,	0.000,	1,	1,	0,	NULL),
(5,	1,	NULL,	4,	'2014-10-12 17:30:06',	1,	5.00000000,	5.00000000,	0.00000000,	0.00000000,	'HT',	0.000,	0,	0.000,	0.000,	1,	1,	0,	NULL),
(6,	1,	NULL,	5,	'2014-10-12 17:33:11',	1,	5.00000000,	6.05000000,	0.00000000,	0.00000000,	'HT',	21.000,	0,	0.000,	0.000,	1,	1,	0,	NULL),
(7,	1,	NULL,	6,	'2014-10-12 17:33:20',	1,	5.00000000,	5.00000000,	0.00000000,	0.00000000,	'HT',	0.000,	0,	0.000,	0.000,	1,	1,	0,	NULL);

DROP TABLE IF EXISTS `llx_product_price_by_qty`;
CREATE TABLE `llx_product_price_by_qty` (
  `rowid` int(11) NOT NULL AUTO_INCREMENT,
  `fk_product_price` int(11) NOT NULL,
  `date_price` timestamp NOT NULL DEFAULT CURRENT_TIMESTAMP ON UPDATE CURRENT_TIMESTAMP,
  `price` double(24,8) DEFAULT '0.00000000',
  `quantity` double DEFAULT NULL,
  `remise_percent` double NOT NULL DEFAULT '0',
  `remise` double NOT NULL DEFAULT '0',
  `unitprice` double(24,8) DEFAULT '0.00000000',
  PRIMARY KEY (`rowid`),
  UNIQUE KEY `uk_product_price_by_qty_level` (`fk_product_price`,`quantity`),
  KEY `idx_product_price_by_qty_fk_product_price` (`fk_product_price`),
  CONSTRAINT `fk_product_price_by_qty_fk_product_price` FOREIGN KEY (`fk_product_price`) REFERENCES `llx_product_price` (`rowid`)
) ENGINE=InnoDB DEFAULT CHARSET=utf8;


DROP TABLE IF EXISTS `llx_product_stock`;
CREATE TABLE `llx_product_stock` (
  `rowid` int(11) NOT NULL AUTO_INCREMENT,
  `tms` timestamp NULL DEFAULT NULL,
  `fk_product` int(11) NOT NULL,
  `fk_entrepot` int(11) NOT NULL,
  `reel` double DEFAULT NULL,
  `pmp` double(24,8) NOT NULL DEFAULT '0.00000000',
  `import_key` varchar(14) DEFAULT NULL,
  PRIMARY KEY (`rowid`),
  UNIQUE KEY `uk_product_stock` (`fk_product`,`fk_entrepot`),
  KEY `idx_product_stock_fk_product` (`fk_product`),
  KEY `idx_product_stock_fk_entrepot` (`fk_entrepot`)
) ENGINE=InnoDB DEFAULT CHARSET=utf8;


DROP TABLE IF EXISTS `llx_projet`;
CREATE TABLE `llx_projet` (
  `rowid` int(11) NOT NULL AUTO_INCREMENT,
  `fk_soc` int(11) DEFAULT NULL,
  `datec` date DEFAULT NULL,
  `tms` timestamp NULL DEFAULT NULL,
  `dateo` date DEFAULT NULL,
  `datee` date DEFAULT NULL,
  `ref` varchar(50) DEFAULT NULL,
  `entity` int(11) NOT NULL DEFAULT '1',
  `title` varchar(255) NOT NULL,
  `description` text,
  `fk_user_creat` int(11) NOT NULL,
  `public` int(11) DEFAULT NULL,
  `fk_statut` smallint(6) NOT NULL DEFAULT '0',
  `note_private` text,
  `note_public` text,
  `model_pdf` varchar(255) DEFAULT NULL,
  PRIMARY KEY (`rowid`),
  UNIQUE KEY `uk_projet_ref` (`ref`,`entity`),
  KEY `idx_projet_fk_soc` (`fk_soc`),
  CONSTRAINT `fk_projet_fk_soc` FOREIGN KEY (`fk_soc`) REFERENCES `llx_societe` (`rowid`)
) ENGINE=InnoDB DEFAULT CHARSET=utf8;


DROP TABLE IF EXISTS `llx_projet_extrafields`;
CREATE TABLE `llx_projet_extrafields` (
  `rowid` int(11) NOT NULL AUTO_INCREMENT,
  `tms` timestamp NULL DEFAULT NULL,
  `fk_object` int(11) NOT NULL,
  `import_key` varchar(14) DEFAULT NULL,
  PRIMARY KEY (`rowid`),
  KEY `idx_projet_extrafields` (`fk_object`)
) ENGINE=InnoDB DEFAULT CHARSET=utf8;


DROP TABLE IF EXISTS `llx_projet_task`;
CREATE TABLE `llx_projet_task` (
  `rowid` int(11) NOT NULL AUTO_INCREMENT,
  `ref` varchar(50) DEFAULT NULL,
  `fk_projet` int(11) NOT NULL,
  `fk_task_parent` int(11) NOT NULL DEFAULT '0',
  `datec` datetime DEFAULT NULL,
  `tms` timestamp NULL DEFAULT NULL,
  `dateo` datetime DEFAULT NULL,
  `datee` datetime DEFAULT NULL,
  `datev` datetime DEFAULT NULL,
  `label` varchar(255) NOT NULL,
  `description` text,
  `duration_effective` double NOT NULL DEFAULT '0',
  `planned_workload` double NOT NULL DEFAULT '0',
  `progress` int(11) DEFAULT '0',
  `priority` int(11) DEFAULT '0',
  `fk_user_creat` int(11) DEFAULT NULL,
  `fk_user_valid` int(11) DEFAULT NULL,
  `fk_statut` smallint(6) NOT NULL DEFAULT '0',
  `note_private` text,
  `note_public` text,
  `rang` int(11) DEFAULT '0',
  `model_pdf` varchar(255) DEFAULT NULL,
  PRIMARY KEY (`rowid`),
  KEY `idx_projet_task_fk_projet` (`fk_projet`),
  KEY `idx_projet_task_fk_user_creat` (`fk_user_creat`),
  KEY `idx_projet_task_fk_user_valid` (`fk_user_valid`),
  CONSTRAINT `fk_projet_task_fk_projet` FOREIGN KEY (`fk_projet`) REFERENCES `llx_projet` (`rowid`),
  CONSTRAINT `fk_projet_task_fk_user_creat` FOREIGN KEY (`fk_user_creat`) REFERENCES `llx_user` (`rowid`),
  CONSTRAINT `fk_projet_task_fk_user_valid` FOREIGN KEY (`fk_user_valid`) REFERENCES `llx_user` (`rowid`)
) ENGINE=InnoDB DEFAULT CHARSET=utf8;


DROP TABLE IF EXISTS `llx_projet_task_extrafields`;
CREATE TABLE `llx_projet_task_extrafields` (
  `rowid` int(11) NOT NULL AUTO_INCREMENT,
  `tms` timestamp NULL DEFAULT NULL,
  `fk_object` int(11) NOT NULL,
  `import_key` varchar(14) DEFAULT NULL,
  PRIMARY KEY (`rowid`),
  KEY `idx_projet_task_extrafields` (`fk_object`)
) ENGINE=InnoDB DEFAULT CHARSET=utf8;


DROP TABLE IF EXISTS `llx_projet_task_time`;
CREATE TABLE `llx_projet_task_time` (
  `rowid` int(11) NOT NULL AUTO_INCREMENT,
  `fk_task` int(11) NOT NULL,
  `task_date` date DEFAULT NULL,
  `task_duration` double DEFAULT NULL,
  `fk_user` int(11) DEFAULT NULL,
  `note` text,
  PRIMARY KEY (`rowid`)
) ENGINE=InnoDB DEFAULT CHARSET=utf8;


DROP TABLE IF EXISTS `llx_propal`;
CREATE TABLE `llx_propal` (
  `rowid` int(11) NOT NULL AUTO_INCREMENT,
  `ref` varchar(30) NOT NULL,
  `entity` int(11) NOT NULL DEFAULT '1',
  `ref_ext` varchar(255) DEFAULT NULL,
  `ref_int` varchar(255) DEFAULT NULL,
  `ref_client` varchar(255) DEFAULT NULL,
  `fk_soc` int(11) DEFAULT NULL,
  `fk_projet` int(11) DEFAULT NULL,
  `tms` timestamp NULL DEFAULT NULL,
  `datec` datetime DEFAULT NULL,
  `datep` date DEFAULT NULL,
  `fin_validite` datetime DEFAULT NULL,
  `date_valid` datetime DEFAULT NULL,
  `date_cloture` datetime DEFAULT NULL,
  `fk_user_author` int(11) DEFAULT NULL,
  `fk_user_valid` int(11) DEFAULT NULL,
  `fk_user_cloture` int(11) DEFAULT NULL,
  `fk_statut` smallint(6) NOT NULL DEFAULT '0',
  `price` double DEFAULT '0',
  `remise_percent` double DEFAULT '0',
  `remise_absolue` double DEFAULT '0',
  `remise` double DEFAULT '0',
  `total_ht` double(24,8) DEFAULT '0.00000000',
  `tva` double(24,8) DEFAULT '0.00000000',
  `localtax1` double(24,8) DEFAULT '0.00000000',
  `localtax2` double(24,8) DEFAULT '0.00000000',
  `total` double(24,8) DEFAULT '0.00000000',
  `fk_account` int(11) DEFAULT NULL,
  `fk_currency` varchar(2) DEFAULT NULL,
  `fk_cond_reglement` int(11) DEFAULT NULL,
  `fk_mode_reglement` int(11) DEFAULT NULL,
  `note_private` text,
  `note_public` text,
  `model_pdf` varchar(255) DEFAULT NULL,
  `date_livraison` date DEFAULT NULL,
  `fk_availability` int(11) DEFAULT NULL,
  `fk_input_reason` int(11) DEFAULT NULL,
  `import_key` varchar(14) DEFAULT NULL,
  `extraparams` varchar(255) DEFAULT NULL,
  `fk_delivery_address` int(11) DEFAULT NULL,
  PRIMARY KEY (`rowid`),
  UNIQUE KEY `uk_propal_ref` (`ref`,`entity`),
  KEY `idx_propal_fk_soc` (`fk_soc`),
  KEY `idx_propal_fk_user_author` (`fk_user_author`),
  KEY `idx_propal_fk_user_valid` (`fk_user_valid`),
  KEY `idx_propal_fk_user_cloture` (`fk_user_cloture`),
  KEY `idx_propal_fk_projet` (`fk_projet`),
  KEY `idx_propal_fk_account` (`fk_account`),
  KEY `idx_propal_fk_currency` (`fk_currency`),
  CONSTRAINT `fk_propal_fk_projet` FOREIGN KEY (`fk_projet`) REFERENCES `llx_projet` (`rowid`),
  CONSTRAINT `fk_propal_fk_soc` FOREIGN KEY (`fk_soc`) REFERENCES `llx_societe` (`rowid`),
  CONSTRAINT `fk_propal_fk_user_author` FOREIGN KEY (`fk_user_author`) REFERENCES `llx_user` (`rowid`),
  CONSTRAINT `fk_propal_fk_user_cloture` FOREIGN KEY (`fk_user_cloture`) REFERENCES `llx_user` (`rowid`),
  CONSTRAINT `fk_propal_fk_user_valid` FOREIGN KEY (`fk_user_valid`) REFERENCES `llx_user` (`rowid`)
) ENGINE=InnoDB DEFAULT CHARSET=utf8;


DROP TABLE IF EXISTS `llx_propaldet`;
CREATE TABLE `llx_propaldet` (
  `rowid` int(11) NOT NULL AUTO_INCREMENT,
  `fk_propal` int(11) NOT NULL,
  `fk_parent_line` int(11) DEFAULT NULL,
  `fk_product` int(11) DEFAULT NULL,
  `label` varchar(255) DEFAULT NULL,
  `description` text,
  `fk_remise_except` int(11) DEFAULT NULL,
  `tva_tx` double(6,3) DEFAULT '0.000',
  `localtax1_tx` double(6,3) DEFAULT '0.000',
  `localtax1_type` varchar(10) DEFAULT NULL,
  `localtax2_tx` double(6,3) DEFAULT '0.000',
  `localtax2_type` varchar(10) DEFAULT NULL,
  `qty` double DEFAULT NULL,
  `remise_percent` double DEFAULT '0',
  `remise` double DEFAULT '0',
  `price` double DEFAULT NULL,
  `subprice` double(24,8) DEFAULT '0.00000000',
  `total_ht` double(24,8) DEFAULT '0.00000000',
  `total_tva` double(24,8) DEFAULT '0.00000000',
  `total_localtax1` double(24,8) DEFAULT '0.00000000',
  `total_localtax2` double(24,8) DEFAULT '0.00000000',
  `total_ttc` double(24,8) DEFAULT '0.00000000',
  `product_type` int(11) DEFAULT '0',
  `date_start` datetime DEFAULT NULL,
  `date_end` datetime DEFAULT NULL,
  `info_bits` int(11) DEFAULT '0',
  `buy_price_ht` double(24,8) DEFAULT '0.00000000',
  `fk_product_fournisseur_price` int(11) DEFAULT NULL,
  `special_code` int(11) DEFAULT '0',
  `rang` int(11) DEFAULT '0',
  PRIMARY KEY (`rowid`),
  KEY `idx_propaldet_fk_propal` (`fk_propal`),
  KEY `idx_propaldet_fk_product` (`fk_product`),
  CONSTRAINT `fk_propaldet_fk_propal` FOREIGN KEY (`fk_propal`) REFERENCES `llx_propal` (`rowid`)
) ENGINE=InnoDB DEFAULT CHARSET=utf8;


DROP TABLE IF EXISTS `llx_propaldet_extrafields`;
CREATE TABLE `llx_propaldet_extrafields` (
  `rowid` int(11) NOT NULL AUTO_INCREMENT,
  `tms` timestamp NULL DEFAULT NULL,
  `fk_object` int(11) NOT NULL,
  `import_key` varchar(14) DEFAULT NULL,
  PRIMARY KEY (`rowid`),
  KEY `idx_propaldet_extrafields` (`fk_object`)
) ENGINE=InnoDB DEFAULT CHARSET=utf8;


DROP TABLE IF EXISTS `llx_propal_extrafields`;
CREATE TABLE `llx_propal_extrafields` (
  `rowid` int(11) NOT NULL AUTO_INCREMENT,
  `tms` timestamp NULL DEFAULT NULL,
  `fk_object` int(11) NOT NULL,
  `import_key` varchar(14) DEFAULT NULL,
  PRIMARY KEY (`rowid`),
  KEY `idx_propal_extrafields` (`fk_object`)
) ENGINE=InnoDB DEFAULT CHARSET=utf8;


DROP TABLE IF EXISTS `llx_rights_def`;
CREATE TABLE `llx_rights_def` (
  `id` int(11) NOT NULL DEFAULT '0',
  `libelle` varchar(255) DEFAULT NULL,
  `module` varchar(64) DEFAULT NULL,
  `entity` int(11) NOT NULL DEFAULT '1',
  `perms` varchar(50) DEFAULT NULL,
  `subperms` varchar(50) DEFAULT NULL,
  `type` varchar(1) DEFAULT NULL,
  `bydefault` tinyint(4) DEFAULT '0',
  PRIMARY KEY (`id`,`entity`)
) ENGINE=InnoDB DEFAULT CHARSET=utf8;

INSERT INTO `llx_rights_def` (`id`, `libelle`, `module`, `entity`, `perms`, `subperms`, `type`, `bydefault`) VALUES
(11,	'Lire les factures',	'facture',	1,	'lire',	NULL,	'a',	1),
(12,	'Creer/modifier les factures',	'facture',	1,	'creer',	NULL,	'a',	0),
(13,	'Dévalider les factures',	'facture',	1,	'invoice_advance',	'unvalidate',	'a',	0),
(14,	'Valider les factures',	'facture',	1,	'valider',	NULL,	'a',	0),
(15,	'Envoyer les factures par mail',	'facture',	1,	'invoice_advance',	'send',	'a',	0),
(16,	'Emettre des paiements sur les factures',	'facture',	1,	'paiement',	NULL,	'a',	0),
(19,	'Supprimer les factures',	'facture',	1,	'supprimer',	NULL,	'a',	0),
(31,	'Lire les produits',	'produit',	1,	'lire',	NULL,	'r',	1),
(32,	'Creer/modifier les produits',	'produit',	1,	'creer',	NULL,	'w',	0),
(34,	'Supprimer les produits',	'produit',	1,	'supprimer',	NULL,	'd',	0),
(38,	'Exporter les produits',	'produit',	1,	'export',	NULL,	'r',	0),
(95,	'Lire CA, bilans, resultats',	'compta',	1,	'resultat',	'lire',	'r',	1),
(96,	'Parametrer la ventilation',	'compta',	1,	'ventilation',	'parametrer',	'r',	0),
(97,	'Lire les ventilations de factures',	'compta',	1,	'ventilation',	'lire',	'r',	1),
(98,	'Ventiler les lignes de factures',	'compta',	1,	'ventilation',	'creer',	'r',	0),
(111,	'Lire les comptes bancaires',	'banque',	1,	'lire',	NULL,	'r',	1),
(112,	'Creer/modifier montant/supprimer ecriture bancaire',	'banque',	1,	'modifier',	NULL,	'w',	0),
(113,	'Configurer les comptes bancaires (creer, gerer categories)',	'banque',	1,	'configurer',	NULL,	'a',	0),
(114,	'Rapprocher les ecritures bancaires',	'banque',	1,	'consolidate',	NULL,	'w',	0),
(115,	'Exporter transactions et releves',	'banque',	1,	'export',	NULL,	'r',	0),
(116,	'Virements entre comptes',	'banque',	1,	'transfer',	NULL,	'w',	0),
(117,	'Gerer les envois de cheques',	'banque',	1,	'cheque',	NULL,	'w',	0),
(121,	'Lire les societes',	'societe',	1,	'lire',	NULL,	'r',	1),
(122,	'Creer modifier les societes',	'societe',	1,	'creer',	NULL,	'w',	0),
(125,	'Supprimer les societes',	'societe',	1,	'supprimer',	NULL,	'd',	0),
(126,	'Exporter les societes',	'societe',	1,	'export',	NULL,	'r',	0),
(251,	'Consulter les autres utilisateurs',	'user',	1,	'user',	'lire',	'r',	0),
(252,	'Consulter les permissions des autres utilisateurs',	'user',	1,	'user_advance',	'readperms',	'r',	0),
(253,	'Creer/modifier utilisateurs internes et externes',	'user',	1,	'user',	'creer',	'w',	0),
(254,	'Creer/modifier utilisateurs externes seulement',	'user',	1,	'user_advance',	'write',	'w',	0),
(255,	'Modifier le mot de passe des autres utilisateurs',	'user',	1,	'user',	'password',	'w',	0),
(256,	'Supprimer ou desactiver les autres utilisateurs',	'user',	1,	'user',	'supprimer',	'd',	0),
(262,	'Consulter tous les tiers par utilisateurs internes (sinon uniquement si contact commercial). Non effectif pour utilisateurs externes (tjs limités à eux-meme).',	'societe',	1,	'client',	'voir',	'r',	1),
(281,	'Lire les contacts',	'societe',	1,	'contact',	'lire',	'r',	1),
(282,	'Creer modifier les contacts',	'societe',	1,	'contact',	'creer',	'w',	0),
(283,	'Supprimer les contacts',	'societe',	1,	'contact',	'supprimer',	'd',	0),
(286,	'Exporter les contacts',	'societe',	1,	'contact',	'export',	'd',	0),
(341,	'Consulter ses propres permissions',	'user',	1,	'self_advance',	'readperms',	'r',	1),
(342,	'Creer/modifier ses propres infos utilisateur',	'user',	1,	'self',	'creer',	'w',	1),
(343,	'Modifier son propre mot de passe',	'user',	1,	'self',	'password',	'w',	1),
(344,	'Modifier ses propres permissions',	'user',	1,	'self_advance',	'writeperms',	'w',	1),
(351,	'Consulter les groupes',	'user',	1,	'group_advance',	'read',	'r',	0),
(352,	'Consulter les permissions des groupes',	'user',	1,	'group_advance',	'readperms',	'r',	0),
(353,	'Creer/modifier les groupes et leurs permissions',	'user',	1,	'group_advance',	'write',	'w',	0),
(354,	'Supprimer ou desactiver les groupes',	'user',	1,	'group_advance',	'delete',	'd',	0),
(358,	'Exporter les utilisateurs',	'user',	1,	'user',	'export',	'r',	0),
(531,	'Lire les services',	'service',	1,	'lire',	NULL,	'r',	1),
(532,	'Creer/modifier les services',	'service',	1,	'creer',	NULL,	'w',	0),
(534,	'Supprimer les services',	'service',	1,	'supprimer',	NULL,	'd',	0),
(538,	'Exporter les services',	'service',	1,	'export',	NULL,	'r',	0),
(1181,	'Consulter les fournisseurs',	'fournisseur',	1,	'lire',	NULL,	'r',	1),
(1182,	'Consulter les commandes fournisseur',	'fournisseur',	1,	'commande',	'lire',	'r',	1),
(1183,	'Creer une commande fournisseur',	'fournisseur',	1,	'commande',	'creer',	'w',	0),
(1184,	'Valider une commande fournisseur',	'fournisseur',	1,	'commande',	'valider',	'w',	0),
(1185,	'Approuver une commande fournisseur',	'fournisseur',	1,	'commande',	'approuver',	'w',	0),
(1186,	'Commander une commande fournisseur',	'fournisseur',	1,	'commande',	'commander',	'w',	0),
(1187,	'Receptionner une commande fournisseur',	'fournisseur',	1,	'commande',	'receptionner',	'd',	0),
(1188,	'Supprimer une commande fournisseur',	'fournisseur',	1,	'commande',	'supprimer',	'd',	0),
(1231,	'Consulter les factures fournisseur',	'fournisseur',	1,	'facture',	'lire',	'r',	1),
(1232,	'Creer une facture fournisseur',	'fournisseur',	1,	'facture',	'creer',	'w',	0),
(1233,	'Valider une facture fournisseur',	'fournisseur',	1,	'facture',	'valider',	'w',	0),
(1234,	'Supprimer une facture fournisseur',	'fournisseur',	1,	'facture',	'supprimer',	'd',	0),
(1235,	'Envoyer les factures par mail',	'fournisseur',	1,	'supplier_invoice_advance',	'send',	'a',	0),
(1236,	'Exporter les factures fournisseurs, attributs et reglements',	'fournisseur',	1,	'facture',	'export',	'r',	0),
(1237,	'Exporter les commande fournisseurs, attributs',	'fournisseur',	1,	'commande',	'export',	'r',	0),
(1321,	'Exporter les factures clients, attributs et reglements',	'facture',	1,	'facture',	'export',	'r',	0),
(529680,	'Exportación contable a Keme',	'enlacekeme',	1,	'export',	NULL,	'w',	0);

DROP TABLE IF EXISTS `llx_societe`;
CREATE TABLE `llx_societe` (
  `rowid` int(11) NOT NULL AUTO_INCREMENT,
  `nom` varchar(60) DEFAULT NULL,
  `entity` int(11) NOT NULL DEFAULT '1',
  `ref_ext` varchar(128) DEFAULT NULL,
  `ref_int` varchar(60) DEFAULT NULL,
  `statut` tinyint(4) DEFAULT '0',
  `parent` int(11) DEFAULT NULL,
  `tms` timestamp NULL DEFAULT NULL,
  `datec` datetime DEFAULT NULL,
  `datea` datetime DEFAULT NULL,
  `status` tinyint(4) DEFAULT '1',
  `code_client` varchar(24) DEFAULT NULL,
  `code_fournisseur` varchar(24) DEFAULT NULL,
  `code_compta` varchar(24) DEFAULT NULL,
  `code_compta_fournisseur` varchar(24) DEFAULT NULL,
  `address` varchar(255) DEFAULT NULL,
  `zip` varchar(25) DEFAULT NULL,
  `town` varchar(50) DEFAULT NULL,
  `fk_departement` int(11) DEFAULT '0',
  `fk_pays` int(11) DEFAULT '0',
  `phone` varchar(20) DEFAULT NULL,
  `fax` varchar(20) DEFAULT NULL,
  `url` varchar(255) DEFAULT NULL,
  `email` varchar(128) DEFAULT NULL,
  `skype` varchar(255) DEFAULT NULL,
  `fk_effectif` int(11) DEFAULT '0',
  `fk_typent` int(11) DEFAULT '0',
  `fk_forme_juridique` int(11) DEFAULT '0',
  `fk_currency` int(11) DEFAULT '0',
  `siren` varchar(128) DEFAULT NULL,
  `siret` varchar(128) DEFAULT NULL,
  `ape` varchar(128) DEFAULT NULL,
  `idprof4` varchar(128) DEFAULT NULL,
  `idprof5` varchar(128) DEFAULT NULL,
  `idprof6` varchar(128) DEFAULT NULL,
  `tva_intra` varchar(20) DEFAULT NULL,
  `capital` double DEFAULT NULL,
  `fk_stcomm` int(11) NOT NULL DEFAULT '0',
  `note_private` text,
  `note_public` text,
  `prefix_comm` varchar(5) DEFAULT NULL,
  `client` tinyint(4) DEFAULT '0',
  `fournisseur` tinyint(4) DEFAULT '0',
  `supplier_account` varchar(32) DEFAULT NULL,
  `fk_prospectlevel` varchar(12) DEFAULT NULL,
  `customer_bad` tinyint(4) DEFAULT '0',
  `customer_rate` double DEFAULT '0',
  `supplier_rate` double DEFAULT '0',
  `fk_user_creat` int(11) DEFAULT NULL,
  `fk_user_modif` int(11) DEFAULT NULL,
  `remise_client` double DEFAULT '0',
  `mode_reglement` tinyint(4) DEFAULT NULL,
  `cond_reglement` tinyint(4) DEFAULT NULL,
  `mode_reglement_supplier` tinyint(4) DEFAULT NULL,
  `cond_reglement_supplier` tinyint(4) DEFAULT NULL,
  `tva_assuj` tinyint(4) DEFAULT '1',
  `localtax1_assuj` tinyint(4) DEFAULT '0',
  `localtax2_assuj` tinyint(4) DEFAULT '0',
  `barcode` varchar(255) DEFAULT NULL,
  `fk_barcode_type` int(11) DEFAULT '0',
  `price_level` int(11) DEFAULT NULL,
  `outstanding_limit` double(24,8) DEFAULT NULL,
  `default_lang` varchar(6) DEFAULT NULL,
  `logo` varchar(255) DEFAULT NULL,
  `canvas` varchar(32) DEFAULT NULL,
  `import_key` varchar(14) DEFAULT NULL,
  PRIMARY KEY (`rowid`),
  UNIQUE KEY `uk_societe_prefix_comm` (`prefix_comm`,`entity`),
  UNIQUE KEY `uk_societe_code_client` (`code_client`,`entity`),
  KEY `idx_societe_user_creat` (`fk_user_creat`),
  KEY `idx_societe_user_modif` (`fk_user_modif`)
) ENGINE=InnoDB DEFAULT CHARSET=utf8;

INSERT INTO `llx_societe` (`rowid`, `nom`, `entity`, `ref_ext`, `ref_int`, `statut`, `parent`, `tms`, `datec`, `datea`, `status`, `code_client`, `code_fournisseur`, `code_compta`, `code_compta_fournisseur`, `address`, `zip`, `town`, `fk_departement`, `fk_pays`, `phone`, `fax`, `url`, `email`, `skype`, `fk_effectif`, `fk_typent`, `fk_forme_juridique`, `fk_currency`, `siren`, `siret`, `ape`, `idprof4`, `idprof5`, `idprof6`, `tva_intra`, `capital`, `fk_stcomm`, `note_private`, `note_public`, `prefix_comm`, `client`, `fournisseur`, `supplier_account`, `fk_prospectlevel`, `customer_bad`, `customer_rate`, `supplier_rate`, `fk_user_creat`, `fk_user_modif`, `remise_client`, `mode_reglement`, `cond_reglement`, `mode_reglement_supplier`, `cond_reglement_supplier`, `tva_assuj`, `localtax1_assuj`, `localtax2_assuj`, `barcode`, `fk_barcode_type`, `price_level`, `outstanding_limit`, `default_lang`, `logo`, `canvas`, `import_key`) VALUES
(1,	'Cliente normal',	1,	NULL,	NULL,	0,	NULL,	NULL,	'2014-10-12 17:23:21',	'2014-10-12 17:23:21',	1,	'00001',	NULL,	'43000001',	NULL,	'',	NULL,	NULL,	0,	4,	NULL,	NULL,	NULL,	NULL,	NULL,	NULL,	0,	NULL,	0,	'',	'',	'',	'',	'',	'',	'',	0,	0,	NULL,	NULL,	NULL,	3,	0,	NULL,	NULL,	0,	0,	0,	1,	1,	0,	NULL,	NULL,	NULL,	NULL,	1,	NULL,	0,	NULL,	0,	NULL,	NULL,	NULL,	NULL,	NULL,	NULL),
(2,	'Cliente con RE',	1,	NULL,	NULL,	0,	NULL,	NULL,	'2014-10-12 17:23:32',	'2014-10-12 17:25:48',	1,	'00002',	NULL,	'43000002',	NULL,	'',	NULL,	NULL,	0,	4,	NULL,	NULL,	NULL,	NULL,	NULL,	NULL,	0,	NULL,	0,	'',	'',	'',	'',	'',	'',	'',	0,	0,	NULL,	NULL,	NULL,	3,	0,	NULL,	NULL,	0,	0,	0,	1,	1,	0,	NULL,	NULL,	NULL,	NULL,	1,	1,	NULL,	NULL,	0,	NULL,	NULL,	NULL,	NULL,	NULL,	NULL),
(3,	'Proveedor normal',	1,	NULL,	NULL,	0,	NULL,	NULL,	'2014-10-12 17:23:46',	'2014-10-12 17:23:46',	1,	NULL,	'00001',	NULL,	'40000001',	'',	NULL,	NULL,	0,	4,	NULL,	NULL,	NULL,	NULL,	NULL,	NULL,	0,	NULL,	0,	'',	'',	'',	'',	'',	'',	'',	0,	0,	NULL,	NULL,	NULL,	0,	1,	NULL,	NULL,	0,	0,	0,	1,	1,	0,	NULL,	NULL,	NULL,	NULL,	1,	NULL,	0,	NULL,	0,	NULL,	NULL,	NULL,	NULL,	NULL,	NULL),
(4,	'Proveedor con RE',	1,	NULL,	NULL,	0,	NULL,	NULL,	'2014-10-12 17:23:56',	'2014-10-12 17:25:59',	1,	NULL,	'00002',	NULL,	'40000002',	'',	NULL,	NULL,	0,	4,	NULL,	NULL,	NULL,	NULL,	NULL,	NULL,	0,	NULL,	0,	'',	'',	'',	'',	'',	'',	'',	0,	0,	NULL,	NULL,	NULL,	0,	1,	NULL,	NULL,	0,	0,	0,	1,	1,	0,	NULL,	NULL,	NULL,	NULL,	1,	1,	0,	NULL,	0,	NULL,	NULL,	NULL,	NULL,	NULL,	NULL),
(5,	'Cliente sin IVA',	1,	NULL,	NULL,	0,	NULL,	NULL,	'2014-10-12 17:24:05',	'2014-10-12 17:24:05',	1,	'00003',	NULL,	'43000003',	NULL,	'',	NULL,	NULL,	0,	4,	NULL,	NULL,	NULL,	NULL,	NULL,	NULL,	0,	NULL,	0,	'',	'',	'',	'',	'',	'',	'',	0,	0,	NULL,	NULL,	NULL,	3,	0,	NULL,	NULL,	0,	0,	0,	1,	1,	0,	NULL,	NULL,	NULL,	NULL,	0,	NULL,	0,	NULL,	0,	NULL,	NULL,	NULL,	NULL,	NULL,	NULL),
(7,	'Proveedor sin IVA',	1,	NULL,	NULL,	0,	NULL,	NULL,	'2014-10-12 17:24:22',	'2014-10-12 17:24:34',	1,	NULL,	'00003',	NULL,	'40000003',	'',	NULL,	NULL,	0,	4,	NULL,	NULL,	NULL,	NULL,	NULL,	NULL,	0,	NULL,	0,	'',	'',	'',	'',	'',	'',	'',	0,	0,	NULL,	NULL,	NULL,	0,	1,	NULL,	NULL,	0,	0,	0,	1,	1,	0,	NULL,	NULL,	NULL,	NULL,	0,	NULL,	0,	NULL,	0,	NULL,	NULL,	NULL,	NULL,	NULL,	NULL),
(8,	'Cliente con IRPF',	1,	NULL,	NULL,	0,	NULL,	NULL,	'2014-10-12 17:25:17',	'2014-10-12 17:25:17',	1,	'00004',	NULL,	'43000004',	NULL,	'',	NULL,	NULL,	0,	4,	NULL,	NULL,	NULL,	NULL,	NULL,	NULL,	0,	NULL,	0,	'',	'',	'',	'',	'',	'',	'',	0,	0,	NULL,	NULL,	NULL,	3,	0,	NULL,	NULL,	0,	0,	0,	1,	1,	0,	NULL,	NULL,	NULL,	NULL,	1,	NULL,	1,	NULL,	0,	NULL,	NULL,	NULL,	NULL,	NULL,	NULL),
(9,	'Proveedor con IRPF',	1,	NULL,	NULL,	0,	NULL,	NULL,	'2014-10-12 17:25:27',	'2014-10-12 17:25:27',	1,	NULL,	'00004',	NULL,	'40000004',	'',	NULL,	NULL,	0,	4,	NULL,	NULL,	NULL,	NULL,	NULL,	NULL,	0,	NULL,	0,	'',	'',	'',	'',	'',	'',	'',	0,	0,	NULL,	NULL,	NULL,	0,	1,	NULL,	NULL,	0,	0,	0,	1,	1,	0,	NULL,	NULL,	NULL,	NULL,	1,	NULL,	1,	NULL,	0,	NULL,	NULL,	NULL,	NULL,	NULL,	NULL);

DROP TABLE IF EXISTS `llx_societe_address`;
CREATE TABLE `llx_societe_address` (
  `rowid` int(11) NOT NULL AUTO_INCREMENT,
  `datec` datetime DEFAULT NULL,
  `tms` timestamp NULL DEFAULT NULL,
  `label` varchar(30) DEFAULT NULL,
  `fk_soc` int(11) DEFAULT '0',
  `name` varchar(60) DEFAULT NULL,
  `address` varchar(255) DEFAULT NULL,
  `zip` varchar(10) DEFAULT NULL,
  `town` varchar(50) DEFAULT NULL,
  `fk_pays` int(11) DEFAULT '0',
  `phone` varchar(20) DEFAULT NULL,
  `fax` varchar(20) DEFAULT NULL,
  `note` text,
  `fk_user_creat` int(11) DEFAULT NULL,
  `fk_user_modif` int(11) DEFAULT NULL,
  PRIMARY KEY (`rowid`)
) ENGINE=InnoDB DEFAULT CHARSET=utf8;


DROP TABLE IF EXISTS `llx_societe_commerciaux`;
CREATE TABLE `llx_societe_commerciaux` (
  `rowid` int(11) NOT NULL AUTO_INCREMENT,
  `fk_soc` int(11) DEFAULT NULL,
  `fk_user` int(11) DEFAULT NULL,
  PRIMARY KEY (`rowid`),
  UNIQUE KEY `uk_societe_commerciaux` (`fk_soc`,`fk_user`)
) ENGINE=InnoDB DEFAULT CHARSET=utf8;

INSERT INTO `llx_societe_commerciaux` (`rowid`, `fk_soc`, `fk_user`) VALUES
(1,	1,	1),
(2,	2,	1),
(3,	3,	1),
(4,	4,	1),
(5,	5,	1),
(6,	6,	1),
(7,	7,	1),
(8,	8,	1),
(9,	9,	1);

DROP TABLE IF EXISTS `llx_societe_extrafields`;
CREATE TABLE `llx_societe_extrafields` (
  `rowid` int(11) NOT NULL AUTO_INCREMENT,
  `tms` timestamp NULL DEFAULT NULL,
  `fk_object` int(11) NOT NULL,
  `import_key` varchar(14) DEFAULT NULL,
  PRIMARY KEY (`rowid`),
  KEY `idx_societe_extrafields` (`fk_object`)
) ENGINE=InnoDB DEFAULT CHARSET=utf8;


DROP TABLE IF EXISTS `llx_societe_log`;
CREATE TABLE `llx_societe_log` (
  `id` int(11) NOT NULL AUTO_INCREMENT,
  `datel` datetime DEFAULT NULL,
  `fk_soc` int(11) DEFAULT NULL,
  `fk_statut` int(11) DEFAULT NULL,
  `fk_user` int(11) DEFAULT NULL,
  `author` varchar(30) DEFAULT NULL,
  `label` varchar(128) DEFAULT NULL,
  PRIMARY KEY (`id`)
) ENGINE=InnoDB DEFAULT CHARSET=utf8;


DROP TABLE IF EXISTS `llx_societe_prices`;
CREATE TABLE `llx_societe_prices` (
  `rowid` int(11) NOT NULL AUTO_INCREMENT,
  `fk_soc` int(11) DEFAULT '0',
  `tms` timestamp NULL DEFAULT NULL,
  `datec` datetime DEFAULT NULL,
  `fk_user_author` int(11) DEFAULT NULL,
  `price_level` tinyint(4) DEFAULT '1',
  PRIMARY KEY (`rowid`)
) ENGINE=InnoDB DEFAULT CHARSET=utf8;


DROP TABLE IF EXISTS `llx_societe_remise`;
CREATE TABLE `llx_societe_remise` (
  `rowid` int(11) NOT NULL AUTO_INCREMENT,
  `fk_soc` int(11) NOT NULL,
  `tms` timestamp NULL DEFAULT NULL,
  `datec` datetime DEFAULT NULL,
  `fk_user_author` int(11) DEFAULT NULL,
  `remise_client` double(6,3) NOT NULL DEFAULT '0.000',
  `note` text,
  PRIMARY KEY (`rowid`)
) ENGINE=InnoDB DEFAULT CHARSET=utf8;


DROP TABLE IF EXISTS `llx_societe_remise_except`;
CREATE TABLE `llx_societe_remise_except` (
  `rowid` int(11) NOT NULL AUTO_INCREMENT,
  `fk_soc` int(11) NOT NULL,
  `datec` datetime DEFAULT NULL,
  `amount_ht` double(24,8) NOT NULL,
  `amount_tva` double(24,8) NOT NULL DEFAULT '0.00000000',
  `amount_ttc` double(24,8) NOT NULL DEFAULT '0.00000000',
  `tva_tx` double(6,3) NOT NULL DEFAULT '0.000',
  `fk_user` int(11) NOT NULL,
  `fk_facture_line` int(11) DEFAULT NULL,
  `fk_facture` int(11) DEFAULT NULL,
  `fk_facture_source` int(11) DEFAULT NULL,
  `description` varchar(255) NOT NULL,
  PRIMARY KEY (`rowid`),
  KEY `idx_societe_remise_except_fk_user` (`fk_user`),
  KEY `idx_societe_remise_except_fk_soc` (`fk_soc`),
  KEY `idx_societe_remise_except_fk_facture_line` (`fk_facture_line`),
  KEY `idx_societe_remise_except_fk_facture` (`fk_facture`),
  KEY `idx_societe_remise_except_fk_facture_source` (`fk_facture_source`),
  CONSTRAINT `fk_societe_remise_fk_facture` FOREIGN KEY (`fk_facture`) REFERENCES `llx_facture` (`rowid`),
  CONSTRAINT `fk_societe_remise_fk_facture_line` FOREIGN KEY (`fk_facture_line`) REFERENCES `llx_facturedet` (`rowid`),
  CONSTRAINT `fk_societe_remise_fk_facture_source` FOREIGN KEY (`fk_facture_source`) REFERENCES `llx_facture` (`rowid`),
  CONSTRAINT `fk_societe_remise_fk_soc` FOREIGN KEY (`fk_soc`) REFERENCES `llx_societe` (`rowid`),
  CONSTRAINT `fk_societe_remise_fk_user` FOREIGN KEY (`fk_user`) REFERENCES `llx_user` (`rowid`)
) ENGINE=InnoDB DEFAULT CHARSET=utf8;


DROP TABLE IF EXISTS `llx_societe_rib`;
CREATE TABLE `llx_societe_rib` (
  `rowid` int(11) NOT NULL AUTO_INCREMENT,
  `fk_soc` int(11) NOT NULL,
  `datec` datetime DEFAULT NULL,
  `tms` timestamp NULL DEFAULT NULL,
  `label` varchar(30) DEFAULT NULL,
  `bank` varchar(255) DEFAULT NULL,
  `code_banque` varchar(7) DEFAULT NULL,
  `code_guichet` varchar(6) DEFAULT NULL,
  `number` varchar(255) DEFAULT NULL,
  `cle_rib` varchar(5) DEFAULT NULL,
  `bic` varchar(20) DEFAULT NULL,
  `iban_prefix` varchar(34) DEFAULT NULL,
  `domiciliation` varchar(255) DEFAULT NULL,
  `proprio` varchar(60) DEFAULT NULL,
  `owner_address` varchar(255) DEFAULT NULL,
  `default_rib` smallint(6) NOT NULL DEFAULT '0',
  `import_key` varchar(14) DEFAULT NULL,
  PRIMARY KEY (`rowid`)
) ENGINE=InnoDB DEFAULT CHARSET=utf8;


DROP TABLE IF EXISTS `llx_socpeople`;
CREATE TABLE `llx_socpeople` (
  `rowid` int(11) NOT NULL AUTO_INCREMENT,
  `datec` datetime DEFAULT NULL,
  `tms` timestamp NULL DEFAULT NULL,
  `fk_soc` int(11) DEFAULT NULL,
  `entity` int(11) NOT NULL DEFAULT '1',
  `ref_ext` varchar(128) DEFAULT NULL,
  `civilite` varchar(6) DEFAULT NULL,
  `lastname` varchar(50) DEFAULT NULL,
  `firstname` varchar(50) DEFAULT NULL,
  `address` varchar(255) DEFAULT NULL,
  `zip` varchar(25) DEFAULT NULL,
  `town` varchar(255) DEFAULT NULL,
  `fk_departement` int(11) DEFAULT NULL,
  `fk_pays` int(11) DEFAULT '0',
  `birthday` date DEFAULT NULL,
  `poste` varchar(80) DEFAULT NULL,
  `phone` varchar(30) DEFAULT NULL,
  `phone_perso` varchar(30) DEFAULT NULL,
  `phone_mobile` varchar(30) DEFAULT NULL,
  `fax` varchar(30) DEFAULT NULL,
  `email` varchar(255) DEFAULT NULL,
  `jabberid` varchar(255) DEFAULT NULL,
  `skype` varchar(255) DEFAULT NULL,
  `no_email` smallint(6) NOT NULL DEFAULT '0',
  `priv` smallint(6) NOT NULL DEFAULT '0',
  `fk_user_creat` int(11) DEFAULT '0',
  `fk_user_modif` int(11) DEFAULT NULL,
  `note_private` text,
  `note_public` text,
  `default_lang` varchar(6) DEFAULT NULL,
  `canvas` varchar(32) DEFAULT NULL,
  `import_key` varchar(14) DEFAULT NULL,
  `statut` tinyint(4) NOT NULL DEFAULT '1',
  PRIMARY KEY (`rowid`),
  KEY `idx_socpeople_fk_soc` (`fk_soc`),
  KEY `idx_socpeople_fk_user_creat` (`fk_user_creat`),
  CONSTRAINT `fk_socpeople_fk_soc` FOREIGN KEY (`fk_soc`) REFERENCES `llx_societe` (`rowid`),
  CONSTRAINT `fk_socpeople_user_creat_user_rowid` FOREIGN KEY (`fk_user_creat`) REFERENCES `llx_user` (`rowid`)
) ENGINE=InnoDB DEFAULT CHARSET=utf8;


DROP TABLE IF EXISTS `llx_socpeople_extrafields`;
CREATE TABLE `llx_socpeople_extrafields` (
  `rowid` int(11) NOT NULL AUTO_INCREMENT,
  `tms` timestamp NULL DEFAULT NULL,
  `fk_object` int(11) NOT NULL,
  `import_key` varchar(14) DEFAULT NULL,
  PRIMARY KEY (`rowid`),
  KEY `idx_socpeople_extrafields` (`fk_object`)
) ENGINE=InnoDB DEFAULT CHARSET=utf8;


DROP TABLE IF EXISTS `llx_stock_mouvement`;
CREATE TABLE `llx_stock_mouvement` (
  `rowid` int(11) NOT NULL AUTO_INCREMENT,
  `tms` timestamp NULL DEFAULT NULL,
  `datem` datetime DEFAULT NULL,
  `fk_product` int(11) NOT NULL,
  `fk_entrepot` int(11) NOT NULL,
  `value` double DEFAULT NULL,
  `price` float(13,4) DEFAULT '0.0000',
  `type_mouvement` smallint(6) DEFAULT NULL,
  `fk_user_author` int(11) DEFAULT NULL,
  `label` varchar(128) DEFAULT NULL,
  PRIMARY KEY (`rowid`),
  KEY `idx_stock_mouvement_fk_product` (`fk_product`),
  KEY `idx_stock_mouvement_fk_entrepot` (`fk_entrepot`)
) ENGINE=InnoDB DEFAULT CHARSET=utf8;


DROP TABLE IF EXISTS `llx_texts`;
CREATE TABLE `llx_texts` (
  `rowid` int(11) NOT NULL AUTO_INCREMENT,
  `module` varchar(32) DEFAULT NULL,
  `typemodele` varchar(32) DEFAULT NULL,
  `sortorder` smallint(6) DEFAULT NULL,
  `private` smallint(6) NOT NULL DEFAULT '0',
  `fk_user` int(11) DEFAULT NULL,
  `title` varchar(128) DEFAULT NULL,
  `filename` varchar(128) DEFAULT NULL,
  `content` text,
  `tms` timestamp NULL DEFAULT NULL,
  PRIMARY KEY (`rowid`)
) ENGINE=InnoDB DEFAULT CHARSET=utf8;


DROP TABLE IF EXISTS `llx_tva`;
CREATE TABLE `llx_tva` (
  `rowid` int(11) NOT NULL AUTO_INCREMENT,
  `tms` timestamp NULL DEFAULT NULL,
  `datep` date DEFAULT NULL,
  `datev` date DEFAULT NULL,
  `amount` double NOT NULL DEFAULT '0',
  `label` varchar(255) DEFAULT NULL,
  `entity` int(11) NOT NULL DEFAULT '1',
  `note` text,
  `fk_bank` int(11) DEFAULT NULL,
  `fk_user_creat` int(11) DEFAULT NULL,
  `fk_user_modif` int(11) DEFAULT NULL,
  PRIMARY KEY (`rowid`)
) ENGINE=InnoDB DEFAULT CHARSET=utf8;


DROP TABLE IF EXISTS `llx_user`;
CREATE TABLE `llx_user` (
  `rowid` int(11) NOT NULL AUTO_INCREMENT,
  `entity` int(11) NOT NULL DEFAULT '1',
  `ref_ext` varchar(50) DEFAULT NULL,
  `ref_int` varchar(50) DEFAULT NULL,
  `datec` datetime DEFAULT NULL,
  `tms` timestamp NULL DEFAULT NULL,
  `login` varchar(24) NOT NULL,
  `pass` varchar(32) DEFAULT NULL,
  `pass_crypted` varchar(128) DEFAULT NULL,
  `pass_temp` varchar(32) DEFAULT NULL,
  `civilite` varchar(6) DEFAULT NULL,
  `lastname` varchar(50) DEFAULT NULL,
  `firstname` varchar(50) DEFAULT NULL,
  `address` varchar(255) DEFAULT NULL,
  `zip` varchar(25) DEFAULT NULL,
  `town` varchar(50) DEFAULT NULL,
  `fk_state` int(11) DEFAULT '0',
  `fk_country` int(11) DEFAULT '0',
  `job` varchar(128) DEFAULT NULL,
  `skype` varchar(255) DEFAULT NULL,
  `office_phone` varchar(20) DEFAULT NULL,
  `office_fax` varchar(20) DEFAULT NULL,
  `user_mobile` varchar(20) DEFAULT NULL,
  `email` varchar(255) DEFAULT NULL,
  `signature` text,
  `admin` smallint(6) DEFAULT '0',
  `module_comm` smallint(6) DEFAULT '1',
  `module_compta` smallint(6) DEFAULT '1',
  `fk_societe` int(11) DEFAULT NULL,
  `fk_socpeople` int(11) DEFAULT NULL,
  `fk_member` int(11) DEFAULT NULL,
  `fk_user` int(11) DEFAULT NULL,
  `note` text,
  `datelastlogin` datetime DEFAULT NULL,
  `datepreviouslogin` datetime DEFAULT NULL,
  `egroupware_id` int(11) DEFAULT NULL,
  `ldap_sid` varchar(255) DEFAULT NULL,
  `openid` varchar(255) DEFAULT NULL,
  `statut` tinyint(4) DEFAULT '1',
  `photo` varchar(255) DEFAULT NULL,
  `lang` varchar(6) DEFAULT NULL,
  `color` varchar(6) DEFAULT NULL,
  `accountancy_code` varchar(24) DEFAULT NULL,
  PRIMARY KEY (`rowid`),
  UNIQUE KEY `uk_user_login` (`login`,`entity`),
  UNIQUE KEY `uk_user_fk_socpeople` (`fk_socpeople`),
  UNIQUE KEY `uk_user_fk_member` (`fk_member`),
  KEY `uk_user_fk_societe` (`fk_societe`)
) ENGINE=InnoDB DEFAULT CHARSET=utf8;

INSERT INTO `llx_user` (`rowid`, `entity`, `ref_ext`, `ref_int`, `datec`, `tms`, `login`, `pass`, `pass_crypted`, `pass_temp`, `civilite`, `lastname`, `firstname`, `address`, `zip`, `town`, `fk_state`, `fk_country`, `job`, `skype`, `office_phone`, `office_fax`, `user_mobile`, `email`, `signature`, `admin`, `module_comm`, `module_compta`, `fk_societe`, `fk_socpeople`, `fk_member`, `fk_user`, `note`, `datelastlogin`, `datepreviouslogin`, `egroupware_id`, `ldap_sid`, `openid`, `statut`, `photo`, `lang`, `color`, `accountancy_code`) VALUES
(1,	0,	NULL,	NULL,	'2014-10-12 15:59:40',	NULL,	'admin',	'admin',	'21232f297a57a5a743894a0e4a801fc3',	NULL,	NULL,	'SuperAdmin',	'',	'',	'',	'',	NULL,	NULL,	'',	'',	'',	'',	'',	'',	'',	1,	1,	1,	NULL,	NULL,	NULL,	NULL,	'',	'2015-09-16 07:44:44',	NULL,	NULL,	'',	NULL,	1,	NULL,	NULL,	NULL,	'');

DROP TABLE IF EXISTS `llx_usergroup`;
CREATE TABLE `llx_usergroup` (
  `rowid` int(11) NOT NULL AUTO_INCREMENT,
  `nom` varchar(255) NOT NULL,
  `entity` int(11) NOT NULL DEFAULT '1',
  `datec` datetime DEFAULT NULL,
  `tms` timestamp NULL DEFAULT NULL,
  `note` text,
  PRIMARY KEY (`rowid`),
  UNIQUE KEY `uk_usergroup_name` (`nom`,`entity`)
) ENGINE=InnoDB DEFAULT CHARSET=utf8;


DROP TABLE IF EXISTS `llx_usergroup_rights`;
CREATE TABLE `llx_usergroup_rights` (
  `rowid` int(11) NOT NULL AUTO_INCREMENT,
  `fk_usergroup` int(11) NOT NULL,
  `fk_id` int(11) NOT NULL,
  PRIMARY KEY (`rowid`),
  UNIQUE KEY `fk_usergroup` (`fk_usergroup`,`fk_id`),
  CONSTRAINT `fk_usergroup_rights_fk_usergroup` FOREIGN KEY (`fk_usergroup`) REFERENCES `llx_usergroup` (`rowid`)
) ENGINE=InnoDB DEFAULT CHARSET=utf8;


DROP TABLE IF EXISTS `llx_usergroup_user`;
CREATE TABLE `llx_usergroup_user` (
  `rowid` int(11) NOT NULL AUTO_INCREMENT,
  `entity` int(11) NOT NULL DEFAULT '1',
  `fk_user` int(11) NOT NULL,
  `fk_usergroup` int(11) NOT NULL,
  PRIMARY KEY (`rowid`),
  UNIQUE KEY `uk_usergroup_user` (`entity`,`fk_user`,`fk_usergroup`),
  KEY `fk_usergroup_user_fk_user` (`fk_user`),
  KEY `fk_usergroup_user_fk_usergroup` (`fk_usergroup`),
  CONSTRAINT `fk_usergroup_user_fk_user` FOREIGN KEY (`fk_user`) REFERENCES `llx_user` (`rowid`),
  CONSTRAINT `fk_usergroup_user_fk_usergroup` FOREIGN KEY (`fk_usergroup`) REFERENCES `llx_usergroup` (`rowid`)
) ENGINE=InnoDB DEFAULT CHARSET=utf8;


DROP TABLE IF EXISTS `llx_user_alert`;
CREATE TABLE `llx_user_alert` (
  `rowid` int(11) NOT NULL AUTO_INCREMENT,
  `type` int(11) DEFAULT NULL,
  `fk_contact` int(11) DEFAULT NULL,
  `fk_user` int(11) DEFAULT NULL,
  PRIMARY KEY (`rowid`)
) ENGINE=InnoDB DEFAULT CHARSET=utf8;


DROP TABLE IF EXISTS `llx_user_clicktodial`;
CREATE TABLE `llx_user_clicktodial` (
  `fk_user` int(11) NOT NULL,
  `url` varchar(255) DEFAULT NULL,
  `login` varchar(32) DEFAULT NULL,
  `pass` varchar(64) DEFAULT NULL,
  `poste` varchar(20) DEFAULT NULL,
  PRIMARY KEY (`fk_user`)
) ENGINE=InnoDB DEFAULT CHARSET=utf8;


DROP TABLE IF EXISTS `llx_user_extrafields`;
CREATE TABLE `llx_user_extrafields` (
  `rowid` int(11) NOT NULL AUTO_INCREMENT,
  `tms` timestamp NULL DEFAULT NULL,
  `fk_object` int(11) NOT NULL,
  `import_key` varchar(14) DEFAULT NULL,
  PRIMARY KEY (`rowid`),
  KEY `idx_user_extrafields` (`fk_object`)
) ENGINE=InnoDB DEFAULT CHARSET=utf8;


DROP TABLE IF EXISTS `llx_user_param`;
CREATE TABLE `llx_user_param` (
  `fk_user` int(11) NOT NULL,
  `entity` int(11) NOT NULL DEFAULT '1',
  `param` varchar(64) NOT NULL,
  `value` varchar(255) NOT NULL,
  UNIQUE KEY `uk_user_param` (`fk_user`,`param`,`entity`)
) ENGINE=InnoDB DEFAULT CHARSET=utf8;


DROP TABLE IF EXISTS `llx_user_rights`;
CREATE TABLE `llx_user_rights` (
  `rowid` int(11) NOT NULL AUTO_INCREMENT,
  `fk_user` int(11) NOT NULL,
  `fk_id` int(11) NOT NULL,
  PRIMARY KEY (`rowid`),
  UNIQUE KEY `uk_user_rights` (`fk_user`,`fk_id`),
  CONSTRAINT `fk_user_rights_fk_user_user` FOREIGN KEY (`fk_user`) REFERENCES `llx_user` (`rowid`)
) ENGINE=InnoDB DEFAULT CHARSET=utf8;

INSERT INTO `llx_user_rights` (`rowid`, `fk_user`, `fk_id`) VALUES
(261,	1,	11),
(254,	1,	12),
(255,	1,	13),
(257,	1,	14),
(258,	1,	15),
(260,	1,	16),
(262,	1,	19),
(139,	1,	31),
(136,	1,	32),
(138,	1,	34),
(140,	1,	38),
(48,	1,	95),
(49,	1,	96),
(51,	1,	97),
(52,	1,	98),
(91,	1,	111),
(82,	1,	112),
(84,	1,	113),
(86,	1,	114),
(88,	1,	115),
(90,	1,	116),
(92,	1,	117),
(235,	1,	121),
(232,	1,	122),
(234,	1,	125),
(236,	1,	126),
(310,	1,	251),
(291,	1,	252),
(293,	1,	253),
(294,	1,	254),
(296,	1,	255),
(298,	1,	256),
(237,	1,	262),
(243,	1,	281),
(240,	1,	282),
(242,	1,	283),
(244,	1,	286),
(299,	1,	341),
(300,	1,	342),
(301,	1,	343),
(302,	1,	344),
(308,	1,	351),
(305,	1,	352),
(307,	1,	353),
(309,	1,	354),
(311,	1,	358),
(250,	1,	531),
(247,	1,	532),
(249,	1,	534),
(251,	1,	538),
(264,	1,	1181),
(288,	1,	1182),
(267,	1,	1183),
(269,	1,	1184),
(271,	1,	1185),
(273,	1,	1186),
(275,	1,	1187),
(277,	1,	1188),
(286,	1,	1231),
(280,	1,	1232),
(282,	1,	1233),
(284,	1,	1234),
(285,	1,	1235),
(287,	1,	1236),
(289,	1,	1237),
(263,	1,	1321),
(5,	1,	529680);

-- 2015-09-16 07:45:03
